"STATION","NAME","LATITUDE","LONGITUDE","ELEVATION","DATE","PRCP","PRCP_ATTRIBUTES","TAVG","TAVG_ATTRIBUTES","TMAX","TMAX_ATTRIBUTES","TMIN","TMIN_ATTRIBUTES"
"IN005150100","RAJKOT, IN","22.3","70.783","138.0","2005-01-01","0.00","D,,S","67","H,,S","80",",,S","52",",,S"
"IN005150100","RAJKOT, IN","22.3","70.783","138.0","2005-01-02","0.00","D,,S","61","H,,S","78",",,S","51",",,S"
"IN005150100","RAJKOT, IN","22.3","70.783","138.0","2005-01-03","0.00","D,,S","64","H,,S","78",",,S","47",",,S"
"IN005150100","RAJKOT, IN","22.3","70.783","138.0","2005-01-04","0.00","D,,S","64","H,,S","83",",,S","49",",,S"
"IN005150100","RAJKOT, IN","22.3","70.783","138.0","2005-01-05","0.00","D,,S","66","H,,S","82",",,S","50",",,S"
"IN005150100","RAJKOT, IN","22.3","70.783","138.0","2005-01-06","0.00","D,,S","66","H,,S","82",",,S","49",",,S"
"IN005150100","RAJKOT, IN","22.3","70.783","138.0","2005-01-07","0.00","D,,S","62","H,,S",,,"53",",,S"
"IN005150100","RAJKOT, IN","22.3","70.783","138.0","2005-01-08","0.00","D,,S","69","H,,S","84",",,S","50",",,S"
"IN005150100","RAJKOT, IN","22.3","70.783","138.0","2005-01-09","0.00","D,,S","69","H,,S","85",",,S","52",",,S"
"IN005150100","RAJKOT, IN","22.3","70.783","138.0","2005-01-10","0.00","D,,S","69","H,,S","81",",,S","58",",,S"
"IN005150100","RAJKOT, IN","22.3","70.783","138.0","2005-01-11","0.00","D,,S","70","H,,S","83",",,S","54",",,S"
"IN005150100","RAJKOT, IN","22.3","70.783","138.0","2005-01-12","0.00","D,,S","69","H,,S","81",",,S","54",",,S"
"IN005150100","RAJKOT, IN","22.3","70.783","138.0","2005-01-13","0.00","D,,S","69","H,,S","83",",,S",,
"IN005150100","RAJKOT, IN","22.3","70.783","138.0","2005-01-14","0.00","D,,S","67","H,,S","83",",,S","52",",,S"
"IN005150100","RAJKOT, IN","22.3","70.783","138.0","2005-01-15","0.00","D,,S","69","H,,S","84",",,S","55",",,S"
"IN005150100","RAJKOT, IN","22.3","70.783","138.0","2005-01-16","0.00","D,,S","66","H,,S","80",",,S",,
"IN005150100","RAJKOT, IN","22.3","70.783","138.0","2005-01-17","0.00","D,,S","65","H,,S","79",",,S","51",",,S"
"IN005150100","RAJKOT, IN","22.3","70.783","138.0","2005-01-18","0.00","D,,S","65","H,,S","78",",,S","50",",,S"
"IN005150100","RAJKOT, IN","22.3","70.783","138.0","2005-01-19","0.00","D,,S","69","H,,S","82",",,S","49",",,S"
"IN005150100","RAJKOT, IN","22.3","70.783","138.0","2005-01-20","0.00","D,,S","69","H,,S","81",",,S","53",",,S"
"IN005150100","RAJKOT, IN","22.3","70.783","138.0","2005-01-21","0.00","D,,S","67","H,,S","80",",,S","54",",,S"
"IN005150100","RAJKOT, IN","22.3","70.783","138.0","2005-01-22","0.00","D,,S","68","H,,S","82",",,S","50",",,S"
"IN005150100","RAJKOT, IN","22.3","70.783","138.0","2005-01-23","0.00","D,,S","67","H,,S","80",",,S","55",",,S"
"IN005150100","RAJKOT, IN","22.3","70.783","138.0","2005-01-24","0.00","D,,S","69","H,,S","83",",,S","54",",,S"
"IN005150100","RAJKOT, IN","22.3","70.783","138.0","2005-01-25","0.00","D,,S","68","H,,S","81",",,S","58",",,S"
"IN005150100","RAJKOT, IN","22.3","70.783","138.0","2005-01-26","0.00","D,,S","68","H,,S","81",",,S","55",",,S"
"IN005150100","RAJKOT, IN","22.3","70.783","138.0","2005-01-27",,,"69","H,,S","80",",,S","57",",,S"
"IN005150100","RAJKOT, IN","22.3","70.783","138.0","2005-01-28","0.00","D,,S","61","H,,S","77",",,S","50",",,S"
"IN005150100","RAJKOT, IN","22.3","70.783","138.0","2005-01-29","0.00","D,,S","63","H,,S","77",",,S","47",",,S"
"IN005150100","RAJKOT, IN","22.3","70.783","138.0","2005-01-30","0.00","D,,S","63","H,,S","77",",,S","49",",,S"
"IN005150100","RAJKOT, IN","22.3","70.783","138.0","2005-01-31","0.00","D,,S","66","H,,S","79",",,S","51",",,S"
"IN005150100","RAJKOT, IN","22.3","70.783","138.0","2005-02-01","0.00","D,,S","66","H,,S","79",",,S","52",",,S"
"IN005150100","RAJKOT, IN","22.3","70.783","138.0","2005-02-02","0.00","D,,S","68","H,,S","82",",,S","53",",,S"
"IN005150100","RAJKOT, IN","22.3","70.783","138.0","2005-02-03","0.00","D,,S","69","H,,S","85",",,S","51",",,S"
"IN005150100","RAJKOT, IN","22.3","70.783","138.0","2005-02-04","0.00","D,,S","66","H,,S",,,"54",",,S"
"IN005150100","RAJKOT, IN","22.3","70.783","138.0","2005-02-05","0.00","D,,S","74","H,,S","86",",,S","56",",,S"
"IN005150100","RAJKOT, IN","22.3","70.783","138.0","2005-02-06","0.00","D,,S","71","H,,S","86",",,S","62",",,S"
"IN005150100","RAJKOT, IN","22.3","70.783","138.0","2005-02-07","0.00","D,,S","72","H,,S","86",",,S","63",",,S"
"IN005150100","RAJKOT, IN","22.3","70.783","138.0","2005-02-08","0.00","D,,S","74","H,,S","88",",,S","61",",,S"
"IN005150100","RAJKOT, IN","22.3","70.783","138.0","2005-02-09","0.00","D,,S","80","H,,S","93",",,S","60",",,S"
"IN005150100","RAJKOT, IN","22.3","70.783","138.0","2005-02-10","0.00","D,,S","78","H,,S","95",",,S","63",",,S"
"IN005150100","RAJKOT, IN","22.3","70.783","138.0","2005-02-11","0.00","D,,S","74","H,,S","89",",,S","62",",,S"
"IN005150100","RAJKOT, IN","22.3","70.783","138.0","2005-02-12","0.00","D,,S","76","H,,S","90",",,S","62",",,S"
"IN005150100","RAJKOT, IN","22.3","70.783","138.0","2005-02-13","0.00","D,,S","78","H,,S","92",",,S","54",",,S"
"IN005150100","RAJKOT, IN","22.3","70.783","138.0","2005-02-14","0.00","D,,S","76","H,,S","92",",,S","62",",,S"
"IN005150100","RAJKOT, IN","22.3","70.783","138.0","2005-02-15","0.00","D,,S","75","H,,S","89",",,S","63",",,S"
"IN005150100","RAJKOT, IN","22.3","70.783","138.0","2005-02-16","0.00","D,,S","72","H,,S","85",",,S","64",",,S"
"IN005150100","RAJKOT, IN","22.3","70.783","138.0","2005-02-17","0.00","D,,S","69","H,,S","82",",,S",,
"IN005150100","RAJKOT, IN","22.3","70.783","138.0","2005-02-18","0.00","D,,S","63","H,,S","76",",,S",,
"IN005150100","RAJKOT, IN","22.3","70.783","138.0","2005-02-19",,,"61","H,,S","72",",,S","45",",,S"
"IN005150100","RAJKOT, IN","22.3","70.783","138.0","2005-02-20",,,"62","H,,S","74",",,S","43",",,S"
"IN005150100","RAJKOT, IN","22.3","70.783","138.0","2005-02-21","0.00","D,,S","62","H,,S","78",",,S","42",",,S"
"IN005150100","RAJKOT, IN","22.3","70.783","138.0","2005-02-22","0.00","D,,S","66","H,,S","80",",,S","47",",,S"
"IN005150100","RAJKOT, IN","22.3","70.783","138.0","2005-02-23","0.00","D,,S","71","H,,S","86",",,S","52",",,S"
"IN005150100","RAJKOT, IN","22.3","70.783","138.0","2005-02-24","0.00","D,,S","73","H,,S","90",",,S","54",",,S"
"IN005150100","RAJKOT, IN","22.3","70.783","138.0","2005-02-25","0.00","D,,S","77","H,,S","92",",,S","58",",,S"
"IN005150100","RAJKOT, IN","22.3","70.783","138.0","2005-02-26","0.00","D,,S","82","H,,S","96",",,S","64",",,S"
"IN005150100","RAJKOT, IN","22.3","70.783","138.0","2005-02-27","0.00","D,,S","84","H,,S","99",",,S","65",",,S"
"IN005150100","RAJKOT, IN","22.3","70.783","138.0","2005-02-28","0.00","D,,S","83","H,,S","98",",,S","69",",,S"
"IN005150100","RAJKOT, IN","22.3","70.783","138.0","2005-03-01","0.00","D,,S","82","H,,S","98",",,S","67",",,S"
"IN005150100","RAJKOT, IN","22.3","70.783","138.0","2005-03-02","0.00","D,,S","79","H,,S",,,,
"IN005150100","RAJKOT, IN","22.3","70.783","138.0","2005-03-03","0.00","D,,S","78","H,,S","88",",,S","69",",,S"
"IN005150100","RAJKOT, IN","22.3","70.783","138.0","2005-03-04","0.00","D,,S","76","H,,S","90",",,S","66",",,S"
"IN005150100","RAJKOT, IN","22.3","70.783","138.0","2005-03-05","0.00","D,,S","75","H,,S","89",",,S","60",",,S"
"IN005150100","RAJKOT, IN","22.3","70.783","138.0","2005-03-06","0.00","D,,S","77","H,,S","92",",,S","63",",,S"
"IN005150100","RAJKOT, IN","22.3","70.783","138.0","2005-03-07","0.00","D,,S","76","H,,S","85",",,S","67",",,S"
"IN005150100","RAJKOT, IN","22.3","70.783","138.0","2005-03-08","0.00","D,,S","76","H,,S","92",",,S","64",",,S"
"IN005150100","RAJKOT, IN","22.3","70.783","138.0","2005-03-09","0.00","D,,S","77","H,,S","90",",,S","65",",,S"
"IN005150100","RAJKOT, IN","22.3","70.783","138.0","2005-03-10","0.00","D,,S","77","H,,S","90",",,S","65",",,S"
"IN005150100","RAJKOT, IN","22.3","70.783","138.0","2005-03-11","0.00","D,,S","78","H,,S","92",",,S","65",",,S"
"IN005150100","RAJKOT, IN","22.3","70.783","138.0","2005-03-12","0.00","D,,S","79","H,,S","94",",,S","63",",,S"
"IN005150100","RAJKOT, IN","22.3","70.783","138.0","2005-03-13","0.00","D,,S","83","H,,S","97",",,S","63",",,S"
"IN005150100","RAJKOT, IN","22.3","70.783","138.0","2005-03-14","0.00","D,,S","84","H,,S","100",",,S","66",",,S"
"IN005150100","RAJKOT, IN","22.3","70.783","138.0","2005-03-15","0.00","D,,S","83","H,,S","100",",,S","66",",,S"
"IN005150100","RAJKOT, IN","22.3","70.783","138.0","2005-03-16","0.00","D,,S","82","H,,S","99",",,S","65",",,S"
"IN005150100","RAJKOT, IN","22.3","70.783","138.0","2005-03-17","0.00","D,,S","81","H,,S","99",",,S","65",",,S"
"IN005150100","RAJKOT, IN","22.3","70.783","138.0","2005-03-18","0.00","D,,S","82","H,,S","98",",,S","66",",,S"
"IN005150100","RAJKOT, IN","22.3","70.783","138.0","2005-03-19","0.00","D,,S","84","H,,S","99",",,S","69",",,S"
"IN005150100","RAJKOT, IN","22.3","70.783","138.0","2005-03-20","0.00","D,,S","84","H,,S","101",",,S","70",",,S"
"IN005150100","RAJKOT, IN","22.3","70.783","138.0","2005-03-21","0.00","D,,S","82","H,,S","96",",,S","66",",,S"
"IN005150100","RAJKOT, IN","22.3","70.783","138.0","2005-03-22","0.00","D,,S","80","H,,S","92",",,S","69",",,S"
"IN005150100","RAJKOT, IN","22.3","70.783","138.0","2005-03-23","0.00","D,,S","80","H,,S","95",",,S","66",",,S"
"IN005150100","RAJKOT, IN","22.3","70.783","138.0","2005-03-24","0.00","D,,S","82","H,,S","96",",,S","70",",,S"
"IN005150100","RAJKOT, IN","22.3","70.783","138.0","2005-03-25","0.00","D,,S","83","H,,S","100",",,S",,
"IN005150100","RAJKOT, IN","22.3","70.783","138.0","2005-03-26","0.00","D,,S","85","H,,S","103",",,S","73",",,S"
"IN005150100","RAJKOT, IN","22.3","70.783","138.0","2005-03-27","0.00","D,,S","84","H,,S","100",",,S","72",",,S"
"IN005150100","RAJKOT, IN","22.3","70.783","138.0","2005-03-28","0.00","D,,S","85","H,,S","101",",,S","70",",,S"
"IN005150100","RAJKOT, IN","22.3","70.783","138.0","2005-03-29","0.00","D,,S","84","H,,S","99",",,S","70",",,S"
"IN005150100","RAJKOT, IN","22.3","70.783","138.0","2005-03-30","0.00","D,,S","84","H,,S","100",",,S","69",",,S"
"IN005150100","RAJKOT, IN","22.3","70.783","138.0","2005-03-31","0.00","D,,S","83","H,,S","99",",,S","63",",,S"
"IN005150100","RAJKOT, IN","22.3","70.783","138.0","2005-04-01","0.00","D,,S","84","H,,S","101",",,S","62",",,S"
"IN005150100","RAJKOT, IN","22.3","70.783","138.0","2005-04-02","0.00","D,,S","86","H,,S","104",",,S","65",",,S"
"IN005150100","RAJKOT, IN","22.3","70.783","138.0","2005-04-03","0.00","D,,S","89","H,,S","105",",,S","65",",,S"
"IN005150100","RAJKOT, IN","22.3","70.783","138.0","2005-04-04","0.00","D,,S","90","H,,S","106",",,S","67",",,S"
"IN005150100","RAJKOT, IN","22.3","70.783","138.0","2005-04-05","0.00","D,,S","91","H,,S","108",",,S","69",",,S"
"IN005150100","RAJKOT, IN","22.3","70.783","138.0","2005-04-06","0.00","D,,S","91","H,,S","108",",,S","71",",,S"
"IN005150100","RAJKOT, IN","22.3","70.783","138.0","2005-04-07","0.00","D,,S","87","H,,S","102",",,S","74",",,S"
"IN005150100","RAJKOT, IN","22.3","70.783","138.0","2005-04-08","0.00","D,,S","82","H,,S","97",",,S","71",",,S"
"IN005150100","RAJKOT, IN","22.3","70.783","138.0","2005-04-09","0.00","D,,S","81","H,,S","96",",,S","66",",,S"
"IN005150100","RAJKOT, IN","22.3","70.783","138.0","2005-04-10","0.00","D,,S","79","H,,S","95",",,S","64",",,S"
"IN005150100","RAJKOT, IN","22.3","70.783","138.0","2005-04-11","0.00","D,,S","82","H,,S","99",",,S","59",",,S"
"IN005150100","RAJKOT, IN","22.3","70.783","138.0","2005-04-12","0.00","D,,S","86","H,,S","103",",,S","62",",,S"
"IN005150100","RAJKOT, IN","22.3","70.783","138.0","2005-04-13","0.00","D,,S","88","H,,S","106",",,S","67",",,S"
"IN005150100","RAJKOT, IN","22.3","70.783","138.0","2005-04-14","0.00","D,,S","88","H,,S","105",",,S","71",",,S"
"IN005150100","RAJKOT, IN","22.3","70.783","138.0","2005-04-15","0.00","D,,S","88","H,,S","103",",,S","72",",,S"
"IN005150100","RAJKOT, IN","22.3","70.783","138.0","2005-04-16","0.00","D,,S","89","H,,S","103",",,S","72",",,S"
"IN005150100","RAJKOT, IN","22.3","70.783","138.0","2005-04-17","0.00","D,,S","89","H,,S","106",",,S","72",",,S"
"IN005150100","RAJKOT, IN","22.3","70.783","138.0","2005-04-18","0.00","D,,S","89","H,,S","106",",,S","74",",,S"
"IN005150100","RAJKOT, IN","22.3","70.783","138.0","2005-04-19","0.00","D,,S","89","H,,S","105",",,S","71",",,S"
"IN005150100","RAJKOT, IN","22.3","70.783","138.0","2005-04-20","0.00","D,,S","90","H,,S","106",",,S","73",",,S"
"IN005150100","RAJKOT, IN","22.3","70.783","138.0","2005-04-21","0.00","D,,S","90","H,,S","105",",,S","75",",,S"
"IN005150100","RAJKOT, IN","22.3","70.783","138.0","2005-04-22","0.00","D,,S","89","H,,S","104",",,S","76",",,S"
"IN005150100","RAJKOT, IN","22.3","70.783","138.0","2005-04-23","0.00","D,,S","89","H,,S","104",",,S","75",",,S"
"IN005150100","RAJKOT, IN","22.3","70.783","138.0","2005-04-24","0.00","D,,S","88","H,,S","103",",,S","76",",,S"
"IN005150100","RAJKOT, IN","22.3","70.783","138.0","2005-04-25","0.00","D,,S","88","H,,S","105",",,S","74",",,S"
"IN005150100","RAJKOT, IN","22.3","70.783","138.0","2005-04-26","0.00","D,,S","88","H,,S","105",",,S","75",",,S"
"IN005150100","RAJKOT, IN","22.3","70.783","138.0","2005-04-27","0.00","D,,S","90","H,,S","108",",,S","75",",,S"
"IN005150100","RAJKOT, IN","22.3","70.783","138.0","2005-04-28","0.00","D,,S","90","H,,S","107",",,S","75",",,S"
"IN005150100","RAJKOT, IN","22.3","70.783","138.0","2005-04-29","0.00","D,,S","89","H,,S","105",",,S","75",",,S"
"IN005150100","RAJKOT, IN","22.3","70.783","138.0","2005-04-30","0.00","D,,S","89","H,,S","105",",,S","77",",,S"
"IN005150100","RAJKOT, IN","22.3","70.783","138.0","2005-05-01","0.00","D,,S","89","H,,S","105",",,S","77",",,S"
"IN005150100","RAJKOT, IN","22.3","70.783","138.0","2005-05-02","0.00","D,,S","89","H,,S","103",",,S","77",",,S"
"IN005150100","RAJKOT, IN","22.3","70.783","138.0","2005-05-03",,,"86","H,,S","103",",,S","77",",,S"
"IN005150100","RAJKOT, IN","22.3","70.783","138.0","2005-05-04","0.00","D,,S","85","H,,S","98",",,S","75",",,S"
"IN005150100","RAJKOT, IN","22.3","70.783","138.0","2005-05-05","0.00","D,,S","87","H,,S","100",",,S","75",",,S"
"IN005150100","RAJKOT, IN","22.3","70.783","138.0","2005-05-06","0.00","D,,S","88","H,,S","103",",,S","76",",,S"
"IN005150100","RAJKOT, IN","22.3","70.783","138.0","2005-05-07","0.00","D,,S","88","H,,S","104",",,S","78",",,S"
"IN005150100","RAJKOT, IN","22.3","70.783","138.0","2005-05-08","0.00","D,,S","89","H,,S","103",",,S","78",",,S"
"IN005150100","RAJKOT, IN","22.3","70.783","138.0","2005-05-09","0.00","D,,S","88","H,,S","104",",,S",,
"IN005150100","RAJKOT, IN","22.3","70.783","138.0","2005-05-10","0.00","D,,S","88","H,,S","103",",,S","75",",,S"
"IN005150100","RAJKOT, IN","22.3","70.783","138.0","2005-05-11","0.00","D,,S","88","H,,S","104",",,S","73",",,S"
"IN005150100","RAJKOT, IN","22.3","70.783","138.0","2005-05-12","0.00","D,,S","88","H,,S","105",",,S","72",",,S"
"IN005150100","RAJKOT, IN","22.3","70.783","138.0","2005-05-13","0.00","D,,S","89","H,,S","105",",,S","74",",,S"
"IN005150100","RAJKOT, IN","22.3","70.783","138.0","2005-05-14","0.00","D,,S","91","H,,S","109",",,S","75",",,S"
"IN005150100","RAJKOT, IN","22.3","70.783","138.0","2005-05-15","0.00","D,,S","90","H,,S","110",",,S","76",",,S"
"IN005150100","RAJKOT, IN","22.3","70.783","138.0","2005-05-16","0.00","D,,S","90","H,,S","108",",,S","76",",,S"
"IN005150100","RAJKOT, IN","22.3","70.783","138.0","2005-05-17","0.00","D,,S","89","H,,S","103",",,S","77",",,S"
"IN005150100","RAJKOT, IN","22.3","70.783","138.0","2005-05-18","0.00","D,,S","89","H,,S","106",",,S","78",",,S"
"IN005150100","RAJKOT, IN","22.3","70.783","138.0","2005-05-19","0.00","D,,S","93","H,,S","109",",,S","78",",,S"
"IN005150100","RAJKOT, IN","22.3","70.783","138.0","2005-05-20","0.00","D,,S","93","H,,S","111",",,S","78",",,S"
"IN005150100","RAJKOT, IN","22.3","70.783","138.0","2005-05-21","0.00","D,,S","92","H,,S","108",",,S","78",",,S"
"IN005150100","RAJKOT, IN","22.3","70.783","138.0","2005-05-22","0.00","D,,S","91","H,,S","107",",,S","76",",,S"
"IN005150100","RAJKOT, IN","22.3","70.783","138.0","2005-05-23","0.00","D,,S","91","H,,S","106",",,S","80",",,S"
"IN005150100","RAJKOT, IN","22.3","70.783","138.0","2005-05-24","0.00","D,,S","92","H,,S","108",",,S","77",",,S"
"IN005150100","RAJKOT, IN","22.3","70.783","138.0","2005-05-25","0.00","D,,S","92","H,,S","105",",,S","78",",,S"
"IN005150100","RAJKOT, IN","22.3","70.783","138.0","2005-05-26","0.00","D,,S","90","H,,S","106",",,S","78",",,S"
"IN005150100","RAJKOT, IN","22.3","70.783","138.0","2005-05-27","0.00","D,,S","90","H,,S","105",",,S","77",",,S"
"IN005150100","RAJKOT, IN","22.3","70.783","138.0","2005-05-28","0.00","D,,S","89","H,,S","105",",,S","79",",,S"
"IN005150100","RAJKOT, IN","22.3","70.783","138.0","2005-05-29","0.00","D,,S","88","H,,S","103",",,S","78",",,S"
"IN005150100","RAJKOT, IN","22.3","70.783","138.0","2005-05-30","0.00","D,,S","90","H,,S","104",",,S","79",",,S"
"IN005150100","RAJKOT, IN","22.3","70.783","138.0","2005-05-31","0.00","D,,S","92","H,,S","107",",,S","80",",,S"
"IN005150100","RAJKOT, IN","22.3","70.783","138.0","2005-06-01","0.00","D,,S","91","H,,S","106",",,S","81",",,S"
"IN005150100","RAJKOT, IN","22.3","70.783","138.0","2005-06-02","0.00","D,,S","90","H,,S","105",",,S","79",",,S"
"IN005150100","RAJKOT, IN","22.3","70.783","138.0","2005-06-03","0.00","D,,S","90","H,,S","106",",,S","80",",,S"
"IN005150100","RAJKOT, IN","22.3","70.783","138.0","2005-06-04","0.00","D,,S","92","H,,S","107",",,S","79",",,S"
"IN005150100","RAJKOT, IN","22.3","70.783","138.0","2005-06-05","0.00","D,,S","92","H,,S","108",",,S","80",",,S"
"IN005150100","RAJKOT, IN","22.3","70.783","138.0","2005-06-06","0.00","D,,S","91","H,,S","106",",,S","80",",,S"
"IN005150100","RAJKOT, IN","22.3","70.783","138.0","2005-06-07","0.00","D,,S","92","H,,S","103",",,S","81",",,S"
"IN005150100","RAJKOT, IN","22.3","70.783","138.0","2005-06-08","0.00","D,,S","92","H,,S","106",",,S","83",",,S"
"IN005150100","RAJKOT, IN","22.3","70.783","138.0","2005-06-09","0.00","D,,S","91","H,,S","107",",,S","82",",,S"
"IN005150100","RAJKOT, IN","22.3","70.783","138.0","2005-06-10","0.00","D,,S","90","H,,S",,,"80",",,S"
"IN005150100","RAJKOT, IN","22.3","70.783","138.0","2005-06-11","0.00","D,,S","89","H,,S","106",",,S","81",",,S"
"IN005150100","RAJKOT, IN","22.3","70.783","138.0","2005-06-12","0.00","D,,S","91","H,,S","105",",,S","81",",,S"
"IN005150100","RAJKOT, IN","22.3","70.783","138.0","2005-06-13",,,"88","H,,S","104",",,S",,
"IN005150100","RAJKOT, IN","22.3","70.783","138.0","2005-06-14","0.00","D,,S","88","H,,S","105",",,S","80",",,S"
"IN005150100","RAJKOT, IN","22.3","70.783","138.0","2005-06-15","0.00","D,,S","91","H,,S","104",",,S","79",",,S"
"IN005150100","RAJKOT, IN","22.3","70.783","138.0","2005-06-16","0.00","D,,S","89","H,,S","105",",,S","80",",,S"
"IN005150100","RAJKOT, IN","22.3","70.783","138.0","2005-06-17","0.00","D,,S","91","H,,S","106",",,S","80",",,S"
"IN005150100","RAJKOT, IN","22.3","70.783","138.0","2005-06-18",,,"90","H,,S","106",",,S","81",",,S"
"IN005150100","RAJKOT, IN","22.3","70.783","138.0","2005-06-19","0.00","D,,S","89","H,,S","102",",,S","77",",,S"
"IN005150100","RAJKOT, IN","22.3","70.783","138.0","2005-06-20","0.00","D,,S","90","H,,S","102",",,S",,
"IN005150100","RAJKOT, IN","22.3","70.783","138.0","2005-06-21","0.00","D,,S","85","H,,S","97",",,S","80",",,S"
"IN005150100","RAJKOT, IN","22.3","70.783","138.0","2005-06-22",,,"84","H,,S",,,"80",",,S"
"IN005150100","RAJKOT, IN","22.3","70.783","138.0","2005-06-23",,,"83","H,,S","91",",,S","79",",,S"
"IN005150100","RAJKOT, IN","22.3","70.783","138.0","2005-06-24",,,"82","H,,S","87",",,S",,
"IN005150100","RAJKOT, IN","22.3","70.783","138.0","2005-06-25","1.46",",,S","81","H,,S","89",",,S","76",",,S"
"IN005150100","RAJKOT, IN","22.3","70.783","138.0","2005-06-26","2.01",",,S","80","H,,S","85",",,S","78",",,S"
"IN005150100","RAJKOT, IN","22.3","70.783","138.0","2005-06-27","2.13",",,S","80","H,,S",,,"77",",,S"
"IN005150100","RAJKOT, IN","22.3","70.783","138.0","2005-06-28",,,"80","H,,S","83",",,S",,
"IN005150100","RAJKOT, IN","22.3","70.783","138.0","2005-06-29",,,"80","H,,S","81",",,S","75",",,S"
"IN005150100","RAJKOT, IN","22.3","70.783","138.0","2005-06-30",,,"80","H,,S",,,"75",",,S"
"IN005150100","RAJKOT, IN","22.3","70.783","138.0","2005-07-01",,,"81","H,,S","85",",,S","75",",,S"
"IN005150100","RAJKOT, IN","22.3","70.783","138.0","2005-07-02",,,"80","H,,S","81",",,S",,
"IN005150100","RAJKOT, IN","22.3","70.783","138.0","2005-07-03","0.00","D,,S","82","H,,S","87",",,S","78",",,S"
"IN005150100","RAJKOT, IN","22.3","70.783","138.0","2005-07-04","0.00","D,,S","83","H,,S","89",",,S","79",",,S"
"IN005150100","RAJKOT, IN","22.3","70.783","138.0","2005-07-05","0.00","D,,S","84","H,,S","91",",,S","79",",,S"
"IN005150100","RAJKOT, IN","22.3","70.783","138.0","2005-07-06","0.00","D,,S","86","H,,S","94",",,S","79",",,S"
"IN005150100","RAJKOT, IN","22.3","70.783","138.0","2005-07-07",,,"85","H,,S",,,"79",",,S"
"IN005150100","RAJKOT, IN","22.3","70.783","138.0","2005-07-08","0.00","D,,S","86","H,,S","97",",,S","78",",,S"
"IN005150100","RAJKOT, IN","22.3","70.783","138.0","2005-07-09","0.00","D,,S","86","H,,S","95",",,S","79",",,S"
"IN005150100","RAJKOT, IN","22.3","70.783","138.0","2005-07-10","0.00","D,,S","86","H,,S","96",",,S","79",",,S"
"IN005150100","RAJKOT, IN","22.3","70.783","138.0","2005-07-11","0.00","D,,S","86","H,,S","96",",,S",,
"IN005150100","RAJKOT, IN","22.3","70.783","138.0","2005-07-12",,,"84","H,,S","91",",,S","80",",,S"
"IN005150100","RAJKOT, IN","22.3","70.783","138.0","2005-07-13",,,"84","H,,S","92",",,S","80",",,S"
"IN005150100","RAJKOT, IN","22.3","70.783","138.0","2005-07-14","0.00","D,,S","86","H,,S","94",",,S","79",",,S"
"IN005150100","RAJKOT, IN","22.3","70.783","138.0","2005-07-15",,,"84","H,,S","92",",,S","80",",,S"
"IN005150100","RAJKOT, IN","22.3","70.783","138.0","2005-07-16","0.00","D,,S","85","H,,S","94",",,S","78",",,S"
"IN005150100","RAJKOT, IN","22.3","70.783","138.0","2005-07-17",,,"83","H,,S","94",",,S","78",",,S"
"IN005150100","RAJKOT, IN","22.3","70.783","138.0","2005-07-18","0.00","D,,S","85","H,,S","95",",,S",,
"IN005150100","RAJKOT, IN","22.3","70.783","138.0","2005-07-19",,,"85","H,,S","96",",,S","78",",,S"
"IN005150100","RAJKOT, IN","22.3","70.783","138.0","2005-07-20",,,"85","H,,S","94",",,S","78",",,S"
"IN005150100","RAJKOT, IN","22.3","70.783","138.0","2005-07-21",,,"85","H,,S","94",",,S","79",",,S"
"IN005150100","RAJKOT, IN","22.3","70.783","138.0","2005-07-22",,,"85","H,,S","94",",,S","79",",,S"
"IN005150100","RAJKOT, IN","22.3","70.783","138.0","2005-07-23",,,"85","H,,S","96",",,S",,
"IN005150100","RAJKOT, IN","22.3","70.783","138.0","2005-07-24",,,"87","H,,S","96",",,S","78",",,S"
"IN005150100","RAJKOT, IN","22.3","70.783","138.0","2005-07-25","0.00",",,S","83","H,,S","88",",,S","80",",,S"
"IN005150100","RAJKOT, IN","22.3","70.783","138.0","2005-07-26",,,"85","H,,S","95",",,S","80",",,S"
"IN005150100","RAJKOT, IN","22.3","70.783","138.0","2005-07-27",,,"84","H,,S","90",",,S","79",",,S"
"IN005150100","RAJKOT, IN","22.3","70.783","138.0","2005-07-28",,,"79","H,,S","80",",,S",,
"IN005150100","RAJKOT, IN","22.3","70.783","138.0","2005-07-29",,,"77","H,,S","79",",,S",,
"IN005150100","RAJKOT, IN","22.3","70.783","138.0","2005-07-30",,,"78","H,,S","80",",,S","76",",,S"
"IN005150100","RAJKOT, IN","22.3","70.783","138.0","2005-07-31",,,"80","H,,S","86",",,S","76",",,S"
"IN005150100","RAJKOT, IN","22.3","70.783","138.0","2005-08-01","0.08",",,S","78","H,,S","81",",,S","77",",,S"
"IN005150100","RAJKOT, IN","22.3","70.783","138.0","2005-08-02","2.36",",,S","77","H,,S",,,"73",",,S"
"IN005150100","RAJKOT, IN","22.3","70.783","138.0","2005-08-03","1.18",",,S","79","H,,S","81",",,S","76",",,S"
"IN005150100","RAJKOT, IN","22.3","70.783","138.0","2005-08-04","0.35",",,S","80","H,,S","84",",,S","76",",,S"
"IN005150100","RAJKOT, IN","22.3","70.783","138.0","2005-08-05","0.01",",,S","79","H,,S","83",",,S","76",",,S"
"IN005150100","RAJKOT, IN","22.3","70.783","138.0","2005-08-06","0.08",",,S","79","H,,S","85",",,S","76",",,S"
"IN005150100","RAJKOT, IN","22.3","70.783","138.0","2005-08-07","0.02",",,S","81","H,,S","87",",,S","77",",,S"
"IN005150100","RAJKOT, IN","22.3","70.783","138.0","2005-08-08","0.00",",,S","81","H,,S","87",",,S","77",",,S"
"IN005150100","RAJKOT, IN","22.3","70.783","138.0","2005-08-09","0.02",",,S","81","H,,S","87",",,S","77",",,S"
"IN005150100","RAJKOT, IN","22.3","70.783","138.0","2005-08-10","0.00",",,S","81","H,,S","89",",,S","77",",,S"
"IN005150100","RAJKOT, IN","22.3","70.783","138.0","2005-08-11","0.02",",,S","81","H,,S","85",",,S","76",",,S"
"IN005150100","RAJKOT, IN","22.3","70.783","138.0","2005-08-12","0.00",",,S","81","H,,S","87",",,S","77",",,S"
"IN005150100","RAJKOT, IN","22.3","70.783","138.0","2005-08-13",,,"81","H,,S","87",",,S","77",",,S"
"IN005150100","RAJKOT, IN","22.3","70.783","138.0","2005-08-14",,,"81","H,,S","88",",,S",,
"IN005150100","RAJKOT, IN","22.3","70.783","138.0","2005-08-15",,,"81","H,,S","89",",,S","75",",,S"
"IN005150100","RAJKOT, IN","22.3","70.783","138.0","2005-08-16",,,"82","H,,S","89",",,S","76",",,S"
"IN005150100","RAJKOT, IN","22.3","70.783","138.0","2005-08-17",,,"82","H,,S","90",",,S","77",",,S"
"IN005150100","RAJKOT, IN","22.3","70.783","138.0","2005-08-18",,,"81","H,,S","90",",,S",,
"IN005150100","RAJKOT, IN","22.3","70.783","138.0","2005-08-19",,,"79","H,,S","86",",,S","76",",,S"
"IN005150100","RAJKOT, IN","22.3","70.783","138.0","2005-08-20",,,"80","H,,S","87",",,S","74",",,S"
"IN005150100","RAJKOT, IN","22.3","70.783","138.0","2005-08-21",,,"82","H,,S","90",",,S","75",",,S"
"IN005150100","RAJKOT, IN","22.3","70.783","138.0","2005-08-22",,,"81","H,,S","89",",,S","75",",,S"
"IN005150100","RAJKOT, IN","22.3","70.783","138.0","2005-08-23",,,"82","H,,S","91",",,S","74",",,S"
"IN005150100","RAJKOT, IN","22.3","70.783","138.0","2005-08-24",,,"83","H,,S","91",",,S","76",",,S"
"IN005150100","RAJKOT, IN","22.3","70.783","138.0","2005-08-25","0.03",",,S","81","H,,S","92",",,S","75",",,S"
"IN005150100","RAJKOT, IN","22.3","70.783","138.0","2005-08-26","0.04",",,S","81","H,,S","90",",,S","75",",,S"
"IN005150100","RAJKOT, IN","22.3","70.783","138.0","2005-08-27","0.02",",,S","81","H,,S",,,"74",",,S"
"IN005150100","RAJKOT, IN","22.3","70.783","138.0","2005-08-28","0.00",",,S","82","H,,S","92",",,S","74",",,S"
"IN005150100","RAJKOT, IN","22.3","70.783","138.0","2005-08-29","1.22",",,S","81","H,,S","91",",,S","75",",,S"
"IN005150100","RAJKOT, IN","22.3","70.783","138.0","2005-08-30","0.00",",,S","82","H,,S","91",",,S","74",",,S"
"IN005150100","RAJKOT, IN","22.3","70.783","138.0","2005-08-31",,,"84","H,,S","92",",,S","75",",,S"
"IN005150100","RAJKOT, IN","22.3","70.783","138.0","2005-09-01",,,"83","H,,S","93",",,S","74",",,S"
"IN005150100","RAJKOT, IN","22.3","70.783","138.0","2005-09-02",,,"83","H,,S","94",",,S","75",",,S"
"IN005150100","RAJKOT, IN","22.3","70.783","138.0","2005-09-03",,,"83","H,,S","94",",,S","75",",,S"
"IN005150100","RAJKOT, IN","22.3","70.783","138.0","2005-09-04",,,"82","H,,S","88",",,S",,
"IN005150100","RAJKOT, IN","22.3","70.783","138.0","2005-09-05","0.00",",,S","80","H,,S","87",",,S",,
"IN005150100","RAJKOT, IN","22.3","70.783","138.0","2005-09-06","0.24",",,S","85","H,,S","95",",,S","76",",,S"
"IN005150100","RAJKOT, IN","22.3","70.783","138.0","2005-09-07","0.00",",,S","81","H,,S","93",",,S",,
"IN005150100","RAJKOT, IN","22.3","70.783","138.0","2005-09-08","0.67",",,S","82","H,,S","89",",,S","75",",,S"
"IN005150100","RAJKOT, IN","22.3","70.783","138.0","2005-09-09","0.00",",,S","80","H,,S","91",",,S",,
"IN005150100","RAJKOT, IN","22.3","70.783","138.0","2005-09-10","2.60",",,S","80","H,,S","91",",,S","73",",,S"
"IN005150100","RAJKOT, IN","22.3","70.783","138.0","2005-09-11","0.79",",,S","81","H,,S","92",",,S","74",",,S"
"IN005150100","RAJKOT, IN","22.3","70.783","138.0","2005-09-12","0.94",",,S","80","H,,S","85",",,S","73",",,S"
"IN005150100","RAJKOT, IN","22.3","70.783","138.0","2005-09-13","0.00",",,S","82","H,,S","89",",,S",,
"IN005150100","RAJKOT, IN","22.3","70.783","138.0","2005-09-14","0.04",",,S","82","H,,S","92",",,S","77",",,S"
"IN005150100","RAJKOT, IN","22.3","70.783","138.0","2005-09-15","0.08",",,S","79","H,,S","88",",,S",,
"IN005150100","RAJKOT, IN","22.3","70.783","138.0","2005-09-16","0.02",",,S","80","H,,S","86",",,S","77",",,S"
"IN005150100","RAJKOT, IN","22.3","70.783","138.0","2005-09-17","0.47",",,S","77","H,,S","78",",,S",,
"IN005150100","RAJKOT, IN","22.3","70.783","138.0","2005-09-18","0.55",",,S","79","H,,S","84",",,S","74",",,S"
"IN005150100","RAJKOT, IN","22.3","70.783","138.0","2005-09-19","0.01",",,S","79","H,,S","86",",,S",,
"IN005150100","RAJKOT, IN","22.3","70.783","138.0","2005-09-20","0.83",",,S","81","H,,S",,,"73",",,S"
"IN005150100","RAJKOT, IN","22.3","70.783","138.0","2005-09-21","0.00",",,S","84","H,,S","93",",,S","78",",,S"
"IN005150100","RAJKOT, IN","22.3","70.783","138.0","2005-09-22",,,"82","H,,S","90",",,S","76",",,S"
"IN005150100","RAJKOT, IN","22.3","70.783","138.0","2005-09-23","0.83",",,S","79","H,,S","83",",,S","72",",,S"
"IN005150100","RAJKOT, IN","22.3","70.783","138.0","2005-09-24","0.67",",,S","81","H,,S","89",",,S","72",",,S"
"IN005150100","RAJKOT, IN","22.3","70.783","138.0","2005-09-25","0.00",",,S","81","H,,S","88",",,S","76",",,S"
"IN005150100","RAJKOT, IN","22.3","70.783","138.0","2005-09-26",,,"81","H,,S","89",",,S","75",",,S"
"IN005150100","RAJKOT, IN","22.3","70.783","138.0","2005-09-27",,,"82","H,,S","89",",,S","74",",,S"
"IN005150100","RAJKOT, IN","22.3","70.783","138.0","2005-09-28",,,"80","H,,S","90",",,S","73",",,S"
"IN005150100","RAJKOT, IN","22.3","70.783","138.0","2005-09-29","0.28",",,S","81","H,,S","91",",,S","73",",,S"
"IN005150100","RAJKOT, IN","22.3","70.783","138.0","2005-09-30","0.00",",,S","80","H,,S","90",",,S","73",",,S"
"IN005150100","RAJKOT, IN","22.3","70.783","138.0","2005-10-01","0.71",",,S","80","H,,S","89",",,S","72",",,S"
"IN005150100","RAJKOT, IN","22.3","70.783","138.0","2005-10-02","0.00",",,S","80","H,,S","90",",,S","73",",,S"
"IN005150100","RAJKOT, IN","22.3","70.783","138.0","2005-10-03",,,"81","H,,S","91",",,S","73",",,S"
"IN005150100","RAJKOT, IN","22.3","70.783","138.0","2005-10-04",,,"85","H,,S",,,"73",",,S"
"IN005150100","RAJKOT, IN","22.3","70.783","138.0","2005-10-05",,,"83","H,,S","92",",,S","74",",,S"
"IN005150100","RAJKOT, IN","22.3","70.783","138.0","2005-10-06",,,"83","H,,S","92",",,S","74",",,S"
"IN005150100","RAJKOT, IN","22.3","70.783","138.0","2005-10-07",,,"84","H,,S","94",",,S","74",",,S"
"IN005150100","RAJKOT, IN","22.3","70.783","138.0","2005-10-08",,,"84","H,,S","95",",,S","73",",,S"
"IN005150100","RAJKOT, IN","22.3","70.783","138.0","2005-10-09",,,"83","H,,S","95",",,S","72",",,S"
"IN005150100","RAJKOT, IN","22.3","70.783","138.0","2005-10-10",,,"83","H,,S","95",",,S","71",",,S"
"IN005150100","RAJKOT, IN","22.3","70.783","138.0","2005-10-11",,,"82","H,,S","95",",,S","71",",,S"
"IN005150100","RAJKOT, IN","22.3","70.783","138.0","2005-10-12",,,"84","H,,S","96",",,S","71",",,S"
"IN005150100","RAJKOT, IN","22.3","70.783","138.0","2005-10-13",,,"83","H,,S","98",",,S","71",",,S"
"IN005150100","RAJKOT, IN","22.3","70.783","138.0","2005-10-14",,,"85","H,,S","98",",,S","72",",,S"
"IN005150100","RAJKOT, IN","22.3","70.783","138.0","2005-10-15",,,"85","H,,S","98",",,S","72",",,S"
"IN005150100","RAJKOT, IN","22.3","70.783","138.0","2005-10-16",,,"85","H,,S","97",",,S","72",",,S"
"IN005150100","RAJKOT, IN","22.3","70.783","138.0","2005-10-17",,,"85","H,,S","99",",,S","69",",,S"
"IN005150100","RAJKOT, IN","22.3","70.783","138.0","2005-10-18",,,"84","H,,S","99",",,S","72",",,S"
"IN005150100","RAJKOT, IN","22.3","70.783","138.0","2005-10-19",,,"85","H,,S","98",",,S","75",",,S"
"IN005150100","RAJKOT, IN","22.3","70.783","138.0","2005-10-20",,,"82","H,,S","98",",,S","68",",,S"
"IN005150100","RAJKOT, IN","22.3","70.783","138.0","2005-10-21",,,"81","H,,S","99",",,S","67",",,S"
"IN005150100","RAJKOT, IN","22.3","70.783","138.0","2005-10-22",,,"82","H,,S","95",",,S","64",",,S"
"IN005150100","RAJKOT, IN","22.3","70.783","138.0","2005-10-23",,,"81","H,,S","95",",,S","65",",,S"
"IN005150100","RAJKOT, IN","22.3","70.783","138.0","2005-10-24",,,"82","H,,S","94",",,S",,
"IN005150100","RAJKOT, IN","22.3","70.783","138.0","2005-10-25",,,"83","H,,S","95",",,S","71",",,S"
"IN005150100","RAJKOT, IN","22.3","70.783","138.0","2005-10-26",,,"83","H,,S","96",",,S","70",",,S"
"IN005150100","RAJKOT, IN","22.3","70.783","138.0","2005-10-27",,,"85","H,,S","98",",,S","73",",,S"
"IN005150100","RAJKOT, IN","22.3","70.783","138.0","2005-10-28",,,"82","H,,S","97",",,S","71",",,S"
"IN005150100","RAJKOT, IN","22.3","70.783","138.0","2005-10-29",,,"82","H,,S","98",",,S","67",",,S"
"IN005150100","RAJKOT, IN","22.3","70.783","138.0","2005-10-30",,,"80","H,,S","95",",,S","68",",,S"
"IN005150100","RAJKOT, IN","22.3","70.783","138.0","2005-10-31",,,"83","H,,S",,,,
"IN005150100","RAJKOT, IN","22.3","70.783","138.0","2005-11-01",,,"81","H,,S","93",",,S","71",",,S"
"IN005150100","RAJKOT, IN","22.3","70.783","138.0","2005-11-02",,,"80","H,,S","93",",,S","69",",,S"
"IN005150100","RAJKOT, IN","22.3","70.783","138.0","2005-11-03",,,"80","H,,S","93",",,S","68",",,S"
"IN005150100","RAJKOT, IN","22.3","70.783","138.0","2005-11-04",,,"78","H,,S","94",",,S","66",",,S"
"IN005150100","RAJKOT, IN","22.3","70.783","138.0","2005-11-05",,,"82","H,,S","95",",,S","67",",,S"
"IN005150100","RAJKOT, IN","22.3","70.783","138.0","2005-11-06",,,"79","H,,S","93",",,S","68",",,S"
"IN005150100","RAJKOT, IN","22.3","70.783","138.0","2005-11-07",,,"79","H,,S",,,"64",",,S"
"IN005150100","RAJKOT, IN","22.3","70.783","138.0","2005-11-08",,,"78","H,,S","92",",,S","63",",,S"
"IN005150100","RAJKOT, IN","22.3","70.783","138.0","2005-11-09",,,"79","H,,S","92",",,S","67",",,S"
"IN005150100","RAJKOT, IN","22.3","70.783","138.0","2005-11-10",,,"77","H,,S","91",",,S","63",",,S"
"IN005150100","RAJKOT, IN","22.3","70.783","138.0","2005-11-11",,,"76","H,,S","91",",,S","61",",,S"
"IN005150100","RAJKOT, IN","22.3","70.783","138.0","2005-11-12",,,"77","H,,S","91",",,S","61",",,S"
"IN005150100","RAJKOT, IN","22.3","70.783","138.0","2005-11-13",,,"76","H,,S","91",",,S","60",",,S"
"IN005150100","RAJKOT, IN","22.3","70.783","138.0","2005-11-14",,,"75","H,,S","91",",,S","61",",,S"
"IN005150100","RAJKOT, IN","22.3","70.783","138.0","2005-11-15",,,"76","H,,S","93",",,S","60",",,S"
"IN005150100","RAJKOT, IN","22.3","70.783","138.0","2005-11-16",,,"77","H,,S","94",",,S","62",",,S"
"IN005150100","RAJKOT, IN","22.3","70.783","138.0","2005-11-17",,,"78","H,,S","94",",,S","63",",,S"
"IN005150100","RAJKOT, IN","22.3","70.783","138.0","2005-11-18",,,"76","H,,S","94",",,S","63",",,S"
"IN005150100","RAJKOT, IN","22.3","70.783","138.0","2005-11-19",,,"78","H,,S","93",",,S","62",",,S"
"IN005150100","RAJKOT, IN","22.3","70.783","138.0","2005-11-20",,,"79","H,,S","92",",,S","61",",,S"
"IN005150100","RAJKOT, IN","22.3","70.783","138.0","2005-11-21",,,"77","H,,S","93",",,S","61",",,S"
"IN005150100","RAJKOT, IN","22.3","70.783","138.0","2005-11-22",,,"76","H,,S","92",",,S","59",",,S"
"IN005150100","RAJKOT, IN","22.3","70.783","138.0","2005-11-23",,,"77","H,,S","91",",,S","59",",,S"
"IN005150100","RAJKOT, IN","22.3","70.783","138.0","2005-11-24",,,"77","H,,S","92",",,S","60",",,S"
"IN005150100","RAJKOT, IN","22.3","70.783","138.0","2005-11-25",,,"75","H,,S","92",",,S","62",",,S"
"IN005150100","RAJKOT, IN","22.3","70.783","138.0","2005-11-26",,,"77","H,,S","91",",,S","62",",,S"
"IN005150100","RAJKOT, IN","22.3","70.783","138.0","2005-11-27",,,"77","H,,S","91",",,S","67",",,S"
"IN005150100","RAJKOT, IN","22.3","70.783","138.0","2005-11-28",,,"76","H,,S","90",",,S","61",",,S"
"IN005150100","RAJKOT, IN","22.3","70.783","138.0","2005-11-29",,,"70","H,,S","86",",,S","56",",,S"
"IN005150100","RAJKOT, IN","22.3","70.783","138.0","2005-11-30",,,"65","H,,S","82",",,S","54",",,S"
"IN005150100","RAJKOT, IN","22.3","70.783","138.0","2005-12-01",,,"67","H,,S","82",",,S","54",",,S"
"IN005150100","RAJKOT, IN","22.3","70.783","138.0","2005-12-02",,,"68","H,,S",,,,
"IN005150100","RAJKOT, IN","22.3","70.783","138.0","2005-12-03",,,"68","H,,S","85",",,S","58",",,S"
"IN005150100","RAJKOT, IN","22.3","70.783","138.0","2005-12-04",,,"72","H,,S","88",",,S","57",",,S"
"IN005150100","RAJKOT, IN","22.3","70.783","138.0","2005-12-05",,,"74","H,,S","89",",,S","60",",,S"
"IN005150100","RAJKOT, IN","22.3","70.783","138.0","2005-12-06",,,"73","H,,S","89",",,S","63",",,S"
"IN005150100","RAJKOT, IN","22.3","70.783","138.0","2005-12-07",,,"70","H,,S","88",",,S","56",",,S"
"IN005150100","RAJKOT, IN","22.3","70.783","138.0","2005-12-08",,,"70","H,,S","88",",,S","53",",,S"
"IN005150100","RAJKOT, IN","22.3","70.783","138.0","2005-12-09",,,"67","H,,S","86",",,S","54",",,S"
"IN005150100","RAJKOT, IN","22.3","70.783","138.0","2005-12-10",,,"72","H,,S","86",",,S","56",",,S"
"IN005150100","RAJKOT, IN","22.3","70.783","138.0","2005-12-11",,,"69","H,,S","85",",,S","54",",,S"
"IN005150100","RAJKOT, IN","22.3","70.783","138.0","2005-12-12",,,"71","H,,S","85",",,S",,
"IN005150100","RAJKOT, IN","22.3","70.783","138.0","2005-12-13",,,"67","H,,S","86",",,S","52",",,S"
"IN005150100","RAJKOT, IN","22.3","70.783","138.0","2005-12-14",,,"67","H,,S","83",",,S","50",",,S"
"IN005150100","RAJKOT, IN","22.3","70.783","138.0","2005-12-15",,,"66","H,,S","83",",,S","49",",,S"
"IN005150100","RAJKOT, IN","22.3","70.783","138.0","2005-12-16",,,"69","H,,S","90",",,S","51",",,S"
"IN005150100","RAJKOT, IN","22.3","70.783","138.0","2005-12-17",,,"67","H,,S","84",",,S","51",",,S"
"IN005150100","RAJKOT, IN","22.3","70.783","138.0","2005-12-18",,,"64","H,,S","81",",,S","47",",,S"
"IN005150100","RAJKOT, IN","22.3","70.783","138.0","2005-12-19",,,"61","H,,S","81",",,S","47",",,S"
"IN005150100","RAJKOT, IN","22.3","70.783","138.0","2005-12-20",,,"64","H,,S","81",",,S","46",",,S"
"IN005150100","RAJKOT, IN","22.3","70.783","138.0","2005-12-21",,,"66","H,,S","82",",,S","49",",,S"
"IN005150100","RAJKOT, IN","22.3","70.783","138.0","2005-12-22",,,"65","H,,S","80",",,S","47",",,S"
"IN005150100","RAJKOT, IN","22.3","70.783","138.0","2005-12-23",,,"64","H,,S","80",",,S","46",",,S"
"IN005150100","RAJKOT, IN","22.3","70.783","138.0","2005-12-24",,,"63","H,,S","78",",,S","45",",,S"
"IN005150100","RAJKOT, IN","22.3","70.783","138.0","2005-12-25",,,"66","H,,S","80",",,S","49",",,S"
"IN005150100","RAJKOT, IN","22.3","70.783","138.0","2005-12-26",,,"68","H,,S","83",",,S","54",",,S"
"IN005150100","RAJKOT, IN","22.3","70.783","138.0","2005-12-27",,,"69","H,,S","83",",,S","51",",,S"
"IN005150100","RAJKOT, IN","22.3","70.783","138.0","2005-12-28",,,"69","H,,S","81",",,S","56",",,S"
"IN005150100","RAJKOT, IN","22.3","70.783","138.0","2005-12-29",,,"70","H,,S",,,"56",",,S"
"IN005150100","RAJKOT, IN","22.3","70.783","138.0","2005-12-30",,,"69","H,,S","82",",,S","57",",,S"
"IN005150100","RAJKOT, IN","22.3","70.783","138.0","2005-12-31",,,"69","H,,S","83",",,S","56",",,S"
"IN005150100","RAJKOT, IN","22.3","70.783","138.0","2006-01-01",,,"69","H,,S","84",",,S","52",",,S"
"IN005150100","RAJKOT, IN","22.3","70.783","138.0","2006-01-02",,,"65","H,,S","77",",,S",,
"IN005150100","RAJKOT, IN","22.3","70.783","138.0","2006-01-03",,,"61","H,,S","75",",,S","47",",,S"
"IN005150100","RAJKOT, IN","22.3","70.783","138.0","2006-01-04",,,"62","H,,S","77",",,S","46",",,S"
"IN005150100","RAJKOT, IN","22.3","70.783","138.0","2006-01-05",,,"61","H,,S","77",",,S","49",",,S"
"IN005150100","RAJKOT, IN","22.3","70.783","138.0","2006-01-06",,,"63","H,,S","76",",,S","49",",,S"
"IN005150100","RAJKOT, IN","22.3","70.783","138.0","2006-01-07",,,"66","H,,S","82",",,S","50",",,S"
"IN005150100","RAJKOT, IN","22.3","70.783","138.0","2006-01-08",,,"70","H,,S","85",",,S","53",",,S"
"IN005150100","RAJKOT, IN","22.3","70.783","138.0","2006-01-09",,,"72","H,,S","85",",,S","57",",,S"
"IN005150100","RAJKOT, IN","22.3","70.783","138.0","2006-01-10",,,"72","H,,S","85",",,S","56",",,S"
"IN005150100","RAJKOT, IN","22.3","70.783","138.0","2006-01-11",,,"67","H,,S","84",",,S","49",",,S"
"IN005150100","RAJKOT, IN","22.3","70.783","138.0","2006-01-12",,,"66","H,,S","84",",,S","49",",,S"
"IN005150100","RAJKOT, IN","22.3","70.783","138.0","2006-01-13",,,"70","H,,S","86",",,S","50",",,S"
"IN005150100","RAJKOT, IN","22.3","70.783","138.0","2006-01-14",,,"71","H,,S","88",",,S","53",",,S"
"IN005150100","RAJKOT, IN","22.3","70.783","138.0","2006-01-15",,,"76","H,,S","92",",,S",,
"IN005150100","RAJKOT, IN","22.3","70.783","138.0","2006-01-16",,,"76","H,,S","88",",,S","59",",,S"
"IN005150100","RAJKOT, IN","22.3","70.783","138.0","2006-01-17",,,"69","H,,S",,,"54",",,S"
"IN005150100","RAJKOT, IN","22.3","70.783","138.0","2006-01-18",,,"73","H,,S","85",",,S","63",",,S"
"IN005150100","RAJKOT, IN","22.3","70.783","138.0","2006-01-19",,,"72","H,,S","84",",,S","60",",,S"
"IN005150100","RAJKOT, IN","22.3","70.783","138.0","2006-01-20",,,"70","H,,S","81",",,S",,
"IN005150100","RAJKOT, IN","22.3","70.783","138.0","2006-01-21",,,"67","H,,S","81",",,S","53",",,S"
"IN005150100","RAJKOT, IN","22.3","70.783","138.0","2006-01-22",,,"68","H,,S","78",",,S","51",",,S"
"IN005150100","RAJKOT, IN","22.3","70.783","138.0","2006-01-23",,,"67","H,,S","78",",,S","55",",,S"
"IN005150100","RAJKOT, IN","22.3","70.783","138.0","2006-01-24",,,"67","H,,S","81",",,S","52",",,S"
"IN005150100","RAJKOT, IN","22.3","70.783","138.0","2006-01-25",,,"72","H,,S","82",",,S","53",",,S"
"IN005150100","RAJKOT, IN","22.3","70.783","138.0","2006-01-26",,,"71","H,,S","83",",,S","58",",,S"
"IN005150100","RAJKOT, IN","22.3","70.783","138.0","2006-01-27",,,"74","H,,S","87",",,S","57",",,S"
"IN005150100","RAJKOT, IN","22.3","70.783","138.0","2006-01-28",,,"74","H,,S","91",",,S",,
"IN005150100","RAJKOT, IN","22.3","70.783","138.0","2006-01-29",,,"75","H,,S","89",",,S",,
"IN005150100","RAJKOT, IN","22.3","70.783","138.0","2006-01-30",,,"75","H,,S","91",",,S","60",",,S"
"IN005150100","RAJKOT, IN","22.3","70.783","138.0","2006-01-31",,,"78","H,,S","92",",,S","66",",,S"
"IN005150100","RAJKOT, IN","22.3","70.783","138.0","2006-02-01",,,"77","H,,S","93",",,S","61",",,S"
"IN005150100","RAJKOT, IN","22.3","70.783","138.0","2006-02-02",,,"78","H,,S","95",",,S","62",",,S"
"IN005150100","RAJKOT, IN","22.3","70.783","138.0","2006-02-03",,,"78","H,,S","94",",,S","63",",,S"
"IN005150100","RAJKOT, IN","22.3","70.783","138.0","2006-02-04",,,"79","H,,S",,,"66",",,S"
"IN005150100","RAJKOT, IN","22.3","70.783","138.0","2006-02-05",,,"79","H,,S","93",",,S","66",",,S"
"IN005150100","RAJKOT, IN","22.3","70.783","138.0","2006-02-06",,,"76","H,,S","92",",,S","62",",,S"
"IN005150100","RAJKOT, IN","22.3","70.783","138.0","2006-02-07",,,"75","H,,S","91",",,S","57",",,S"
"IN005150100","RAJKOT, IN","22.3","70.783","138.0","2006-02-08",,,"75","H,,S","89",",,S","63",",,S"
"IN005150100","RAJKOT, IN","22.3","70.783","138.0","2006-02-09",,,"75","H,,S","91",",,S","60",",,S"
"IN005150100","RAJKOT, IN","22.3","70.783","138.0","2006-02-10",,,"78","H,,S","94",",,S","60",",,S"
"IN005150100","RAJKOT, IN","22.3","70.783","138.0","2006-02-11",,,"78","H,,S","94",",,S","62",",,S"
"IN005150100","RAJKOT, IN","22.3","70.783","138.0","2006-02-12",,,"78","H,,S",,,"62",",,S"
"IN005150100","RAJKOT, IN","22.3","70.783","138.0","2006-02-13",,,"77","H,,S","95",",,S","62",",,S"
"IN005150100","RAJKOT, IN","22.3","70.783","138.0","2006-02-14",,,"80","H,,S","95",",,S","63",",,S"
"IN005150100","RAJKOT, IN","22.3","70.783","138.0","2006-02-15",,,"78","H,,S","91",",,S","67",",,S"
"IN005150100","RAJKOT, IN","22.3","70.783","138.0","2006-02-16",,,"78","H,,S","93",",,S","66",",,S"
"IN005150100","RAJKOT, IN","22.3","70.783","138.0","2006-02-17",,,"76","H,,S","90",",,S","68",",,S"
"IN005150100","RAJKOT, IN","22.3","70.783","138.0","2006-02-18","0.51",",,S","77","H,,S","90",",,S","64",",,S"
"IN005150100","RAJKOT, IN","22.3","70.783","138.0","2006-02-19","0.00",",,S","78","H,,S","94",",,S","64",",,S"
"IN005150100","RAJKOT, IN","22.3","70.783","138.0","2006-02-20",,,"78","H,,S","93",",,S",,
"IN005150100","RAJKOT, IN","22.3","70.783","138.0","2006-02-21",,,"79","H,,S","97",",,S","62",",,S"
"IN005150100","RAJKOT, IN","22.3","70.783","138.0","2006-02-22",,,"82","H,,S","98",",,S","65",",,S"
"IN005150100","RAJKOT, IN","22.3","70.783","138.0","2006-02-23",,,"80","H,,S","97",",,S","63",",,S"
"IN005150100","RAJKOT, IN","22.3","70.783","138.0","2006-02-24",,,"81","H,,S","98",",,S","66",",,S"
"IN005150100","RAJKOT, IN","22.3","70.783","138.0","2006-02-25",,,"81","H,,S","94",",,S","69",",,S"
"IN005150100","RAJKOT, IN","22.3","70.783","138.0","2006-02-26",,,"80","H,,S","93",",,S","66",",,S"
"IN005150100","RAJKOT, IN","22.3","70.783","138.0","2006-02-27",,,"80","H,,S","94",",,S","64",",,S"
"IN005150100","RAJKOT, IN","22.3","70.783","138.0","2006-02-28",,,"80","H,,S","97",",,S","65",",,S"
"IN005150100","RAJKOT, IN","22.3","70.783","138.0","2006-03-01",,,"79","H,,S","95",",,S","65",",,S"
"IN005150100","RAJKOT, IN","22.3","70.783","138.0","2006-03-02",,,"79","H,,S","96",",,S","61",",,S"
"IN005150100","RAJKOT, IN","22.3","70.783","138.0","2006-03-03",,,"79","H,,S","96",",,S","59",",,S"
"IN005150100","RAJKOT, IN","22.3","70.783","138.0","2006-03-04",,,"78","H,,S","95",",,S","60",",,S"
"IN005150100","RAJKOT, IN","22.3","70.783","138.0","2006-03-05",,,"77","H,,S","93",",,S","63",",,S"
"IN005150100","RAJKOT, IN","22.3","70.783","138.0","2006-03-06",,,"77","H,,S","94",",,S","62",",,S"
"IN005150100","RAJKOT, IN","22.3","70.783","138.0","2006-03-07",,,"77","H,,S","92",",,S","62",",,S"
"IN005150100","RAJKOT, IN","22.3","70.783","138.0","2006-03-08",,,"78","H,,S","90",",,S","65",",,S"
"IN005150100","RAJKOT, IN","22.3","70.783","138.0","2006-03-09","0.04",",,S","74","H,,S","83",",,S","66",",,S"
"IN005150100","RAJKOT, IN","22.3","70.783","138.0","2006-03-10","0.00",",,S","73","H,,S","84",",,S","63",",,S"
"IN005150100","RAJKOT, IN","22.3","70.783","138.0","2006-03-11",,,"76","H,,S","89",",,S","63",",,S"
"IN005150100","RAJKOT, IN","22.3","70.783","138.0","2006-03-12",,,"78","H,,S","92",",,S","67",",,S"
"IN005150100","RAJKOT, IN","22.3","70.783","138.0","2006-03-13",,,"79","H,,S","92",",,S","69",",,S"
"IN005150100","RAJKOT, IN","22.3","70.783","138.0","2006-03-14",,,"78","H,,S","91",",,S","67",",,S"
"IN005150100","RAJKOT, IN","22.3","70.783","138.0","2006-03-15",,,"79","H,,S","92",",,S","67",",,S"
"IN005150100","RAJKOT, IN","22.3","70.783","138.0","2006-03-16",,,"78","H,,S",,,"65",",,S"
"IN005150100","RAJKOT, IN","22.3","70.783","138.0","2006-03-17",,,"82","H,,S","94",",,S","66",",,S"
"IN005150100","RAJKOT, IN","22.3","70.783","138.0","2006-03-18",,,"84","H,,S","98",",,S","67",",,S"
"IN005150100","RAJKOT, IN","22.3","70.783","138.0","2006-03-19",,,"84","H,,S",,,"68",",,S"
"IN005150100","RAJKOT, IN","22.3","70.783","138.0","2006-03-20",,,"81","H,,S","99",",,S","67",",,S"
"IN005150100","RAJKOT, IN","22.3","70.783","138.0","2006-03-21",,,"83","H,,S","98",",,S","69",",,S"
"IN005150100","RAJKOT, IN","22.3","70.783","138.0","2006-03-22",,,"84","H,,S","100",",,S","70",",,S"
"IN005150100","RAJKOT, IN","22.3","70.783","138.0","2006-03-23",,,"83","H,,S","99",",,S","70",",,S"
"IN005150100","RAJKOT, IN","22.3","70.783","138.0","2006-03-24",,,"82","H,,S","97",",,S","71",",,S"
"IN005150100","RAJKOT, IN","22.3","70.783","138.0","2006-03-25",,,"80","H,,S","95",",,S","69",",,S"
"IN005150100","RAJKOT, IN","22.3","70.783","138.0","2006-03-26",,,"80","H,,S","94",",,S","64",",,S"
"IN005150100","RAJKOT, IN","22.3","70.783","138.0","2006-03-27",,,"81","H,,S","95",",,S","69",",,S"
"IN005150100","RAJKOT, IN","22.3","70.783","138.0","2006-03-28",,,"82","H,,S","99",",,S","69",",,S"
"IN005150100","RAJKOT, IN","22.3","70.783","138.0","2006-03-29",,,"84","H,,S","100",",,S","66",",,S"
"IN005150100","RAJKOT, IN","22.3","70.783","138.0","2006-03-30",,,"88","H,,S","104",",,S","74",",,S"
"IN005150100","RAJKOT, IN","22.3","70.783","138.0","2006-03-31",,,"83","H,,S","100",",,S",,
"IN005150100","RAJKOT, IN","22.3","70.783","138.0","2006-04-01",,,"83","H,,S","101",",,S","66",",,S"
"IN005150100","RAJKOT, IN","22.3","70.783","138.0","2006-04-02",,,"84","H,,S","100",",,S","70",",,S"
"IN005150100","RAJKOT, IN","22.3","70.783","138.0","2006-04-03",,,"85","H,,S","100",",,S","71",",,S"
"IN005150100","RAJKOT, IN","22.3","70.783","138.0","2006-04-04",,,"83","H,,S","100",",,S","70",",,S"
"IN005150100","RAJKOT, IN","22.3","70.783","138.0","2006-04-05",,,"85","H,,S","103",",,S","73",",,S"
"IN005150100","RAJKOT, IN","22.3","70.783","138.0","2006-04-06",,,"87","H,,S","105",",,S","72",",,S"
"IN005150100","RAJKOT, IN","22.3","70.783","138.0","2006-04-07",,,"87","H,,S","105",",,S","73",",,S"
"IN005150100","RAJKOT, IN","22.3","70.783","138.0","2006-04-08",,,"88","H,,S","105",",,S","73",",,S"
"IN005150100","RAJKOT, IN","22.3","70.783","138.0","2006-04-09",,,"87","H,,S","105",",,S","74",",,S"
"IN005150100","RAJKOT, IN","22.3","70.783","138.0","2006-04-10",,,"86","H,,S","102",",,S","72",",,S"
"IN005150100","RAJKOT, IN","22.3","70.783","138.0","2006-04-11",,,"85","H,,S","100",",,S","72",",,S"
"IN005150100","RAJKOT, IN","22.3","70.783","138.0","2006-04-12",,,"86","H,,S","100",",,S","72",",,S"
"IN005150100","RAJKOT, IN","22.3","70.783","138.0","2006-04-13",,,"86","H,,S","102",",,S",,
"IN005150100","RAJKOT, IN","22.3","70.783","138.0","2006-04-14",,,"86","H,,S","103",",,S","70",",,S"
"IN005150100","RAJKOT, IN","22.3","70.783","138.0","2006-04-15",,,"87","H,,S","103",",,S","72",",,S"
"IN005150100","RAJKOT, IN","22.3","70.783","138.0","2006-04-16",,,"85","H,,S","102",",,S","76",",,S"
"IN005150100","RAJKOT, IN","22.3","70.783","138.0","2006-04-17",,,"86","H,,S","101",",,S","73",",,S"
"IN005150100","RAJKOT, IN","22.3","70.783","138.0","2006-04-18",,,"86","H,,S","101",",,S","75",",,S"
"IN005150100","RAJKOT, IN","22.3","70.783","138.0","2006-04-19",,,"86","H,,S","103",",,S","73",",,S"
"IN005150100","RAJKOT, IN","22.3","70.783","138.0","2006-04-20",,,"87","H,,S","102",",,S","72",",,S"
"IN005150100","RAJKOT, IN","22.3","70.783","138.0","2006-04-21",,,"88","H,,S","103",",,S","74",",,S"
"IN005150100","RAJKOT, IN","22.3","70.783","138.0","2006-04-22",,,"86","H,,S","102",",,S","74",",,S"
"IN005150100","RAJKOT, IN","22.3","70.783","138.0","2006-04-23",,,"85","H,,S","100",",,S","74",",,S"
"IN005150100","RAJKOT, IN","22.3","70.783","138.0","2006-04-24",,,"87","H,,S","103",",,S","74",",,S"
"IN005150100","RAJKOT, IN","22.3","70.783","138.0","2006-04-25",,,"87","H,,S","104",",,S","76",",,S"
"IN005150100","RAJKOT, IN","22.3","70.783","138.0","2006-04-26",,,"87","H,,S","104",",,S","75",",,S"
"IN005150100","RAJKOT, IN","22.3","70.783","138.0","2006-04-27",,,"87","H,,S","104",",,S","76",",,S"
"IN005150100","RAJKOT, IN","22.3","70.783","138.0","2006-04-28",,,"87","H,,S","103",",,S","75",",,S"
"IN005150100","RAJKOT, IN","22.3","70.783","138.0","2006-04-29",,,"89","H,,S","106",",,S","76",",,S"
"IN005150100","RAJKOT, IN","22.3","70.783","138.0","2006-04-30",,,"89","H,,S","107",",,S","75",",,S"
"IN005150100","RAJKOT, IN","22.3","70.783","138.0","2006-05-01",,,"88","H,,S",,,"75",",,S"
"IN005150100","RAJKOT, IN","22.3","70.783","138.0","2006-05-02",,,"90","H,,S","107",",,S","76",",,S"
"IN005150100","RAJKOT, IN","22.3","70.783","138.0","2006-05-03",,,"89","H,,S","106",",,S","76",",,S"
"IN005150100","RAJKOT, IN","22.3","70.783","138.0","2006-05-04",,,"92","H,,S","110",",,S","77",",,S"
"IN005150100","RAJKOT, IN","22.3","70.783","138.0","2006-05-05",,,"92","H,,S","112",",,S","76",",,S"
"IN005150100","RAJKOT, IN","22.3","70.783","138.0","2006-05-06",,,"92","H,,S","112",",,S","77",",,S"
"IN005150100","RAJKOT, IN","22.3","70.783","138.0","2006-05-07",,,"93","H,,S","112",",,S","76",",,S"
"IN005150100","RAJKOT, IN","22.3","70.783","138.0","2006-05-08",,,"92","H,,S","110",",,S","77",",,S"
"IN005150100","RAJKOT, IN","22.3","70.783","138.0","2006-05-09",,,"92","H,,S","111",",,S","78",",,S"
"IN005150100","RAJKOT, IN","22.3","70.783","138.0","2006-05-10",,,"92","H,,S","110",",,S","76",",,S"
"IN005150100","RAJKOT, IN","22.3","70.783","138.0","2006-05-11",,,"92","H,,S","109",",,S","78",",,S"
"IN005150100","RAJKOT, IN","22.3","70.783","138.0","2006-05-12",,,"92","H,,S","108",",,S","78",",,S"
"IN005150100","RAJKOT, IN","22.3","70.783","138.0","2006-05-13",,,"91","H,,S","107",",,S","79",",,S"
"IN005150100","RAJKOT, IN","22.3","70.783","138.0","2006-05-14",,,"92","H,,S","106",",,S","80",",,S"
"IN005150100","RAJKOT, IN","22.3","70.783","138.0","2006-05-15",,,"91","H,,S","105",",,S","81",",,S"
"IN005150100","RAJKOT, IN","22.3","70.783","138.0","2006-05-16",,,"90","H,,S","106",",,S","80",",,S"
"IN005150100","RAJKOT, IN","22.3","70.783","138.0","2006-05-17",,,"89","H,,S","107",",,S","78",",,S"
"IN005150100","RAJKOT, IN","22.3","70.783","138.0","2006-05-18",,,"88","H,,S","104",",,S","78",",,S"
"IN005150100","RAJKOT, IN","22.3","70.783","138.0","2006-05-19",,,"89","H,,S","102",",,S","78",",,S"
"IN005150100","RAJKOT, IN","22.3","70.783","138.0","2006-05-20",,,"89","H,,S","100",",,S","81",",,S"
"IN005150100","RAJKOT, IN","22.3","70.783","138.0","2006-05-21",,,"89","H,,S","101",",,S","81",",,S"
"IN005150100","RAJKOT, IN","22.3","70.783","138.0","2006-05-22",,,"89","H,,S","104",",,S","81",",,S"
"IN005150100","RAJKOT, IN","22.3","70.783","138.0","2006-05-23",,,"90","H,,S","103",",,S","80",",,S"
"IN005150100","RAJKOT, IN","22.3","70.783","138.0","2006-05-24",,,"91","H,,S","103",",,S","80",",,S"
"IN005150100","RAJKOT, IN","22.3","70.783","138.0","2006-05-25",,,"90","H,,S","104",",,S","80",",,S"
"IN005150100","RAJKOT, IN","22.3","70.783","138.0","2006-05-26",,,"90","H,,S","106",",,S","79",",,S"
"IN005150100","RAJKOT, IN","22.3","70.783","138.0","2006-05-27",,,"90","H,,S","105",",,S","80",",,S"
"IN005150100","RAJKOT, IN","22.3","70.783","138.0","2006-05-28",,,"90","H,,S","107",",,S","80",",,S"
"IN005150100","RAJKOT, IN","22.3","70.783","138.0","2006-05-29",,,"91","H,,S","108",",,S","80",",,S"
"IN005150100","RAJKOT, IN","22.3","70.783","138.0","2006-05-30",,,"92","H,,S","105",",,S","82",",,S"
"IN005150100","RAJKOT, IN","22.3","70.783","138.0","2006-05-31",,,"90","H,,S",,,"82",",,S"
"IN005150100","RAJKOT, IN","22.3","70.783","138.0","2006-06-01","0.12",",,S","80","H,,S","85",",O,S",,
"IN005150100","RAJKOT, IN","22.3","70.783","138.0","2006-06-02","2.24",",,S","82","H,,S","92",",,S","76",",,S"
"IN005150100","RAJKOT, IN","22.3","70.783","138.0","2006-06-03","0.04",",,S","87","H,,S","99",",,S","79",",,S"
"IN005150100","RAJKOT, IN","22.3","70.783","138.0","2006-06-04","0.00",",,S","86","H,,S","101",",,S","79",",,S"
"IN005150100","RAJKOT, IN","22.3","70.783","138.0","2006-06-05",,,"90","H,,S","101",",,S","79",",,S"
"IN005150100","RAJKOT, IN","22.3","70.783","138.0","2006-06-06",,,"89","H,,S","101",",,S","80",",,S"
"IN005150100","RAJKOT, IN","22.3","70.783","138.0","2006-06-07",,,"89","H,,S","101",",,S","80",",,S"
"IN005150100","RAJKOT, IN","22.3","70.783","138.0","2006-06-08",,,"89","H,,S","101",",,S","80",",,S"
"IN005150100","RAJKOT, IN","22.3","70.783","138.0","2006-06-09",,,"89","H,,S","102",",,S","80",",,S"
"IN005150100","RAJKOT, IN","22.3","70.783","138.0","2006-06-10",,,"90","H,,S","104",",,S","80",",,S"
"IN005150100","RAJKOT, IN","22.3","70.783","138.0","2006-06-11",,,"90","H,,S","102",",,S","80",",,S"
"IN005150100","RAJKOT, IN","22.3","70.783","138.0","2006-06-12",,,"89","H,,S","101",",,S","79",",,S"
"IN005150100","RAJKOT, IN","22.3","70.783","138.0","2006-06-13",,,"89","H,,S","101",",,S","80",",,S"
"IN005150100","RAJKOT, IN","22.3","70.783","138.0","2006-06-14",,,"89","H,,S","103",",,S","78",",,S"
"IN005150100","RAJKOT, IN","22.3","70.783","138.0","2006-06-15",,,"90","H,,S","103",",,S","79",",,S"
"IN005150100","RAJKOT, IN","22.3","70.783","138.0","2006-06-16",,,"90","H,,S","103",",,S","78",",,S"
"IN005150100","RAJKOT, IN","22.3","70.783","138.0","2006-06-17",,,"92","H,,S",,,"79",",,S"
"IN005150100","RAJKOT, IN","22.3","70.783","138.0","2006-06-18",,,"88","H,,S","101",",,S","80",",,S"
"IN005150100","RAJKOT, IN","22.3","70.783","138.0","2006-06-19",,,"89","H,,S","101",",,S","79",",,S"
"IN005150100","RAJKOT, IN","22.3","70.783","138.0","2006-06-20",,,"87","H,,S","102",",,S","80",",,S"
"IN005150100","RAJKOT, IN","22.3","70.783","138.0","2006-06-21",,,"91","H,,S","104",",,S",,
"IN005150100","RAJKOT, IN","22.3","70.783","138.0","2006-06-22",,,"92","H,,S","108",",,S","82",",,S"
"IN005150100","RAJKOT, IN","22.3","70.783","138.0","2006-06-23",,,"93","H,,S","107",",,S","83",",,S"
"IN005150100","RAJKOT, IN","22.3","70.783","138.0","2006-06-24",,,"92","H,,S","99",",,S","82",",,S"
"IN005150100","RAJKOT, IN","22.3","70.783","138.0","2006-06-25",,,"86","H,,S","98",",,S",,
"IN005150100","RAJKOT, IN","22.3","70.783","138.0","2006-06-26",,,"88","H,,S","96",",,S","78",",,S"
"IN005150100","RAJKOT, IN","22.3","70.783","138.0","2006-06-27",,,"86","H,,S","95",",,S","80",",,S"
"IN005150100","RAJKOT, IN","22.3","70.783","138.0","2006-06-28",,,"88","H,,S","96",",,S","81",",,S"
"IN005150100","RAJKOT, IN","22.3","70.783","138.0","2006-06-29",,,"84","H,,S","97",",,S","81",",,S"
"IN005150100","RAJKOT, IN","22.3","70.783","138.0","2006-06-30",,,"86","H,,S","94",",,S","80",",,S"
"IN005150100","RAJKOT, IN","22.3","70.783","138.0","2006-07-01",,,"87","H,,S","98",",,S","79",",,S"
"IN005150100","RAJKOT, IN","22.3","70.783","138.0","2006-07-02",,,"83","H,,S","95",",,S","79",",,S"
"IN005150100","RAJKOT, IN","22.3","70.783","138.0","2006-07-03",,,"84","H,,S","90",",,S",,
"IN005150100","RAJKOT, IN","22.3","70.783","138.0","2006-07-04","0.71",",,S","85","H,,S","92",",,S","76",",,S"
"IN005150100","RAJKOT, IN","22.3","70.783","138.0","2006-07-05","0.00",",,S","80","H,,S","84",",,S",,
"IN005150100","RAJKOT, IN","22.3","70.783","138.0","2006-07-06","3.50",",,S","78","H,,S","82",",,S","75",",,S"
"IN005150100","RAJKOT, IN","22.3","70.783","138.0","2006-07-07","0.59",",,S","82","H,,S","87",",,S","80",",,S"
"IN005150100","RAJKOT, IN","22.3","70.783","138.0","2006-07-08","0.00",",,S","84","H,,S","91",",,S",,
"IN005150100","RAJKOT, IN","22.3","70.783","138.0","2006-07-09",,,"83","H,,S",,,"80",",,S"
"IN005150100","RAJKOT, IN","22.3","70.783","138.0","2006-07-10","0.00",",,S","85","H,,S","90",",,S","80",",,S"
"IN005150100","RAJKOT, IN","22.3","70.783","138.0","2006-07-11",,,"85","H,,S","91",",,S","80",",,S"
"IN005150100","RAJKOT, IN","22.3","70.783","138.0","2006-07-12",,,"85","H,,S","92",",,S","79",",,S"
"IN005150100","RAJKOT, IN","22.3","70.783","138.0","2006-07-13",,,"85","H,,S","92",",,S","80",",,S"
"IN005150100","RAJKOT, IN","22.3","70.783","138.0","2006-07-14",,,"85","H,,S","92",",,S","80",",,S"
"IN005150100","RAJKOT, IN","22.3","70.783","138.0","2006-07-15",,,"86","H,,S","93",",,S","80",",,S"
"IN005150100","RAJKOT, IN","22.3","70.783","138.0","2006-07-16",,,"86","H,,S","96",",,S","79",",,S"
"IN005150100","RAJKOT, IN","22.3","70.783","138.0","2006-07-17",,,"87","H,,S","96",",,S","78",",,S"
"IN005150100","RAJKOT, IN","22.3","70.783","138.0","2006-07-18",,,"86","H,,S","93",",,S","78",",,S"
"IN005150100","RAJKOT, IN","22.3","70.783","138.0","2006-07-19",,,"84","H,,S",,,"79",",,S"
"IN005150100","RAJKOT, IN","22.3","70.783","138.0","2006-07-20",,,"86","H,,S","97",",,S","78",",,S"
"IN005150100","RAJKOT, IN","22.3","70.783","138.0","2006-07-21",,,"82","H,,S","91",",,S",,
"IN005150100","RAJKOT, IN","22.3","70.783","138.0","2006-07-22","1.38",",,S","78","H,,S","85",",,S","74",",,S"
"IN005150100","RAJKOT, IN","22.3","70.783","138.0","2006-07-23","0.16",",,S","80","H,,S","88",",,S","76",",,S"
"IN005150100","RAJKOT, IN","22.3","70.783","138.0","2006-07-24","0.12",",,S","84","H,,S","90",",,S","77",",,S"
"IN005150100","RAJKOT, IN","22.3","70.783","138.0","2006-07-25","0.02",",,S","82","H,,S","90",",,S","77",",,S"
"IN005150100","RAJKOT, IN","22.3","70.783","138.0","2006-07-26","0.39",",,S","81","H,,S","88",",,S","77",",,S"
"IN005150100","RAJKOT, IN","22.3","70.783","138.0","2006-07-27","0.08",",,S","80","H,,S","87",",,S","77",",,S"
"IN005150100","RAJKOT, IN","22.3","70.783","138.0","2006-07-28","0.24",",,S","79","H,,S","82",",,S","76",",,S"
"IN005150100","RAJKOT, IN","22.3","70.783","138.0","2006-07-29","0.35",",,S","78","H,,S","81",",,S",,
"IN005150100","RAJKOT, IN","22.3","70.783","138.0","2006-07-30",,,"76","H,,S","77",",,S","74",",,S"
"IN005150100","RAJKOT, IN","22.3","70.783","138.0","2006-07-31","7.40",",,S","79","H,,S","84",",,S","74",",,S"
"IN005150100","RAJKOT, IN","22.3","70.783","138.0","2006-08-01","0.17",",,S","77","H,,S","78",",,S","76",",,S"
"IN005150100","RAJKOT, IN","22.3","70.783","138.0","2006-08-02","0.47",",,S","78","H,,S","84",",,S","74",",,S"
"IN005150100","RAJKOT, IN","22.3","70.783","138.0","2006-08-03","0.43",",,S","80","H,,S","87",",,S","76",",,S"
"IN005150100","RAJKOT, IN","22.3","70.783","138.0","2006-08-04","0.08",",,S","80","H,,S","87",",,S","76",",,S"
"IN005150100","RAJKOT, IN","22.3","70.783","138.0","2006-08-05","0.35",",,S","81","H,,S",,,"75",",,S"
"IN005150100","RAJKOT, IN","22.3","70.783","138.0","2006-08-06","0.03",",,S","81","H,,S","88",",,S","76",",,S"
"IN005150100","RAJKOT, IN","22.3","70.783","138.0","2006-08-07","0.03",",,S","81","H,,S",,,"76",",,S"
"IN005150100","RAJKOT, IN","22.3","70.783","138.0","2006-08-08","0.03",",,S","79","H,,S","85",",,S","76",",,S"
"IN005150100","RAJKOT, IN","22.3","70.783","138.0","2006-08-09","0.24",",,S","80","H,,S","86",",,S","76",",,S"
"IN005150100","RAJKOT, IN","22.3","70.783","138.0","2006-08-10","0.04",",,S","82","H,,S","87",",,S","76",",,S"
"IN005150100","RAJKOT, IN","22.3","70.783","138.0","2006-08-11","0.00",",,S","81","H,,S","86",",,S","76",",,S"
"IN005150100","RAJKOT, IN","22.3","70.783","138.0","2006-08-12","0.08",",,S","80","H,,S","84",",,S","76",",,S"
"IN005150100","RAJKOT, IN","22.3","70.783","138.0","2006-08-13","0.53",",,S","77","H,,S","79",",,S",,
"IN005150100","RAJKOT, IN","22.3","70.783","138.0","2006-08-14","0.51",",,S","78","H,,S","83",",,S","74",",,S"
"IN005150100","RAJKOT, IN","22.3","70.783","138.0","2006-08-15","0.35",",,S","79","H,,S","83",",,S","75",",,S"
"IN005150100","RAJKOT, IN","22.3","70.783","138.0","2006-08-16","0.12",",,S","77","H,,S","83",",,S",,
"IN005150100","RAJKOT, IN","22.3","70.783","138.0","2006-08-17","2.05",",,S","79","H,,S","85",",,S","73",",,S"
"IN005150100","RAJKOT, IN","22.3","70.783","138.0","2006-08-18","0.00",",,S","81","H,,S","88",",,S","75",",,S"
"IN005150100","RAJKOT, IN","22.3","70.783","138.0","2006-08-19","0.01",",,S","81","H,,S","88",",,S","75",",,S"
"IN005150100","RAJKOT, IN","22.3","70.783","138.0","2006-08-20","0.04",",,S","82","H,,S","89",",,S","76",",,S"
"IN005150100","RAJKOT, IN","22.3","70.783","138.0","2006-08-21","0.04",",,S","79","H,,S","84",",,S",,
"IN005150100","RAJKOT, IN","22.3","70.783","138.0","2006-08-22","0.20",",,S","80","H,,S","87",",,S","73",",,S"
"IN005150100","RAJKOT, IN","22.3","70.783","138.0","2006-08-23","0.02",",,S","82","H,,S","89",",,S","75",",,S"
"IN005150100","RAJKOT, IN","22.3","70.783","138.0","2006-08-24","0.02",",,S","80","H,,S","86",",,S","76",",,S"
"IN005150100","RAJKOT, IN","22.3","70.783","138.0","2006-08-25","0.16",",,S","81","H,,S","89",",,S",,
"IN005150100","RAJKOT, IN","22.3","70.783","138.0","2006-08-26","0.00",",,S","80","H,,S","87",",,S","76",",,S"
"IN005150100","RAJKOT, IN","22.3","70.783","138.0","2006-08-27",,,"82","H,,S","89",",,S","76",",,S"
"IN005150100","RAJKOT, IN","22.3","70.783","138.0","2006-08-28",,,"81","H,,S","90",",,S","76",",,S"
"IN005150100","RAJKOT, IN","22.3","70.783","138.0","2006-08-29",,,"83","H,,S","91",",,S","76",",,S"
"IN005150100","RAJKOT, IN","22.3","70.783","138.0","2006-08-30",,,"81","H,,S","90",",,S","74",",,S"
"IN005150100","RAJKOT, IN","22.3","70.783","138.0","2006-08-31",,,"80","H,,S","90",",,S","74",",,S"
"IN005150100","RAJKOT, IN","22.3","70.783","138.0","2006-09-01",,,"81","H,,S","91",",,S","74",",,S"
"IN005150100","RAJKOT, IN","22.3","70.783","138.0","2006-09-02",,,"82","H,,S","91",",,S","74",",,S"
"IN005150100","RAJKOT, IN","22.3","70.783","138.0","2006-09-03",,,"82","H,,S","92",",,S","75",",,S"
"IN005150100","RAJKOT, IN","22.3","70.783","138.0","2006-09-04",,,"82","H,,S","92",",,S","74",",,S"
"IN005150100","RAJKOT, IN","22.3","70.783","138.0","2006-09-05",,,"83","H,,S","93",",,S","74",",,S"
"IN005150100","RAJKOT, IN","22.3","70.783","138.0","2006-09-06",,,"82","H,,S","91",",,S","76",",,S"
"IN005150100","RAJKOT, IN","22.3","70.783","138.0","2006-09-07","0.47",",,S","78","H,,S",,,"75",",,S"
"IN005150100","RAJKOT, IN","22.3","70.783","138.0","2006-09-08","0.24",",,S","81","H,,S","90",",,S","76",",,S"
"IN005150100","RAJKOT, IN","22.3","70.783","138.0","2006-09-09","0.00",",,S","82","H,,S","91",",,S","74",",,S"
"IN005150100","RAJKOT, IN","22.3","70.783","138.0","2006-09-10",,,"83","H,,S","94",",,S","76",",,S"
"IN005150100","RAJKOT, IN","22.3","70.783","138.0","2006-09-11",,,"83","H,,S","92",",,S","74",",,S"
"IN005150100","RAJKOT, IN","22.3","70.783","138.0","2006-09-12",,,"83","H,,S","92",",,S","74",",,S"
"IN005150100","RAJKOT, IN","22.3","70.783","138.0","2006-09-13",,,"82","H,,S","92",",,S","74",",,S"
"IN005150100","RAJKOT, IN","22.3","70.783","138.0","2006-09-14",,,"83","H,,S","92",",,S","74",",,S"
"IN005150100","RAJKOT, IN","22.3","70.783","138.0","2006-09-15",,,"86","H,,S","96",",,S","75",",,S"
"IN005150100","RAJKOT, IN","22.3","70.783","138.0","2006-09-16","0.91",",,S","80","H,,S","93",",,S","74",",,S"
"IN005150100","RAJKOT, IN","22.3","70.783","138.0","2006-09-17","1.22",",,S","82","H,,S","92",",,S","74",",,S"
"IN005150100","RAJKOT, IN","22.3","70.783","138.0","2006-09-18","0.00",",,S","84","H,,S","92",",,S",,
"IN005150100","RAJKOT, IN","22.3","70.783","138.0","2006-09-19",,,"84","H,,S","93",",,S","78",",,S"
"IN005150100","RAJKOT, IN","22.3","70.783","138.0","2006-09-20",,,"85","H,,S","93",",,S","77",",,S"
"IN005150100","RAJKOT, IN","22.3","70.783","138.0","2006-09-21","0.02",",,S","81","H,,S","92",",,S","77",",,S"
"IN005150100","RAJKOT, IN","22.3","70.783","138.0","2006-09-22","0.63",",,S","81","H,,S","92",",,S","74",",,S"
"IN005150100","RAJKOT, IN","22.3","70.783","138.0","2006-09-23","0.02",",,S","82","H,,S","93",",,S","76",",,S"
"IN005150100","RAJKOT, IN","22.3","70.783","138.0","2006-09-24","0.91",",,S","81","H,,S","90",",,S","76",",,S"
"IN005150100","RAJKOT, IN","22.3","70.783","138.0","2006-09-25","0.28",",,S","83","H,,S","92",",,S","75",",,S"
"IN005150100","RAJKOT, IN","22.3","70.783","138.0","2006-09-26","0.00",",,S","82","H,,S","91",",,S","76",",,S"
"IN005150100","RAJKOT, IN","22.3","70.783","138.0","2006-09-27","0.03",",,S","83","H,,S","91",",,S","75",",,S"
"IN005150100","RAJKOT, IN","22.3","70.783","138.0","2006-09-28","0.00",",,S","83","H,,S","92",",,S","75",",,S"
"IN005150100","RAJKOT, IN","22.3","70.783","138.0","2006-09-29",,,"83","H,,S","92",",,S","75",",,S"
"IN005150100","RAJKOT, IN","22.3","70.783","138.0","2006-09-30",,,"83","H,,S","92",",,S","75",",,S"
"IN005150100","RAJKOT, IN","22.3","70.783","138.0","2006-10-01",,,"83","H,,S","94",",,S","75",",,S"
"IN005150100","RAJKOT, IN","22.3","70.783","138.0","2006-10-02",,,"85","H,,S","96",",,S","77",",,S"
"IN005150100","RAJKOT, IN","22.3","70.783","138.0","2006-10-03",,,"87","H,,S","96",",,S",,
"IN005150100","RAJKOT, IN","22.3","70.783","138.0","2006-10-04",,,"84","H,,S","95",",,S","77",",,S"
"IN005150100","RAJKOT, IN","22.3","70.783","138.0","2006-10-05",,,"84","H,,S","95",",,S","75",",,S"
"IN005150100","RAJKOT, IN","22.3","70.783","138.0","2006-10-06",,,"83","H,,S","95",",,S","73",",,S"
"IN005150100","RAJKOT, IN","22.3","70.783","138.0","2006-10-07",,,"83","H,,S","93",",,S","73",",,S"
"IN005150100","RAJKOT, IN","22.3","70.783","138.0","2006-10-08",,,"81","H,,S",,,"73",",,S"
"IN005150100","RAJKOT, IN","22.3","70.783","138.0","2006-10-09",,,"82","H,,S","93",",,S","72",",,S"
"IN005150100","RAJKOT, IN","22.3","70.783","138.0","2006-10-10",,,"82","H,,S","94",",,S","72",",,S"
"IN005150100","RAJKOT, IN","22.3","70.783","138.0","2006-10-11",,,"83","H,,S","94",",,S","72",",,S"
"IN005150100","RAJKOT, IN","22.3","70.783","138.0","2006-10-12",,,"83","H,,S","94",",,S","73",",,S"
"IN005150100","RAJKOT, IN","22.3","70.783","138.0","2006-10-13",,,"83","H,,S","95",",,S","73",",,S"
"IN005150100","RAJKOT, IN","22.3","70.783","138.0","2006-10-14",,,"84","H,,S","96",",,S","73",",,S"
"IN005150100","RAJKOT, IN","22.3","70.783","138.0","2006-10-15",,,"85","H,,S","98",",,S","72",",,S"
"IN005150100","RAJKOT, IN","22.3","70.783","138.0","2006-10-16",,,"85","H,,S","99",",,S","73",",,S"
"IN005150100","RAJKOT, IN","22.3","70.783","138.0","2006-10-17",,,"85","H,,S","99",",,S","71",",,S"
"IN005150100","RAJKOT, IN","22.3","70.783","138.0","2006-10-18",,,"85","H,,S","99",",,S","72",",,S"
"IN005150100","RAJKOT, IN","22.3","70.783","138.0","2006-10-19",,,"85","H,,S","99",",,S","71",",,S"
"IN005150100","RAJKOT, IN","22.3","70.783","138.0","2006-10-20",,,"84","H,,S","98",",,S","72",",,S"
"IN005150100","RAJKOT, IN","22.3","70.783","138.0","2006-10-21",,,"84","H,,S","98",",,S","72",",,S"
"IN005150100","RAJKOT, IN","22.3","70.783","138.0","2006-10-22",,,"83","H,,S","97",",,S","72",",,S"
"IN005150100","RAJKOT, IN","22.3","70.783","138.0","2006-10-23",,,"84","H,,S","96",",,S","72",",,S"
"IN005150100","RAJKOT, IN","22.3","70.783","138.0","2006-10-24",,,"84","H,,S","98",",,S","72",",,S"
"IN005150100","RAJKOT, IN","22.3","70.783","138.0","2006-10-25",,,"84","H,,S","99",",,S","68",",,S"
"IN005150100","RAJKOT, IN","22.3","70.783","138.0","2006-10-26",,,"83","H,,S","98",",,S","69",",,S"
"IN005150100","RAJKOT, IN","22.3","70.783","138.0","2006-10-27",,,"85","H,,S","98",",,S","72",",,S"
"IN005150100","RAJKOT, IN","22.3","70.783","138.0","2006-10-28",,,"85","H,,S","97",",,S","71",",,S"
"IN005150100","RAJKOT, IN","22.3","70.783","138.0","2006-10-29",,,"85","H,,S","95",",,S","74",",,S"
"IN005150100","RAJKOT, IN","22.3","70.783","138.0","2006-10-30",,,"83","H,,S","95",",,S","74",",,S"
"IN005150100","RAJKOT, IN","22.3","70.783","138.0","2006-10-31",,,"82","H,,S","96",",,S","67",",,S"
"IN005150100","RAJKOT, IN","22.3","70.783","138.0","2006-11-01",,,"82","H,,S","96",",,S","67",",,S"
"IN005150100","RAJKOT, IN","22.3","70.783","138.0","2006-11-02",,,"81","H,,S","96",",,S","65",",,S"
"IN005150100","RAJKOT, IN","22.3","70.783","138.0","2006-11-03",,,"82","H,,S","95",",,S","67",",,S"
"IN005150100","RAJKOT, IN","22.3","70.783","138.0","2006-11-04",,,"84","H,,S","95",",,S","65",",,S"
"IN005150100","RAJKOT, IN","22.3","70.783","138.0","2006-11-05",,,"84","H,,S","96",",,S","70",",,S"
"IN005150100","RAJKOT, IN","22.3","70.783","138.0","2006-11-06",,,"83","H,,S","96",",,S","70",",,S"
"IN005150100","RAJKOT, IN","22.3","70.783","138.0","2006-11-07",,,"80","H,,S","92",",,S","71",",,S"
"IN005150100","RAJKOT, IN","22.3","70.783","138.0","2006-11-08",,,"82","H,,S",,,"68",",,S"
"IN005150100","RAJKOT, IN","22.3","70.783","138.0","2006-11-09",,,"81","H,,S","94",",,S","67",",,S"
"IN005150100","RAJKOT, IN","22.3","70.783","138.0","2006-11-10",,,"81","H,,S","95",",,S","68",",,S"
"IN005150100","RAJKOT, IN","22.3","70.783","138.0","2006-11-11",,,"81","H,,S","94",",,S","65",",,S"
"IN005150100","RAJKOT, IN","22.3","70.783","138.0","2006-11-12",,,"79","H,,S","93",",,S","64",",,S"
"IN005150100","RAJKOT, IN","22.3","70.783","138.0","2006-11-13",,,"78","H,,S","91",",,S","65",",,S"
"IN005150100","RAJKOT, IN","22.3","70.783","138.0","2006-11-14",,,"81","H,,S","94",",,S","67",",,S"
"IN005150100","RAJKOT, IN","22.3","70.783","138.0","2006-11-15",,,"82","H,,S","93",",,S","67",",,S"
"IN005150100","RAJKOT, IN","22.3","70.783","138.0","2006-11-16",,,"82","H,,S","93",",,S","73",",,S"
"IN005150100","RAJKOT, IN","22.3","70.783","138.0","2006-11-17",,,"78","H,,S","92",",,S","66",",,S"
"IN005150100","RAJKOT, IN","22.3","70.783","138.0","2006-11-18",,,"81","H,,S","93",",,S","65",",,S"
"IN005150100","RAJKOT, IN","22.3","70.783","138.0","2006-11-19",,,"79","H,,S","93",",,S","66",",,S"
"IN005150100","RAJKOT, IN","22.3","70.783","138.0","2006-11-20",,,"78","H,,S","92",",,S","63",",,S"
"IN005150100","RAJKOT, IN","22.3","70.783","138.0","2006-11-21",,,"80","H,,S","93",",,S","64",",,S"
"IN005150100","RAJKOT, IN","22.3","70.783","138.0","2006-11-22",,,"79","H,,S","91",",,S","70",",,S"
"IN005150100","RAJKOT, IN","22.3","70.783","138.0","2006-11-23",,,"78","H,,S","90",",,S",,
"IN005150100","RAJKOT, IN","22.3","70.783","138.0","2006-11-24",,,"73","H,,S","88",",,S","60",",,S"
"IN005150100","RAJKOT, IN","22.3","70.783","138.0","2006-11-25",,,"72","H,,S","86",",,S","59",",,S"
"IN005150100","RAJKOT, IN","22.3","70.783","138.0","2006-11-26",,,"72","H,,S","86",",,S","56",",,S"
"IN005150100","RAJKOT, IN","22.3","70.783","138.0","2006-11-27",,,"73","H,,S","86",",,S","56",",,S"
"IN005150100","RAJKOT, IN","22.3","70.783","138.0","2006-11-28",,,"73","H,,S","86",",,S","53",",,S"
"IN005150100","RAJKOT, IN","22.3","70.783","138.0","2006-11-29",,,"76","H,,S","86",",,S","67",",,S"
"IN005150100","RAJKOT, IN","22.3","70.783","138.0","2006-11-30",,,"75","H,,S","89",",,S",,
"IN005150100","RAJKOT, IN","22.3","70.783","138.0","2006-12-01",,,"72","H,,S","88",",,S","58",",,S"
"IN005150100","RAJKOT, IN","22.3","70.783","138.0","2006-12-02",,,"72","H,,S","87",",,S","56",",,S"
"IN005150100","RAJKOT, IN","22.3","70.783","138.0","2006-12-03",,,"76","H,,S","90",",,S","58",",,S"
"IN005150100","RAJKOT, IN","22.3","70.783","138.0","2006-12-04",,,"77","H,,S","90",",,S","60",",,S"
"IN005150100","RAJKOT, IN","22.3","70.783","138.0","2006-12-05",,,"75","H,,S","85",",,S",,
"IN005150100","RAJKOT, IN","22.3","70.783","138.0","2006-12-06",,,"73","H,,S",,,"62",",,S"
"IN005150100","RAJKOT, IN","22.3","70.783","138.0","2006-12-07",,,"67","H,,S","83",",,S","57",",,S"
"IN005150100","RAJKOT, IN","22.3","70.783","138.0","2006-12-08",,,"67","H,,S","81",",,S","54",",,S"
"IN005150100","RAJKOT, IN","22.3","70.783","138.0","2006-12-09",,,"67","H,,S","82",",,S",,
"IN005150100","RAJKOT, IN","22.3","70.783","138.0","2006-12-10",,,"68","H,,S","82",",,S","51",",,S"
"IN005150100","RAJKOT, IN","22.3","70.783","138.0","2006-12-11",,,"71","H,,S","82",",,S","59",",,S"
"IN005150100","RAJKOT, IN","22.3","70.783","138.0","2006-12-12",,,"68","H,,S","82",",,S","52",",,S"
"IN005150100","RAJKOT, IN","22.3","70.783","138.0","2006-12-13",,,"71","H,,S",,,"56",",,S"
"IN005150100","RAJKOT, IN","22.3","70.783","138.0","2006-12-14",,,"73","H,,S","89",",,S","56",",,S"
"IN005150100","RAJKOT, IN","22.3","70.783","138.0","2006-12-15",,,"75","H,,S","89",",,S","62",",,S"
"IN005150100","RAJKOT, IN","22.3","70.783","138.0","2006-12-16",,,"73","H,,S","88",",,S","58",",,S"
"IN005150100","RAJKOT, IN","22.3","70.783","138.0","2006-12-17",,,"76","H,,S","89",",,S","61",",,S"
"IN005150100","RAJKOT, IN","22.3","70.783","138.0","2006-12-18",,,"74","H,,S","89",",,S","63",",,S"
"IN005150100","RAJKOT, IN","22.3","70.783","138.0","2006-12-19",,,"72","H,,S","88",",,S","57",",,S"
"IN005150100","RAJKOT, IN","22.3","70.783","138.0","2006-12-20",,,"71","H,,S","86",",,S","54",",,S"
"IN005150100","RAJKOT, IN","22.3","70.783","138.0","2006-12-21",,,"75","H,,S","88",",,S","54",",,S"
"IN005150100","RAJKOT, IN","22.3","70.783","138.0","2006-12-22",,,"72","H,,S","87",",,S","56",",,S"
"IN005150100","RAJKOT, IN","22.3","70.783","138.0","2006-12-23",,,"75","H,,S","87",",,S","60",",,S"
"IN005150100","RAJKOT, IN","22.3","70.783","138.0","2006-12-24",,,"76","H,,S","89",",,S","61",",,S"
"IN005150100","RAJKOT, IN","22.3","70.783","138.0","2006-12-25",,,"76","H,,S","89",",,S","68",",,S"
"IN005150100","RAJKOT, IN","22.3","70.783","138.0","2006-12-26",,,"72","H,,S","84",",,S","63",",,S"
"IN005150100","RAJKOT, IN","22.3","70.783","138.0","2006-12-27",,,"69","H,,S","83",",,S",,
"IN005150100","RAJKOT, IN","22.3","70.783","138.0","2006-12-28",,,"68","H,,S","83",",,S","54",",,S"
"IN005150100","RAJKOT, IN","22.3","70.783","138.0","2006-12-29",,,"69","H,,S","85",",,S",,
"IN005150100","RAJKOT, IN","22.3","70.783","138.0","2006-12-30",,,"71","H,,S","82",",,S","55",",,S"
"IN005150100","RAJKOT, IN","22.3","70.783","138.0","2006-12-31",,,"71","H,,S","83",",,S","57",",,S"
"IN005150100","RAJKOT, IN","22.3","70.783","138.0","2007-01-01",,,"72","H,,S","83",",,S","65",",,S"
"IN005150100","RAJKOT, IN","22.3","70.783","138.0","2007-01-02",,,"69","H,,S","82",",,S","60",",,S"
"IN005150100","RAJKOT, IN","22.3","70.783","138.0","2007-01-03",,,"70","H,,S","81",",,S",,
"IN005150100","RAJKOT, IN","22.3","70.783","138.0","2007-01-04",,,"70","H,,S","81",",,S","55",",,S"
"IN005150100","RAJKOT, IN","22.3","70.783","138.0","2007-01-05",,,"65","H,,S","79",",,S",,
"IN005150100","RAJKOT, IN","22.3","70.783","138.0","2007-01-06",,,"63","H,,S","78",",,S","45",",,S"
"IN005150100","RAJKOT, IN","22.3","70.783","138.0","2007-01-07",,,"66","H,,S","82",",,S","48",",,S"
"IN005150100","RAJKOT, IN","22.3","70.783","138.0","2007-01-08",,,"68","H,,S","85",",,S","51",",,S"
"IN005150100","RAJKOT, IN","22.3","70.783","138.0","2007-01-09",,,"67","H,,S","83",",,S","52",",,S"
"IN005150100","RAJKOT, IN","22.3","70.783","138.0","2007-01-10",,,"68","H,,S","83",",,S","51",",,S"
"IN005150100","RAJKOT, IN","22.3","70.783","138.0","2007-01-11",,,"67","H,,S","81",",,S","53",",,S"
"IN005150100","RAJKOT, IN","22.3","70.783","138.0","2007-01-12",,,"65","H,,S","79",",,S","50",",,S"
"IN005150100","RAJKOT, IN","22.3","70.783","138.0","2007-01-13",,,"64","H,,S","80",",,S","49",",,S"
"IN005150100","RAJKOT, IN","22.3","70.783","138.0","2007-01-14",,,"67","H,,S","83",",,S","51",",,S"
"IN005150100","RAJKOT, IN","22.3","70.783","138.0","2007-01-15",,,"68","H,,S","82",",,S","49",",,S"
"IN005150100","RAJKOT, IN","22.3","70.783","138.0","2007-01-16",,,"69","H,,S","81",",,S","59",",,S"
"IN005150100","RAJKOT, IN","22.3","70.783","138.0","2007-01-17",,,"70","H,,S","83",",,S","53",",,S"
"IN005150100","RAJKOT, IN","22.3","70.783","138.0","2007-01-18",,,"71","H,,S","87",",,S","52",",,S"
"IN005150100","RAJKOT, IN","22.3","70.783","138.0","2007-01-19",,,"71","H,,S","87",",,S","51",",,S"
"IN005150100","RAJKOT, IN","22.3","70.783","138.0","2007-01-20",,,"70","H,,S","85",",,S","56",",,S"
"IN005150100","RAJKOT, IN","22.3","70.783","138.0","2007-01-21",,,"68","H,,S","84",",,S","54",",,S"
"IN005150100","RAJKOT, IN","22.3","70.783","138.0","2007-01-22",,,"67","H,,S","83",",,S","51",",,S"
"IN005150100","RAJKOT, IN","22.3","70.783","138.0","2007-01-23",,,"69","H,,S","86",",,S","52",",,S"
"IN005150100","RAJKOT, IN","22.3","70.783","138.0","2007-01-24",,,"74","H,,S","90",",,S","56",",,S"
"IN005150100","RAJKOT, IN","22.3","70.783","138.0","2007-01-25",,,"72","H,,S","89",",,S","55",",,S"
"IN005150100","RAJKOT, IN","22.3","70.783","138.0","2007-01-26",,,"71","H,,S","87",",,S","56",",,S"
"IN005150100","RAJKOT, IN","22.3","70.783","138.0","2007-01-27",,,"72","H,,S","87",",,S","55",",,S"
"IN005150100","RAJKOT, IN","22.3","70.783","138.0","2007-01-28",,,"76","H,,S","91",",,S","59",",,S"
"IN005150100","RAJKOT, IN","22.3","70.783","138.0","2007-01-29",,,"78","H,,S","91",",,S","65",",,S"
"IN005150100","RAJKOT, IN","22.3","70.783","138.0","2007-01-30",,,"78","H,,S","92",",,S","63",",,S"
"IN005150100","RAJKOT, IN","22.3","70.783","138.0","2007-01-31",,,"79","H,,S","93",",,S","67",",,S"
"IN005150100","RAJKOT, IN","22.3","70.783","138.0","2007-02-01",,,"74","H,,S","89",",,S","59",",,S"
"IN005150100","RAJKOT, IN","22.3","70.783","138.0","2007-02-02",,,"75","H,,S","90",",,S","55",",,S"
"IN005150100","RAJKOT, IN","22.3","70.783","138.0","2007-02-03",,,"72","H,,S","86",",,S","60",",,S"
"IN005150100","RAJKOT, IN","22.3","70.783","138.0","2007-02-04",,,"74","H,,S","89",",,S","62",",,S"
"IN005150100","RAJKOT, IN","22.3","70.783","138.0","2007-02-05",,,"76","H,,S","90",",,S","63",",,S"
"IN005150100","RAJKOT, IN","22.3","70.783","138.0","2007-02-06",,,"76","H,,S","91",",,S","63",",,S"
"IN005150100","RAJKOT, IN","22.3","70.783","138.0","2007-02-07",,,"76","H,,S","89",",,S","66",",,S"
"IN005150100","RAJKOT, IN","22.3","70.783","138.0","2007-02-08",,,"77","H,,S","91",",,S","62",",,S"
"IN005150100","RAJKOT, IN","22.3","70.783","138.0","2007-02-09",,,"78","H,,S","90",",,S","61",",,S"
"IN005150100","RAJKOT, IN","22.3","70.783","138.0","2007-02-10",,,"73","H,,S",,,"65",",,S"
"IN005150100","RAJKOT, IN","22.3","70.783","138.0","2007-02-11",,,"73","H,,S","85",",,S","62",",,S"
"IN005150100","RAJKOT, IN","22.3","70.783","138.0","2007-02-12",,,"71","H,,S","83",",,S","57",",,S"
"IN005150100","RAJKOT, IN","22.3","70.783","138.0","2007-02-13",,,"72","H,,S","83",",,S","63",",,S"
"IN005150100","RAJKOT, IN","22.3","70.783","138.0","2007-02-14",,,"72","H,,S","84",",,S","62",",,S"
"IN005150100","RAJKOT, IN","22.3","70.783","138.0","2007-02-15",,,"74","H,,S","85",",,S","59",",,S"
"IN005150100","RAJKOT, IN","22.3","70.783","138.0","2007-02-16",,,"74","H,,S","87",",,S","62",",,S"
"IN005150100","RAJKOT, IN","22.3","70.783","138.0","2007-02-17",,,"76","H,,S","89",",,S","60",",,S"
"IN005150100","RAJKOT, IN","22.3","70.783","138.0","2007-02-18",,,"75","H,,S","88",",,S","64",",,S"
"IN005150100","RAJKOT, IN","22.3","70.783","138.0","2007-02-19",,,"78","H,,S","92",",,S","62",",,S"
"IN005150100","RAJKOT, IN","22.3","70.783","138.0","2007-02-20",,,"81","H,,S","96",",,S","63",",,S"
"IN005150100","RAJKOT, IN","22.3","70.783","138.0","2007-02-21",,,"83","H,,S","98",",,S","67",",,S"
"IN005150100","RAJKOT, IN","22.3","70.783","138.0","2007-02-22",,,"81","H,,S","96",",,S","65",",,S"
"IN005150100","RAJKOT, IN","22.3","70.783","138.0","2007-02-23",,,"82","H,,S","96",",,S","66",",,S"
"IN005150100","RAJKOT, IN","22.3","70.783","138.0","2007-02-24",,,"82","H,,S","95",",,S","67",",,S"
"IN005150100","RAJKOT, IN","22.3","70.783","138.0","2007-02-25",,,"78","H,,S","90",",,S","65",",,S"
"IN005150100","RAJKOT, IN","22.3","70.783","138.0","2007-02-26",,,"78","H,,S",,,"62",",,S"
"IN005150100","RAJKOT, IN","22.3","70.783","138.0","2007-02-27",,,"77","H,,S","91",",,S","65",",,S"
"IN005150100","RAJKOT, IN","22.3","70.783","138.0","2007-02-28",,,"76","H,,S",,,"65",",,S"
"IN005150100","RAJKOT, IN","22.3","70.783","138.0","2007-03-01",,,"75","H,,S","87",",,S",,
"IN005150100","RAJKOT, IN","22.3","70.783","138.0","2007-03-02",,,"77","H,,S","88",",,S","55",",,S"
"IN005150100","RAJKOT, IN","22.3","70.783","138.0","2007-03-03",,,"77","H,,S","92",",,S","58",",,S"
"IN005150100","RAJKOT, IN","22.3","70.783","138.0","2007-03-04",,,"79","H,,S","95",",,S","60",",,S"
"IN005150100","RAJKOT, IN","22.3","70.783","138.0","2007-03-05",,,"79","H,,S","94",",,S","64",",,S"
"IN005150100","RAJKOT, IN","22.3","70.783","138.0","2007-03-06",,,"79","H,,S","94",",,S",,
"IN005150100","RAJKOT, IN","22.3","70.783","138.0","2007-03-07",,,"78","H,,S","92",",,S","62",",,S"
"IN005150100","RAJKOT, IN","22.3","70.783","138.0","2007-03-08",,,"78","H,,S","93",",,S","61",",,S"
"IN005150100","RAJKOT, IN","22.3","70.783","138.0","2007-03-09",,,"79","H,,S","94",",,S","66",",,S"
"IN005150100","RAJKOT, IN","22.3","70.783","138.0","2007-03-10",,,"80","H,,S","93",",,S","69",",,S"
"IN005150100","RAJKOT, IN","22.3","70.783","138.0","2007-03-11",,,"79","H,,S","99",",,S","68",",,S"
"IN005150100","RAJKOT, IN","22.3","70.783","138.0","2007-03-12",,,"81","H,,S","92",",,S","69",",,S"
"IN005150100","RAJKOT, IN","22.3","70.783","138.0","2007-03-13",,,"78","H,,S","89",",,S",,
"IN005150100","RAJKOT, IN","22.3","70.783","138.0","2007-03-14",,,"78","H,,S","92",",,S","61",",,S"
"IN005150100","RAJKOT, IN","22.3","70.783","138.0","2007-03-15",,,"82","H,,S","94",",,S","65",",,S"
"IN005150100","RAJKOT, IN","22.3","70.783","138.0","2007-03-16",,,"85","H,,S","99",",,S","62",",,S"
"IN005150100","RAJKOT, IN","22.3","70.783","138.0","2007-03-17",,,"89","H,,S","103",",,S","68",",,S"
"IN005150100","RAJKOT, IN","22.3","70.783","138.0","2007-03-18",,,"87","H,,S","102",",,S","71",",,S"
"IN005150100","RAJKOT, IN","22.3","70.783","138.0","2007-03-19",,,"85","H,,S","100",",,S","68",",,S"
"IN005150100","RAJKOT, IN","22.3","70.783","138.0","2007-03-20",,,"82","H,,S","95",",,S","71",",,S"
"IN005150100","RAJKOT, IN","22.3","70.783","138.0","2007-03-21",,,"79","H,,S","91",",,S","67",",,S"
"IN005150100","RAJKOT, IN","22.3","70.783","138.0","2007-03-22",,,"77","H,,S","90",",,S","61",",,S"
"IN005150100","RAJKOT, IN","22.3","70.783","138.0","2007-03-23",,,"81","H,,S","96",",,S","64",",,S"
"IN005150100","RAJKOT, IN","22.3","70.783","138.0","2007-03-24",,,"84","H,,S","99",",,S","65",",,S"
"IN005150100","RAJKOT, IN","22.3","70.783","138.0","2007-03-25",,,"85","H,,S","99",",,S","67",",,S"
"IN005150100","RAJKOT, IN","22.3","70.783","138.0","2007-03-26",,,"85","H,,S","100",",,S","69",",,S"
"IN005150100","RAJKOT, IN","22.3","70.783","138.0","2007-03-27",,,"87","H,,S","104",",,S","69",",,S"
"IN005150100","RAJKOT, IN","22.3","70.783","138.0","2007-03-28",,,"88","H,,S","105",",,S","71",",,S"
"IN005150100","RAJKOT, IN","22.3","70.783","138.0","2007-03-29",,,"89","H,,S","107",",,S","71",",,S"
"IN005150100","RAJKOT, IN","22.3","70.783","138.0","2007-03-30",,,"90","H,,S","107",",,S",,
"IN005150100","RAJKOT, IN","22.3","70.783","138.0","2007-03-31",,,"87","H,,S","105",",,S","72",",,S"
"IN005150100","RAJKOT, IN","22.3","70.783","138.0","2007-04-01",,,"87","H,,S","103",",,S","71",",,S"
"IN005150100","RAJKOT, IN","22.3","70.783","138.0","2007-04-02",,,"86","H,,S","103",",,S","69",",,S"
"IN005150100","RAJKOT, IN","22.3","70.783","138.0","2007-04-03",,,"86","H,,S","104",",,S","68",",,S"
"IN005150100","RAJKOT, IN","22.3","70.783","138.0","2007-04-04",,,"88","H,,S","107",",,S","66",",,S"
"IN005150100","RAJKOT, IN","22.3","70.783","138.0","2007-04-05",,,"92","H,,S","108",",,S",,
"IN005150100","RAJKOT, IN","22.3","70.783","138.0","2007-04-06",,,"91","H,,S","108",",,S","75",",,S"
"IN005150100","RAJKOT, IN","22.3","70.783","138.0","2007-04-07",,,"90","H,,S","107",",,S","74",",,S"
"IN005150100","RAJKOT, IN","22.3","70.783","138.0","2007-04-08",,,"89","H,,S","105",",,S","73",",,S"
"IN005150100","RAJKOT, IN","22.3","70.783","138.0","2007-04-09",,,"89","H,,S","105",",,S","73",",,S"
"IN005150100","RAJKOT, IN","22.3","70.783","138.0","2007-04-10",,,"89","H,,S","105",",,S","73",",,S"
"IN005150100","RAJKOT, IN","22.3","70.783","138.0","2007-04-11",,,"87","H,,S","104",",,S","74",",,S"
"IN005150100","RAJKOT, IN","22.3","70.783","138.0","2007-04-12",,,"85","H,,S","104",",,S","71",",,S"
"IN005150100","RAJKOT, IN","22.3","70.783","138.0","2007-04-13",,,"87","H,,S","103",",,S","72",",,S"
"IN005150100","RAJKOT, IN","22.3","70.783","138.0","2007-04-14",,,"89","H,,S","105",",,S","73",",,S"
"IN005150100","RAJKOT, IN","22.3","70.783","138.0","2007-04-15",,,"90","H,,S","107",",,S","72",",,S"
"IN005150100","RAJKOT, IN","22.3","70.783","138.0","2007-04-16",,,"89","H,,S","107",",,S","73",",,S"
"IN005150100","RAJKOT, IN","22.3","70.783","138.0","2007-04-17",,,"90","H,,S","107",",,S","74",",,S"
"IN005150100","RAJKOT, IN","22.3","70.783","138.0","2007-04-18",,,"89","H,,S","108",",,S","75",",,S"
"IN005150100","RAJKOT, IN","22.3","70.783","138.0","2007-04-19",,,"88","H,,S","108",",,S","76",",,S"
"IN005150100","RAJKOT, IN","22.3","70.783","138.0","2007-04-20",,,"87","H,,S","107",",,S","76",",,S"
"IN005150100","RAJKOT, IN","22.3","70.783","138.0","2007-04-21","0.00",",,S","88","H,,S","106",",,S","73",",,S"
"IN005150100","RAJKOT, IN","22.3","70.783","138.0","2007-04-22","0.00",",,S","89","H,,S","106",",,S","74",",,S"
"IN005150100","RAJKOT, IN","22.3","70.783","138.0","2007-04-23",,,"88","H,,S","105",",,S","75",",,S"
"IN005150100","RAJKOT, IN","22.3","70.783","138.0","2007-04-24",,,"89","H,,S","106",",,S","76",",,S"
"IN005150100","RAJKOT, IN","22.3","70.783","138.0","2007-04-25",,,"90","H,,S","106",",,S","75",",,S"
"IN005150100","RAJKOT, IN","22.3","70.783","138.0","2007-04-26",,,"90","H,,S","108",",,S","74",",,S"
"IN005150100","RAJKOT, IN","22.3","70.783","138.0","2007-04-27",,,"90","H,,S","107",",,S","76",",,S"
"IN005150100","RAJKOT, IN","22.3","70.783","138.0","2007-04-28",,,"90","H,,S","107",",,S","76",",,S"
"IN005150100","RAJKOT, IN","22.3","70.783","138.0","2007-04-29",,,"89","H,,S","107",",,S","75",",,S"
"IN005150100","RAJKOT, IN","22.3","70.783","138.0","2007-04-30",,,"89","H,,S","107",",,S","74",",,S"
"IN005150100","RAJKOT, IN","22.3","70.783","138.0","2007-05-01",,,"90","H,,S","108",",,S","76",",,S"
"IN005150100","RAJKOT, IN","22.3","70.783","138.0","2007-05-02",,,"89","H,,S","109",",,S","76",",,S"
"IN005150100","RAJKOT, IN","22.3","70.783","138.0","2007-05-03",,,"90","H,,S","109",",,S","76",",,S"
"IN005150100","RAJKOT, IN","22.3","70.783","138.0","2007-05-04",,,"91","H,,S","108",",,S","77",",,S"
"IN005150100","RAJKOT, IN","22.3","70.783","138.0","2007-05-05",,,"89","H,,S",,,"78",",,S"
"IN005150100","RAJKOT, IN","22.3","70.783","138.0","2007-05-06",,,"91","H,,S","107",",,S","78",",,S"
"IN005150100","RAJKOT, IN","22.3","70.783","138.0","2007-05-07",,,"89","H,,S","107",",,S","78",",,S"
"IN005150100","RAJKOT, IN","22.3","70.783","138.0","2007-05-08",,,"92","H,,S","109",",,S","78",",,S"
"IN005150100","RAJKOT, IN","22.3","70.783","138.0","2007-05-09",,,"92","H,,S","109",",,S","78",",,S"
"IN005150100","RAJKOT, IN","22.3","70.783","138.0","2007-05-10",,,"91","H,,S",,,"80",",,S"
"IN005150100","RAJKOT, IN","22.3","70.783","138.0","2007-05-11",,,"90","H,,S","107",",,S","78",",,S"
"IN005150100","RAJKOT, IN","22.3","70.783","138.0","2007-05-12",,,"90","H,,S","105",",,S","78",",,S"
"IN005150100","RAJKOT, IN","22.3","70.783","138.0","2007-05-13",,,"90","H,,S","105",",,S","79",",,S"
"IN005150100","RAJKOT, IN","22.3","70.783","138.0","2007-05-14",,,"89","H,,S","106",",,S","78",",,S"
"IN005150100","RAJKOT, IN","22.3","70.783","138.0","2007-05-15",,,"88","H,,S","103",",,S","78",",,S"
"IN005150100","RAJKOT, IN","22.3","70.783","138.0","2007-05-16",,,"90","H,,S","106",",,S","79",",,S"
"IN005150100","RAJKOT, IN","22.3","70.783","138.0","2007-05-17",,,"90","H,,S","107",",,S","79",",,S"
"IN005150100","RAJKOT, IN","22.3","70.783","138.0","2007-05-18",,,"91","H,,S","106",",,S","79",",,S"
"IN005150100","RAJKOT, IN","22.3","70.783","138.0","2007-05-19",,,"92","H,,S","103",",,S","81",",,S"
"IN005150100","RAJKOT, IN","22.3","70.783","138.0","2007-05-21",,,"93","H,,S","103",",,S",,
"IN005150100","RAJKOT, IN","22.3","70.783","138.0","2007-05-22",,,"90","H,,S","106",",,S","79",",,S"
"IN005150100","RAJKOT, IN","22.3","70.783","138.0","2007-05-23",,,"90","H,,S","107",",,S","79",",,S"
"IN005150100","RAJKOT, IN","22.3","70.783","138.0","2007-05-24",,,"90","H,,S","108",",,S","78",",,S"
"IN005150100","RAJKOT, IN","22.3","70.783","138.0","2007-05-25",,,"91","H,,S","107",",,S","79",",,S"
"IN005150100","RAJKOT, IN","22.3","70.783","138.0","2007-05-26",,,"91","H,,S","107",",,S","79",",,S"
"IN005150100","RAJKOT, IN","22.3","70.783","138.0","2007-05-27",,,"90","H,,S","105",",,S","80",",,S"
"IN005150100","RAJKOT, IN","22.3","70.783","138.0","2007-05-28",,,"87","H,,S","104",",,S","78",",,S"
"IN005150100","RAJKOT, IN","22.3","70.783","138.0","2007-05-29",,,"90","H,,S","105",",,S","79",",,S"
"IN005150100","RAJKOT, IN","22.3","70.783","138.0","2007-05-30",,,"91","H,,S","104",",,S","80",",,S"
"IN005150100","RAJKOT, IN","22.3","70.783","138.0","2007-05-31",,,"92","H,,S","108",",,S","81",",,S"
"IN005150100","RAJKOT, IN","22.3","70.783","138.0","2007-06-01",,,"97","H,,S","110",",,S","81",",,S"
"IN005150100","RAJKOT, IN","22.3","70.783","138.0","2007-06-02",,,"92","H,,S","107",",,S","84",",,S"
"IN005150100","RAJKOT, IN","22.3","70.783","138.0","2007-06-03",,,"89","H,,S","98",",,S","80",",,S"
"IN005150100","RAJKOT, IN","22.3","70.783","138.0","2007-06-04",,,"84","H,,S","98",",,S",,
"IN005150100","RAJKOT, IN","22.3","70.783","138.0","2007-06-05",,,"88","H,,S","104",",,S","79",",,S"
"IN005150100","RAJKOT, IN","22.3","70.783","138.0","2007-06-06",,,"91","H,,S","105",",,S",,
"IN005150100","RAJKOT, IN","22.3","70.783","138.0","2007-06-07",,,"91","H,,S","104",",,S","81",",,S"
"IN005150100","RAJKOT, IN","22.3","70.783","138.0","2007-06-08",,,"89","H,,S","104",",,S","81",",,S"
"IN005150100","RAJKOT, IN","22.3","70.783","138.0","2007-06-09",,,"92","H,,S","106",",,S","80",",,S"
"IN005150100","RAJKOT, IN","22.3","70.783","138.0","2007-06-10",,,"91","H,,S","105",",,S","81",",,S"
"IN005150100","RAJKOT, IN","22.3","70.783","138.0","2007-06-11",,,"90","H,,S",,,"82",",,S"
"IN005150100","RAJKOT, IN","22.3","70.783","138.0","2007-06-12",,,"90","H,,S","102",",,S","82",",,S"
"IN005150100","RAJKOT, IN","22.3","70.783","138.0","2007-06-13",,,"92","H,,S","104",",,S","81",",,S"
"IN005150100","RAJKOT, IN","22.3","70.783","138.0","2007-06-14",,,"91","H,,S",,,"82",",,S"
"IN005150100","RAJKOT, IN","22.3","70.783","138.0","2007-06-15",,,"89","H,,S","100",",,S","82",",,S"
"IN005150100","RAJKOT, IN","22.3","70.783","138.0","2007-06-16",,,"90","H,,S","101",",,S","82",",,S"
"IN005150100","RAJKOT, IN","22.3","70.783","138.0","2007-06-17",,,"90","H,,S","100",",,S","81",",,S"
"IN005150100","RAJKOT, IN","22.3","70.783","138.0","2007-06-18",,,"86","H,,S","100",",,S",,
"IN005150100","RAJKOT, IN","22.3","70.783","138.0","2007-06-19",,,"88","H,,S","97",",,S",,
"IN005150100","RAJKOT, IN","22.3","70.783","138.0","2007-06-20",,,"87","H,,S","102",",,S",,
"IN005150100","RAJKOT, IN","22.3","70.783","138.0","2007-06-21",,,"88","H,,S","98",",,S","78",",,S"
"IN005150100","RAJKOT, IN","22.3","70.783","138.0","2007-06-22",,,"89","H,,S","104",",,S",,
"IN005150100","RAJKOT, IN","22.3","70.783","138.0","2007-06-23","0.75",",,S","87","H,,S","102",",,S","78",",,S"
"IN005150100","RAJKOT, IN","22.3","70.783","138.0","2007-06-24","0.24",",,S","84","H,,S","89",",,S",,
"IN005150100","RAJKOT, IN","22.3","70.783","138.0","2007-06-25","0.71",",,S","82","H,,S","88",",,S","76",",,S"
"IN005150100","RAJKOT, IN","22.3","70.783","138.0","2007-06-26","0.08",",,S","83","H,,S","90",",,S","78",",,S"
"IN005150100","RAJKOT, IN","22.3","70.783","138.0","2007-06-27","0.08",",,S","85","H,,S","94",",,S","79",",,S"
"IN005150100","RAJKOT, IN","22.3","70.783","138.0","2007-06-28","0.00",",,S","84","H,,S","94",",,S","78",",,S"
"IN005150100","RAJKOT, IN","22.3","70.783","138.0","2007-06-29",,,"85","H,,S","94",",,S","79",",,S"
"IN005150100","RAJKOT, IN","22.3","70.783","138.0","2007-06-30",,,"85","H,,S","97",",,S","80",",,S"
"IN005150100","RAJKOT, IN","22.3","70.783","138.0","2007-07-01",,,"82","H,,S","87",",,S",,
"IN005150100","RAJKOT, IN","22.3","70.783","138.0","2007-07-02","4.92",",,S","79","H,,S","81",",,S","74",",,S"
"IN005150100","RAJKOT, IN","22.3","70.783","138.0","2007-07-03","4.13",",,S","80","H,,S","83",",,S","76",",,S"
"IN005150100","RAJKOT, IN","22.3","70.783","138.0","2007-07-04","1.73",",,S","83","H,,S","88",",,S","80",",,S"
"IN005150100","RAJKOT, IN","22.3","70.783","138.0","2007-07-05","0.00",",,S","84","H,,S","89",",,S","80",",,S"
"IN005150100","RAJKOT, IN","22.3","70.783","138.0","2007-07-06",,,"84","H,,S","91",",,S","79",",,S"
"IN005150100","RAJKOT, IN","22.3","70.783","138.0","2007-07-07",,,"85","H,,S","91",",,S","79",",,S"
"IN005150100","RAJKOT, IN","22.3","70.783","138.0","2007-07-08",,,"83","H,,S","88",",,S","79",",,S"
"IN005150100","RAJKOT, IN","22.3","70.783","138.0","2007-07-09",,,"82","H,,S","86",",,S","79",",,S"
"IN005150100","RAJKOT, IN","22.3","70.783","138.0","2007-07-10",,,"85","H,,S","93",",,S",,
"IN005150100","RAJKOT, IN","22.3","70.783","138.0","2007-07-11",,,"85","H,,S","94",",,S","78",",,S"
"IN005150100","RAJKOT, IN","22.3","70.783","138.0","2007-07-12",,,"82","H,,S","89",",,S","79",",,S"
"IN005150100","RAJKOT, IN","22.3","70.783","138.0","2007-07-13",,,"85","H,,S","92",",,S","78",",,S"
"IN005150100","RAJKOT, IN","22.3","70.783","138.0","2007-07-14",,,"86","H,,S","92",",,S","79",",,S"
"IN005150100","RAJKOT, IN","22.3","70.783","138.0","2007-07-15",,,"85","H,,S",,,"79",",,S"
"IN005150100","RAJKOT, IN","22.3","70.783","138.0","2007-07-16",,,"86","H,,S","94",",,S","79",",,S"
"IN005150100","RAJKOT, IN","22.3","70.783","138.0","2007-07-17",,,"86","H,,S","94",",,S","80",",,S"
"IN005150100","RAJKOT, IN","22.3","70.783","138.0","2007-07-18",,,"86","H,,S","95",",,S","78",",,S"
"IN005150100","RAJKOT, IN","22.3","70.783","138.0","2007-07-19",,,"85","H,,S","93",",,S","78",",,S"
"IN005150100","RAJKOT, IN","22.3","70.783","138.0","2007-07-20",,,"86","H,,S","95",",,S","78",",,S"
"IN005150100","RAJKOT, IN","22.3","70.783","138.0","2007-07-21",,,"86","H,,S","96",",,S","78",",,S"
"IN005150100","RAJKOT, IN","22.3","70.783","138.0","2007-07-22",,,"88","H,,S","96",",,S",,
"IN005150100","RAJKOT, IN","22.3","70.783","138.0","2007-07-23",,,"86","H,,S","99",",,S","78",",,S"
"IN005150100","RAJKOT, IN","22.3","70.783","138.0","2007-07-24",,,"87","H,,S","98",",,S","79",",,S"
"IN005150100","RAJKOT, IN","22.3","70.783","138.0","2007-07-25",,,"86","H,,S","95",",,S",,
"IN005150100","RAJKOT, IN","22.3","70.783","138.0","2007-07-26",,,"86","H,,S","97",",,S","79",",,S"
"IN005150100","RAJKOT, IN","22.3","70.783","138.0","2007-07-27",,,"82","H,,S","91",",,S","78",",,S"
"IN005150100","RAJKOT, IN","22.3","70.783","138.0","2007-07-28",,,"83","H,,S","90",",,S","77",",,S"
"IN005150100","RAJKOT, IN","22.3","70.783","138.0","2007-07-29",,,"85","H,,S","92",",,S","80",",,S"
"IN005150100","RAJKOT, IN","22.3","70.783","138.0","2007-07-30",,,"83","H,,S","92",",,S","80",",,S"
"IN005150100","RAJKOT, IN","22.3","70.783","138.0","2007-07-31","0.08",",,S","83","H,,S","93",",,S","78",",,S"
"IN005150100","RAJKOT, IN","22.3","70.783","138.0","2007-08-01","0.08",",,S","83","H,,S","92",",,S","77",",,S"
"IN005150100","RAJKOT, IN","22.3","70.783","138.0","2007-08-02","0.00",",,S","85","H,,S","93",",,S","79",",,S"
"IN005150100","RAJKOT, IN","22.3","70.783","138.0","2007-08-03","0.01",",,S","82","H,,S","91",",,S","79",",,S"
"IN005150100","RAJKOT, IN","22.3","70.783","138.0","2007-08-04","0.28",",,S","82","H,,S","93",",,S","78",",,S"
"IN005150100","RAJKOT, IN","22.3","70.783","138.0","2007-08-05","0.31",",,S","78","H,,S","86",",,S","74",",,S"
"IN005150100","RAJKOT, IN","22.3","70.783","138.0","2007-08-06","1.38",",,S","78","H,,S",,,"74",",,S"
"IN005150100","RAJKOT, IN","22.3","70.783","138.0","2007-08-07","8.23",",,S","80","H,,S","88",",,S",,
"IN005150100","RAJKOT, IN","22.3","70.783","138.0","2007-08-08","4.57",",,S","76","H,,S","80",",,S","72",",,S"
"IN005150100","RAJKOT, IN","22.3","70.783","138.0","2007-08-09","2.68",",,S","77","H,,S","79",",,S","74",",,S"
"IN005150100","RAJKOT, IN","22.3","70.783","138.0","2007-08-10","1.50",",,S","78","H,,S","86",",,S","73",",,S"
"IN005150100","RAJKOT, IN","22.3","70.783","138.0","2007-08-11","0.24",",,S","81","H,,S","89",",,S","74",",,S"
"IN005150100","RAJKOT, IN","22.3","70.783","138.0","2007-08-12","0.00",",,S","80","H,,S","82",",,S","78",",,S"
"IN005150100","RAJKOT, IN","22.3","70.783","138.0","2007-08-13","0.12",",,S","83","H,,S","89",",,S","78",",,S"
"IN005150100","RAJKOT, IN","22.3","70.783","138.0","2007-08-14","0.00",",,S","81","H,,S","87",",,S","78",",,S"
"IN005150100","RAJKOT, IN","22.3","70.783","138.0","2007-08-15",,,"83","H,,S","90",",,S","77",",,S"
"IN005150100","RAJKOT, IN","22.3","70.783","138.0","2007-08-16",,,"83","H,,S","90",",,S","77",",,S"
"IN005150100","RAJKOT, IN","22.3","70.783","138.0","2007-08-17",,,"83","H,,S","91",",,S","78",",,S"
"IN005150100","RAJKOT, IN","22.3","70.783","138.0","2007-08-18",,,"83","H,,S","91",",,S","77",",,S"
"IN005150100","RAJKOT, IN","22.3","70.783","138.0","2007-08-19",,,"83","H,,S","92",",,S","77",",,S"
"IN005150100","RAJKOT, IN","22.3","70.783","138.0","2007-08-20",,,"84","H,,S","93",",,S",,
"IN005150100","RAJKOT, IN","22.3","70.783","138.0","2007-08-21",,,"77","H,,S",,,"75",",,S"
"IN005150100","RAJKOT, IN","22.3","70.783","138.0","2007-08-22",,,"81","H,,S","89",",,S","74",",,S"
"IN005150100","RAJKOT, IN","22.3","70.783","138.0","2007-08-23",,,"83","H,,S","94",",,S","75",",,S"
"IN005150100","RAJKOT, IN","22.3","70.783","138.0","2007-08-24",,,"85","H,,S","94",",,S","76",",,S"
"IN005150100","RAJKOT, IN","22.3","70.783","138.0","2007-08-25",,,"87","H,,S","95",",,S","78",",,S"
"IN005150100","RAJKOT, IN","22.3","70.783","138.0","2007-08-26",,,"85","H,,S","95",",,S","78",",,S"
"IN005150100","RAJKOT, IN","22.3","70.783","138.0","2007-08-27",,,"87","H,,S","96",",,S","79",",,S"
"IN005150100","RAJKOT, IN","22.3","70.783","138.0","2007-08-29","0.24",",,S","82","H,,S","87",",,S","76",",,S"
"IN005150100","RAJKOT, IN","22.3","70.783","138.0","2007-08-30","0.12",",,S","81","H,,S","90",",,S","75",",,S"
"IN005150100","RAJKOT, IN","22.3","70.783","138.0","2007-08-31","0.03",",,S","80","H,,S","87",",,S","77",",,S"
"IN005150100","RAJKOT, IN","22.3","70.783","138.0","2007-09-01","2.48",",,S","80","H,,S","84",",,S","76",",,S"
"IN005150100","RAJKOT, IN","22.3","70.783","138.0","2007-09-02","0.16",",,S","83","H,,S","91",",,S","77",",,S"
"IN005150100","RAJKOT, IN","22.3","70.783","138.0","2007-09-03","0.35",",,S","81","H,,S","91",",,S","76",",,S"
"IN005150100","RAJKOT, IN","22.3","70.783","138.0","2007-09-04","0.00",",,S","84","H,,S","91",",,S",,
"IN005150100","RAJKOT, IN","22.3","70.783","138.0","2007-09-05",,,"81","H,,S","87",",,S",,
"IN005150100","RAJKOT, IN","22.3","70.783","138.0","2007-09-06",,,"83","H,,S","92",",,S","76",",,S"
"IN005150100","RAJKOT, IN","22.3","70.783","138.0","2007-09-07",,,"83","H,,S","92",",,S","78",",,S"
"IN005150100","RAJKOT, IN","22.3","70.783","138.0","2007-09-08",,,"84","H,,S","94",",,S","77",",,S"
"IN005150100","RAJKOT, IN","22.3","70.783","138.0","2007-09-09",,,"83","H,,S","94",",,S","76",",,S"
"IN005150100","RAJKOT, IN","22.3","70.783","138.0","2007-09-10",,,"83","H,,S",,,"76",",,S"
"IN005150100","RAJKOT, IN","22.3","70.783","138.0","2007-09-11",,,"84","H,,S","94",",,S",,
"IN005150100","RAJKOT, IN","22.3","70.783","138.0","2007-09-12",,,"84","H,,S","94",",,S","76",",,S"
"IN005150100","RAJKOT, IN","22.3","70.783","138.0","2007-09-13",,,"83","H,,S","93",",,S","76",",,S"
"IN005150100","RAJKOT, IN","22.3","70.783","138.0","2007-09-14",,,"84","H,,S","93",",,S","76",",,S"
"IN005150100","RAJKOT, IN","22.3","70.783","138.0","2007-09-15",,,"84","H,,S","93",",,S",,
"IN005150100","RAJKOT, IN","22.3","70.783","138.0","2007-09-16",,,"85","H,,S","95",",,S","76",",,S"
"IN005150100","RAJKOT, IN","22.3","70.783","138.0","2007-09-17",,,"85","H,,S","95",",,S","76",",,S"
"IN005150100","RAJKOT, IN","22.3","70.783","138.0","2007-09-18",,,"85","H,,S","96",",,S","76",",,S"
"IN005150100","RAJKOT, IN","22.3","70.783","138.0","2007-09-19",,,"84","H,,S","94",",,S","78",",,S"
"IN005150100","RAJKOT, IN","22.3","70.783","138.0","2007-09-20","0.75",",,S","82","H,,S","93",",,S","74",",,S"
"IN005150100","RAJKOT, IN","22.3","70.783","138.0","2007-09-21","2.48",",,S","81","H,,S","88",",,S","71",",,S"
"IN005150100","RAJKOT, IN","22.3","70.783","138.0","2007-09-22","0.00",",,S","83","H,,S","94",",,S","75",",,S"
"IN005150100","RAJKOT, IN","22.3","70.783","138.0","2007-09-23","0.04",",,S","83","H,,S","91",",,S","77",",,S"
"IN005150100","RAJKOT, IN","22.3","70.783","138.0","2007-09-24","0.31",",,S","78","H,,S","83",",,S","73",",,S"
"IN005150100","RAJKOT, IN","22.3","70.783","138.0","2007-09-25","0.71",",,S","79","H,,S","86",",,S","73",",,S"
"IN005150100","RAJKOT, IN","22.3","70.783","138.0","2007-09-26","0.00",",,S","84","H,,S","91",",,S","75",",,S"
"IN005150100","RAJKOT, IN","22.3","70.783","138.0","2007-09-27",,,"85","H,,S","96",",,S","78",",,S"
"IN005150100","RAJKOT, IN","22.3","70.783","138.0","2007-09-28",,,"85","H,,S","95",",,S","78",",,S"
"IN005150100","RAJKOT, IN","22.3","70.783","138.0","2007-09-29",,,"82","H,,S","93",",,S","73",",,S"
"IN005150100","RAJKOT, IN","22.3","70.783","138.0","2007-09-30",,,"81","H,,S","92",",,S","71",",,S"
"IN005150100","RAJKOT, IN","22.3","70.783","138.0","2007-10-01",,,"84","H,,S","97",",,S","74",",,S"
"IN005150100","RAJKOT, IN","22.3","70.783","138.0","2007-10-02",,,"84","H,,S",,,"72",",,S"
"IN005150100","RAJKOT, IN","22.3","70.783","138.0","2007-10-03",,,"83","H,,S","96",",,S","72",",,S"
"IN005150100","RAJKOT, IN","22.3","70.783","138.0","2007-10-04",,,"82","H,,S","93",",,S","73",",,S"
"IN005150100","RAJKOT, IN","22.3","70.783","138.0","2007-10-05",,,"83","H,,S","96",",,S","73",",,S"
"IN005150100","RAJKOT, IN","22.3","70.783","138.0","2007-10-06",,,"82","H,,S","95",",,S","71",",,S"
"IN005150100","RAJKOT, IN","22.3","70.783","138.0","2007-10-07",,,"83","H,,S","95",",,S",,
"IN005150100","RAJKOT, IN","22.3","70.783","138.0","2007-10-08",,,"83","H,,S","95",",,S","73",",,S"
"IN005150100","RAJKOT, IN","22.3","70.783","138.0","2007-10-09",,,"83","H,,S","94",",,S","73",",,S"
"IN005150100","RAJKOT, IN","22.3","70.783","138.0","2007-10-10",,,"83","H,,S","93",",,S","74",",,S"
"IN005150100","RAJKOT, IN","22.3","70.783","138.0","2007-10-11",,,"85","H,,S","96",",,S","74",",,S"
"IN005150100","RAJKOT, IN","22.3","70.783","138.0","2007-10-12",,,"86","H,,S","98",",,S","76",",,S"
"IN005150100","RAJKOT, IN","22.3","70.783","138.0","2007-10-13",,,"85","H,,S","98",",,S","76",",,S"
"IN005150100","RAJKOT, IN","22.3","70.783","138.0","2007-10-14",,,"84","H,,S","95",",,S","73",",,S"
"IN005150100","RAJKOT, IN","22.3","70.783","138.0","2007-10-15",,,"83","H,,S","97",",,S","73",",,S"
"IN005150100","RAJKOT, IN","22.3","70.783","138.0","2007-10-16",,,"83","H,,S","98",",,S","70",",,S"
"IN005150100","RAJKOT, IN","22.3","70.783","138.0","2007-10-17",,,"82","H,,S","97",",,S","71",",,S"
"IN005150100","RAJKOT, IN","22.3","70.783","138.0","2007-10-18",,,"82","H,,S","97",",,S","67",",,S"
"IN005150100","RAJKOT, IN","22.3","70.783","138.0","2007-10-19",,,"82","H,,S","98",",,S","67",",,S"
"IN005150100","RAJKOT, IN","22.3","70.783","138.0","2007-10-20",,,"83","H,,S","98",",,S","68",",,S"
"IN005150100","RAJKOT, IN","22.3","70.783","138.0","2007-10-21",,,"83","H,,S","96",",,S","67",",,S"
"IN005150100","RAJKOT, IN","22.3","70.783","138.0","2007-10-23",,,"83","H,,S","96",",,S","69",",,S"
"IN005150100","RAJKOT, IN","22.3","70.783","138.0","2007-10-24",,,"83","H,,S","97",",,S","67",",,S"
"IN005150100","RAJKOT, IN","22.3","70.783","138.0","2007-10-25",,,"85","H,,S","98",",,S","69",",,S"
"IN005150100","RAJKOT, IN","22.3","70.783","138.0","2007-10-26",,,"85","H,,S","98",",,S","71",",,S"
"IN005150100","RAJKOT, IN","22.3","70.783","138.0","2007-10-27",,,"84","H,,S","98",",,S","73",",,S"
"IN005150100","RAJKOT, IN","22.3","70.783","138.0","2007-10-28",,,"85","H,,S","98",",,S","67",",,S"
"IN005150100","RAJKOT, IN","22.3","70.783","138.0","2007-10-29",,,"85","H,,S","99",",,S","71",",,S"
"IN005150100","RAJKOT, IN","22.3","70.783","138.0","2007-10-30",,,"84","H,,S","98",",,S","67",",,S"
"IN005150100","RAJKOT, IN","22.3","70.783","138.0","2007-10-31",,,"84","H,,S","96",",,S","72",",,S"
"IN005150100","RAJKOT, IN","22.3","70.783","138.0","2007-11-01",,,"83","H,,S","98",",,S","69",",,S"
"IN005150100","RAJKOT, IN","22.3","70.783","138.0","2007-11-02",,,"88","H,,S","98",",,S","77",",,S"
"IN005150100","RAJKOT, IN","22.3","70.783","138.0","2007-11-03",,,"84","H,,S","96",",,S","80",",,S"
"IN005150100","RAJKOT, IN","22.3","70.783","138.0","2007-11-04",,,"83","H,,S","98",",,S","78",",,S"
"IN005150100","RAJKOT, IN","22.3","70.783","138.0","2007-11-05",,,"85","H,,S","97",",,S","75",",,S"
"IN005150100","RAJKOT, IN","22.3","70.783","138.0","2007-11-06",,,"83","H,,S","96",",,S","72",",,S"
"IN005150100","RAJKOT, IN","22.3","70.783","138.0","2007-11-07",,,"82","H,,S","95",",,S","71",",,S"
"IN005150100","RAJKOT, IN","22.3","70.783","138.0","2007-11-08",,,"81","H,,S","95",",,S","73",",,S"
"IN005150100","RAJKOT, IN","22.3","70.783","138.0","2007-11-09",,,"82","H,,S","96",",,S","73",",,S"
"IN005150100","RAJKOT, IN","22.3","70.783","138.0","2007-11-10",,,"82","H,,S","95",",,S","71",",,S"
"IN005150100","RAJKOT, IN","22.3","70.783","138.0","2007-11-11",,,"82","H,,S","95",",,S","70",",,S"
"IN005150100","RAJKOT, IN","22.3","70.783","138.0","2007-11-12",,,"81","H,,S","96",",,S","69",",,S"
"IN005150100","RAJKOT, IN","22.3","70.783","138.0","2007-11-13",,,"78","H,,S",,,"68",",,S"
"IN005150100","RAJKOT, IN","22.3","70.783","138.0","2007-11-14",,,"79","H,,S","94",",,S","65",",,S"
"IN005150100","RAJKOT, IN","22.3","70.783","138.0","2007-11-15",,,"79","H,,S","92",",,S","66",",,S"
"IN005150100","RAJKOT, IN","22.3","70.783","138.0","2007-11-16",,,"80","H,,S","95",",,S","66",",,S"
"IN005150100","RAJKOT, IN","22.3","70.783","138.0","2007-11-17",,,"78","H,,S","94",",,S","64",",,S"
"IN005150100","RAJKOT, IN","22.3","70.783","138.0","2007-11-18",,,"76","H,,S","92",",,S","61",",,S"
"IN005150100","RAJKOT, IN","22.3","70.783","138.0","2007-11-19",,,"76","H,,S","92",",,S","63",",,S"
"IN005150100","RAJKOT, IN","22.3","70.783","138.0","2007-11-20",,,"76","H,,S","90",",,S","62",",,S"
"IN005150100","RAJKOT, IN","22.3","70.783","138.0","2007-11-21",,,"75","H,,S","92",",,S","58",",,S"
"IN005150100","RAJKOT, IN","22.3","70.783","138.0","2007-11-22",,,"76","H,,S","92",",,S","61",",,S"
"IN005150100","RAJKOT, IN","22.3","70.783","138.0","2007-11-23",,,"77","H,,S","92",",,S","59",",,S"
"IN005150100","RAJKOT, IN","22.3","70.783","138.0","2007-11-24",,,"78","H,,S","92",",,S","62",",,S"
"IN005150100","RAJKOT, IN","22.3","70.783","138.0","2007-11-25",,,"74","H,,S","91",",,S",,
"IN005150100","RAJKOT, IN","22.3","70.783","138.0","2007-11-26",,,"76","H,,S","92",",,S","60",",,S"
"IN005150100","RAJKOT, IN","22.3","70.783","138.0","2007-11-27",,,"77","H,,S","92",",,S","63",",,S"
"IN005150100","RAJKOT, IN","22.3","70.783","138.0","2007-11-28",,,"73","H,,S","89",",,S","65",",,S"
"IN005150100","RAJKOT, IN","22.3","70.783","138.0","2007-11-29",,,"74","H,,S","87",",,S","62",",,S"
"IN005150100","RAJKOT, IN","22.3","70.783","138.0","2007-11-30",,,"75","H,,S","89",",,S","62",",,S"
"IN005150100","RAJKOT, IN","22.3","70.783","138.0","2007-12-01",,,"77","H,,S","89",",,S","62",",,S"
"IN005150100","RAJKOT, IN","22.3","70.783","138.0","2007-12-02",,,"75","H,,S","88",",,S","62",",,S"
"IN005150100","RAJKOT, IN","22.3","70.783","138.0","2007-12-03",,,"74","H,,S","87",",,S","61",",,S"
"IN005150100","RAJKOT, IN","22.3","70.783","138.0","2007-12-04",,,"72","H,,S","85",",,S","58",",,S"
"IN005150100","RAJKOT, IN","22.3","70.783","138.0","2007-12-05",,,"74","H,,S","88",",,S","62",",,S"
"IN005150100","RAJKOT, IN","22.3","70.783","138.0","2007-12-06",,,"74","H,,S","86",",,S","65",",,S"
"IN005150100","RAJKOT, IN","22.3","70.783","138.0","2007-12-07",,,"72","H,,S","85",",,S","62",",,S"
"IN005150100","RAJKOT, IN","22.3","70.783","138.0","2007-12-08",,,"71","H,,S","87",",,S","55",",,S"
"IN005150100","RAJKOT, IN","22.3","70.783","138.0","2007-12-09",,,"72","H,,S","88",",,S","57",",,S"
"IN005150100","RAJKOT, IN","22.3","70.783","138.0","2007-12-10",,,"71","H,,S","88",",,S","57",",,S"
"IN005150100","RAJKOT, IN","22.3","70.783","138.0","2007-12-11",,,"72","H,,S","85",",,S","61",",,S"
"IN005150100","RAJKOT, IN","22.3","70.783","138.0","2007-12-12",,,"68","H,,S","80",",,S","58",",,S"
"IN005150100","RAJKOT, IN","22.3","70.783","138.0","2007-12-13",,,"65","H,,S",,,"51",",,S"
"IN005150100","RAJKOT, IN","22.3","70.783","138.0","2007-12-14",,,"66","H,,S","78",",,S","53",",,S"
"IN005150100","RAJKOT, IN","22.3","70.783","138.0","2007-12-15",,,"64","H,,S","77",",,S","48",",,S"
"IN005150100","RAJKOT, IN","22.3","70.783","138.0","2007-12-16",,,"66","H,,S","80",",,S","51",",,S"
"IN005150100","RAJKOT, IN","22.3","70.783","138.0","2007-12-17",,,"71","H,,S","85",",,S","56",",,S"
"IN005150100","RAJKOT, IN","22.3","70.783","138.0","2007-12-18",,,"73","H,,S",,,"62",",,S"
"IN005150100","RAJKOT, IN","22.3","70.783","138.0","2007-12-19",,,"73","H,,S","87",",,S","58",",,S"
"IN005150100","RAJKOT, IN","22.3","70.783","138.0","2007-12-20",,,"72","H,,S","87",",,S","56",",,S"
"IN005150100","RAJKOT, IN","22.3","70.783","138.0","2007-12-21",,,"77","H,,S","89",",,S","59",",,S"
"IN005150100","RAJKOT, IN","22.3","70.783","138.0","2007-12-22",,,"76","H,,S","91",",,S","61",",,S"
"IN005150100","RAJKOT, IN","22.3","70.783","138.0","2007-12-23",,,"76","H,,S","90",",,S","63",",,S"
"IN005150100","RAJKOT, IN","22.3","70.783","138.0","2007-12-24",,,"75","H,,S","89",",,S","64",",,S"
"IN005150100","RAJKOT, IN","22.3","70.783","138.0","2007-12-25",,,"73","H,,S","87",",,S","62",",,S"
"IN005150100","RAJKOT, IN","22.3","70.783","138.0","2007-12-26",,,"72","H,,S","85",",,S","58",",,S"
"IN005150100","RAJKOT, IN","22.3","70.783","138.0","2007-12-27",,,"69","H,,S","83",",,S",,
"IN005150100","RAJKOT, IN","22.3","70.783","138.0","2007-12-28",,,"67","H,,S","83",",,S",,
"IN005150100","RAJKOT, IN","22.3","70.783","138.0","2007-12-29",,,"63","H,,S","81",",,S","50",",,S"
"IN005150100","RAJKOT, IN","22.3","70.783","138.0","2007-12-30",,,"66","H,,S",,,"47",",,S"
"IN005150100","RAJKOT, IN","22.3","70.783","138.0","2007-12-31",,,"65","H,,S","82",",,S","47",",,S"
"IN005150100","RAJKOT, IN","22.3","70.783","138.0","2008-01-01",,,"64","H,,S","81",",,S","45",",,S"
"IN005150100","RAJKOT, IN","22.3","70.783","138.0","2008-01-02",,,"63","H,,S","81",",,S","45",",,S"
"IN005150100","RAJKOT, IN","22.3","70.783","138.0","2008-01-03",,,"67","H,,S","82",",,S","51",",,S"
"IN005150100","RAJKOT, IN","22.3","70.783","138.0","2008-01-04",,,"67","H,,S","83",",,S","50",",,S"
"IN005150100","RAJKOT, IN","22.3","70.783","138.0","2008-01-05",,,"65","H,,S","86",",,S","52",",,S"
"IN005150100","RAJKOT, IN","22.3","70.783","138.0","2008-01-06",,,"69","H,,S","89",",,S","55",",,S"
"IN005150100","RAJKOT, IN","22.3","70.783","138.0","2008-01-07",,,"76","H,,S","91",",,S","60",",,S"
"IN005150100","RAJKOT, IN","22.3","70.783","138.0","2008-01-08",,,"74","H,,S","89",",,S","59",",,S"
"IN005150100","RAJKOT, IN","22.3","70.783","138.0","2008-01-09",,,"71","H,,S","85",",,S","56",",,S"
"IN005150100","RAJKOT, IN","22.3","70.783","138.0","2008-01-10",,,"68","H,,S","80",",,S","56",",,S"
"IN005150100","RAJKOT, IN","22.3","70.783","138.0","2008-01-11",,,"65","H,,S","80",",,S","54",",,S"
"IN005150100","RAJKOT, IN","22.3","70.783","138.0","2008-01-12",,,"68","H,,S","80",",,S","50",",,S"
"IN005150100","RAJKOT, IN","22.3","70.783","138.0","2008-01-13",,,"68","H,,S","83",",,S","50",",,S"
"IN005150100","RAJKOT, IN","22.3","70.783","138.0","2008-01-14",,,"69","H,,S","86",",,S","51",",,S"
"IN005150100","RAJKOT, IN","22.3","70.783","138.0","2008-01-15",,,"72","H,,S","89",",,S","55",",,S"
"IN005150100","RAJKOT, IN","22.3","70.783","138.0","2008-01-16",,,"79","H,,S","94",",,S","62",",,S"
"IN005150100","RAJKOT, IN","22.3","70.783","138.0","2008-01-17",,,"76","H,,S","93",",,S",,
"IN005150100","RAJKOT, IN","22.3","70.783","138.0","2008-01-18",,,"65","H,,S","79",",,S",,
"IN005150100","RAJKOT, IN","22.3","70.783","138.0","2008-01-19",,,"62","H,,S","77",",,S","47",",,S"
"IN005150100","RAJKOT, IN","22.3","70.783","138.0","2008-01-20",,,"63","H,,S","78",",,S","47",",,S"
"IN005150100","RAJKOT, IN","22.3","70.783","138.0","2008-01-21",,,"62","H,,S","79",",,S","44",",,S"
"IN005150100","RAJKOT, IN","22.3","70.783","138.0","2008-01-22",,,"62","H,,S","79",",,S","45",",,S"
"IN005150100","RAJKOT, IN","22.3","70.783","138.0","2008-01-23",,,"63","H,,S",,,"46",",,S"
"IN005150100","RAJKOT, IN","22.3","70.783","138.0","2008-01-24",,,"62","H,,S","80",",,S","45",",,S"
"IN005150100","RAJKOT, IN","22.3","70.783","138.0","2008-01-25",,,"60","H,,S","78",",,S","47",",,S"
"IN005150100","RAJKOT, IN","22.3","70.783","138.0","2008-01-26",,,"61","H,,S","76",",,S","48",",,S"
"IN005150100","RAJKOT, IN","22.3","70.783","138.0","2008-01-27",,,"56","H,,S","76",",,S",,
"IN005150100","RAJKOT, IN","22.3","70.783","138.0","2008-01-28",,,"64","H,,S","80",",,S","48",",,S"
"IN005150100","RAJKOT, IN","22.3","70.783","138.0","2008-01-29",,,"70","H,,S","86",",,S","53",",,S"
"IN005150100","RAJKOT, IN","22.3","70.783","138.0","2008-01-30",,,"67","H,,S","79",",,S",,
"IN005150100","RAJKOT, IN","22.3","70.783","138.0","2008-01-31",,,"64","H,,S","80",",,S","48",",,S"
"IN005150100","RAJKOT, IN","22.3","70.783","138.0","2008-02-01",,,"66","H,,S","81",",,S","51",",,S"
"IN005150100","RAJKOT, IN","22.3","70.783","138.0","2008-02-02",,,"69","H,,S","84",",,S","54",",,S"
"IN005150100","RAJKOT, IN","22.3","70.783","138.0","2008-02-03",,,"60","H,,S","73",",,S","50",",,S"
"IN005150100","RAJKOT, IN","22.3","70.783","138.0","2008-02-04",,,"58","H,,S","72",",,S","46",",,S"
"IN005150100","RAJKOT, IN","22.3","70.783","138.0","2008-02-05",,,"64","H,,S","77",",,S","47",",,S"
"IN005150100","RAJKOT, IN","22.3","70.783","138.0","2008-02-06",,,"57","H,,S","67",",,S",,
"IN005150100","RAJKOT, IN","22.3","70.783","138.0","2008-02-07",,,"56","H,,S","69",",,S","42",",,S"
"IN005150100","RAJKOT, IN","22.3","70.783","138.0","2008-02-08",,,"58","H,,S","73",",,S","43",",,S"
"IN005150100","RAJKOT, IN","22.3","70.783","138.0","2008-02-09",,,"60","H,,S","75",",,S","42",",,S"
"IN005150100","RAJKOT, IN","22.3","70.783","138.0","2008-02-10",,,"63","H,,S","78",",,S","43",",,S"
"IN005150100","RAJKOT, IN","22.3","70.783","138.0","2008-02-11",,,"63","H,,S","80",",,S","44",",,S"
"IN005150100","RAJKOT, IN","22.3","70.783","138.0","2008-02-12",,,"67","H,,S","82",",,S","46",",,S"
"IN005150100","RAJKOT, IN","22.3","70.783","138.0","2008-02-13",,,"67","H,,S","83",",,S","50",",,S"
"IN005150100","RAJKOT, IN","22.3","70.783","138.0","2008-02-14",,,"71","H,,S","91",",,S","49",",,S"
"IN005150100","RAJKOT, IN","22.3","70.783","138.0","2008-02-15",,,"70","H,,S","91",",,S","53",",,S"
"IN005150100","RAJKOT, IN","22.3","70.783","138.0","2008-02-16",,,"71","H,,S",,,"53",",,S"
"IN005150100","RAJKOT, IN","22.3","70.783","138.0","2008-02-17",,,"74","H,,S","91",",,S","58",",,S"
"IN005150100","RAJKOT, IN","22.3","70.783","138.0","2008-02-18",,,"76","H,,S","93",",,S","60",",,S"
"IN005150100","RAJKOT, IN","22.3","70.783","138.0","2008-02-19",,,"77","H,,S","95",",,S","60",",,S"
"IN005150100","RAJKOT, IN","22.3","70.783","138.0","2008-02-20",,,"76","H,,S","96",",,S","57",",,S"
"IN005150100","RAJKOT, IN","22.3","70.783","138.0","2008-02-21",,,"77","H,,S","95",",,S","59",",,S"
"IN005150100","RAJKOT, IN","22.3","70.783","138.0","2008-02-22",,,"74","H,,S",,,"63",",,S"
"IN005150100","RAJKOT, IN","22.3","70.783","138.0","2008-02-23",,,"72","H,,S","87",",,S",,
"IN005150100","RAJKOT, IN","22.3","70.783","138.0","2008-02-24",,,"71","H,,S","89",",,S","56",",,S"
"IN005150100","RAJKOT, IN","22.3","70.783","138.0","2008-02-25",,,"71","H,,S","91",",,S","54",",,S"
"IN005150100","RAJKOT, IN","22.3","70.783","138.0","2008-02-26",,,"75","H,,S","91",",,S","58",",,S"
"IN005150100","RAJKOT, IN","22.3","70.783","138.0","2008-02-27",,,"79","H,,S","95",",,S","59",",,S"
"IN005150100","RAJKOT, IN","22.3","70.783","138.0","2008-02-28",,,"79","H,,S",,,"65",",,S"
"IN005150100","RAJKOT, IN","22.3","70.783","138.0","2008-02-29",,,"81","H,,S","99",",,S","61",",,S"
"IN005150100","RAJKOT, IN","22.3","70.783","138.0","2008-03-01",,,"79","H,,S","95",",,S","63",",,S"
"IN005150100","RAJKOT, IN","22.3","70.783","138.0","2008-03-02",,,"75","H,,S","94",",,S","55",",,S"
"IN005150100","RAJKOT, IN","22.3","70.783","138.0","2008-03-03",,,"78","H,,S","96",",,S","63",",,S"
"IN005150100","RAJKOT, IN","22.3","70.783","138.0","2008-03-04",,,"80","H,,S","98",",,S","65",",,S"
"IN005150100","RAJKOT, IN","22.3","70.783","138.0","2008-03-05",,,"77","H,,S","96",",,S","60",",,S"
"IN005150100","RAJKOT, IN","22.3","70.783","138.0","2008-03-06",,,"76","H,,S","95",",,S","60",",,S"
"IN005150100","RAJKOT, IN","22.3","70.783","138.0","2008-03-07",,,"77","H,,S","93",",,S","63",",,S"
"IN005150100","RAJKOT, IN","22.3","70.783","138.0","2008-03-08",,,"80","H,,S","99",",,S","60",",,S"
"IN005150100","RAJKOT, IN","22.3","70.783","138.0","2008-03-09",,,"82","H,,S","99",",,S","64",",,S"
"IN005150100","RAJKOT, IN","22.3","70.783","138.0","2008-03-10",,,"83","H,,S","97",",,S","69",",,S"
"IN005150100","RAJKOT, IN","22.3","70.783","138.0","2008-03-11",,,"86","H,,S","99",",,S","74",",,S"
"IN005150100","RAJKOT, IN","22.3","70.783","138.0","2008-03-12",,,"82","H,,S","93",",,S","72",",,S"
"IN005150100","RAJKOT, IN","22.3","70.783","138.0","2008-03-13",,,"84","H,,S",,,"73",",,S"
"IN005150100","RAJKOT, IN","22.3","70.783","138.0","2008-03-14",,,"85","H,,S","100",",,S","71",",,S"
"IN005150100","RAJKOT, IN","22.3","70.783","138.0","2008-03-15",,,"84","H,,S","100",",,S","70",",,S"
"IN005150100","RAJKOT, IN","22.3","70.783","138.0","2008-03-16",,,"83","H,,S","101",",,S","69",",,S"
"IN005150100","RAJKOT, IN","22.3","70.783","138.0","2008-03-17",,,"82","H,,S","101",",,S","68",",,S"
"IN005150100","RAJKOT, IN","22.3","70.783","138.0","2008-03-18",,,"79","H,,S","98",",,S","65",",,S"
"IN005150100","RAJKOT, IN","22.3","70.783","138.0","2008-03-19",,,"81","H,,S","98",",,S","64",",,S"
"IN005150100","RAJKOT, IN","22.3","70.783","138.0","2008-03-20",,,"82","H,,S","101",",,S","67",",,S"
"IN005150100","RAJKOT, IN","22.3","70.783","138.0","2008-03-21",,,"84","H,,S","103",",,S","66",",,S"
"IN005150100","RAJKOT, IN","22.3","70.783","138.0","2008-03-22",,,"84","H,,S","103",",,S","69",",,S"
"IN005150100","RAJKOT, IN","22.3","70.783","138.0","2008-03-23",,,"87","H,,S","104",",,S","70",",,S"
"IN005150100","RAJKOT, IN","22.3","70.783","138.0","2008-03-24",,,"86","H,,S",,,"71",",,S"
"IN005150100","RAJKOT, IN","22.3","70.783","138.0","2008-03-25",,,"83","H,,S","100",",,S","69",",,S"
"IN005150100","RAJKOT, IN","22.3","70.783","138.0","2008-03-26",,,"84","H,,S","100",",,S","71",",,S"
"IN005150100","RAJKOT, IN","22.3","70.783","138.0","2008-03-27",,,"86","H,,S","102",",,S","71",",,S"
"IN005150100","RAJKOT, IN","22.3","70.783","138.0","2008-03-28",,,"85","H,,S","103",",,S","72",",,S"
"IN005150100","RAJKOT, IN","22.3","70.783","138.0","2008-03-29",,,"84","H,,S","101",",,S","70",",,S"
"IN005150100","RAJKOT, IN","22.3","70.783","138.0","2008-03-30",,,"80","H,,S","98",",,S","71",",,S"
"IN005150100","RAJKOT, IN","22.3","70.783","138.0","2008-03-31",,,"82","H,,S","98",",,S","69",",,S"
"IN005150100","RAJKOT, IN","22.3","70.783","138.0","2008-04-01",,,"81","H,,S","97",",,S","69",",,S"
"IN005150100","RAJKOT, IN","22.3","70.783","138.0","2008-04-02",,,"81","H,,S","98",",,S","69",",,S"
"IN005150100","RAJKOT, IN","22.3","70.783","138.0","2008-04-03",,,"80","H,,S","94",",,S","70",",,S"
"IN005150100","RAJKOT, IN","22.3","70.783","138.0","2008-04-04",,,"81","H,,S","94",",,S","70",",,S"
"IN005150100","RAJKOT, IN","22.3","70.783","138.0","2008-04-05",,,"82","H,,S","96",",,S","71",",,S"
"IN005150100","RAJKOT, IN","22.3","70.783","138.0","2008-04-06",,,"83","H,,S","96",",,S","70",",,S"
"IN005150100","RAJKOT, IN","22.3","70.783","138.0","2008-04-07",,,"88","H,,S","100",",,S","71",",,S"
"IN005150100","RAJKOT, IN","22.3","70.783","138.0","2008-04-08",,,"87","H,,S",,,"74",",,S"
"IN005150100","RAJKOT, IN","22.3","70.783","138.0","2008-04-09",,,"87","H,,S","103",",,S","71",",,S"
"IN005150100","RAJKOT, IN","22.3","70.783","138.0","2008-04-10",,,"87","H,,S","104",",,S","70",",,S"
"IN005150100","RAJKOT, IN","22.3","70.783","138.0","2008-04-11",,,"85","H,,S","103",",,S","72",",,S"
"IN005150100","RAJKOT, IN","22.3","70.783","138.0","2008-04-12",,,"84","H,,S",,,"72",",,S"
"IN005150100","RAJKOT, IN","22.3","70.783","138.0","2008-04-13",,,"87","H,,S","104",",,S","72",",,S"
"IN005150100","RAJKOT, IN","22.3","70.783","138.0","2008-04-14",,,"88","H,,S","107",",,S","74",",,S"
"IN005150100","RAJKOT, IN","22.3","70.783","138.0","2008-04-15",,,"87","H,,S","104",",,S","72",",,S"
"IN005150100","RAJKOT, IN","22.3","70.783","138.0","2008-04-16",,,"86","H,,S","103",",,S","67",",,S"
"IN005150100","RAJKOT, IN","22.3","70.783","138.0","2008-04-17",,,"87","H,,S","105",",,S","72",",,S"
"IN005150100","RAJKOT, IN","22.3","70.783","138.0","2008-04-18",,,"87","H,,S","105",",,S","71",",,S"
"IN005150100","RAJKOT, IN","22.3","70.783","138.0","2008-04-19",,,"86","H,,S","105",",,S","70",",,S"
"IN005150100","RAJKOT, IN","22.3","70.783","138.0","2008-04-20",,,"88","H,,S","106",",,S","72",",,S"
"IN005150100","RAJKOT, IN","22.3","70.783","138.0","2008-04-21",,,"89","H,,S","107",",,S",,
"IN005150100","RAJKOT, IN","22.3","70.783","138.0","2008-04-22",,,"79","H,,S",,,,
"IN005150100","RAJKOT, IN","22.3","70.783","138.0","2008-04-23",,,"89","H,,S","105",",,S","72",",,S"
"IN005150100","RAJKOT, IN","22.3","70.783","138.0","2008-04-24",,,"90","H,,S","107",",,S","74",",,S"
"IN005150100","RAJKOT, IN","22.3","70.783","138.0","2008-04-25",,,"93","H,,S","110",",,S","75",",,S"
"IN005150100","RAJKOT, IN","22.3","70.783","138.0","2008-04-26",,,"93","H,,S","109",",,S","78",",,S"
"IN005150100","RAJKOT, IN","22.3","70.783","138.0","2008-04-27",,,"93","H,,S","110",",,S","76",",,S"
"IN005150100","RAJKOT, IN","22.3","70.783","138.0","2008-04-28",,,"91","H,,S","107",",,S","75",",,S"
"IN005150100","RAJKOT, IN","22.3","70.783","138.0","2008-04-29",,,"91","H,,S","107",",,S","76",",,S"
"IN005150100","RAJKOT, IN","22.3","70.783","138.0","2008-04-30",,,"88","H,,S","102",",,S","76",",,S"
"IN005150100","RAJKOT, IN","22.3","70.783","138.0","2008-05-01",,,"89","H,,S","106",",,S","77",",,S"
"IN005150100","RAJKOT, IN","22.3","70.783","138.0","2008-05-02",,,"89","H,,S","106",",,S","74",",,S"
"IN005150100","RAJKOT, IN","22.3","70.783","138.0","2008-05-03",,,"90","H,,S","107",",,S","75",",,S"
"IN005150100","RAJKOT, IN","22.3","70.783","138.0","2008-05-04",,,"86","H,,S","104",",,S","76",",,S"
"IN005150100","RAJKOT, IN","22.3","70.783","138.0","2008-05-05",,,"90","H,,S","103",",,S","76",",,S"
"IN005150100","RAJKOT, IN","22.3","70.783","138.0","2008-05-06",,,"88","H,,S","103",",,S","78",",,S"
"IN005150100","RAJKOT, IN","22.3","70.783","138.0","2008-05-07",,,"88","H,,S","101",",,S","76",",,S"
"IN005150100","RAJKOT, IN","22.3","70.783","138.0","2008-05-08",,,"88","H,,S","103",",,S","77",",,S"
"IN005150100","RAJKOT, IN","22.3","70.783","138.0","2008-05-09",,,"88","H,,S","102",",,S","78",",,S"
"IN005150100","RAJKOT, IN","22.3","70.783","138.0","2008-05-10",,,"86","H,,S","102",",,S","77",",,S"
"IN005150100","RAJKOT, IN","22.3","70.783","138.0","2008-05-11",,,"89","H,,S","105",",,S","76",",,S"
"IN005150100","RAJKOT, IN","22.3","70.783","138.0","2008-05-12",,,"89","H,,S","104",",,S","76",",,S"
"IN005150100","RAJKOT, IN","22.3","70.783","138.0","2008-05-13",,,"89","H,,S","104",",,S","75",",,S"
"IN005150100","RAJKOT, IN","22.3","70.783","138.0","2008-05-14",,,"88","H,,S","105",",,S","76",",,S"
"IN005150100","RAJKOT, IN","22.3","70.783","138.0","2008-05-15",,,"89","H,,S","104",",,S","76",",,S"
"IN005150100","RAJKOT, IN","22.3","70.783","138.0","2008-05-16",,,"89","H,,S","103",",,S","77",",,S"
"IN005150100","RAJKOT, IN","22.3","70.783","138.0","2008-05-17",,,"88","H,,S","102",",,S","77",",,S"
"IN005150100","RAJKOT, IN","22.3","70.783","138.0","2008-05-18",,,"88","H,,S","101",",,S","77",",,S"
"IN005150100","RAJKOT, IN","22.3","70.783","138.0","2008-05-19",,,"88","H,,S","99",",,S","77",",,S"
"IN005150100","RAJKOT, IN","22.3","70.783","138.0","2008-05-20",,,"89","H,,S","101",",,S","78",",,S"
"IN005150100","RAJKOT, IN","22.3","70.783","138.0","2008-05-21",,,"89","H,,S","102",",,S","78",",,S"
"IN005150100","RAJKOT, IN","22.3","70.783","138.0","2008-05-22",,,"89","H,,S","103",",,S","78",",,S"
"IN005150100","RAJKOT, IN","22.3","70.783","138.0","2008-05-23",,,"92","H,,S","107",",,S","78",",,S"
"IN005150100","RAJKOT, IN","22.3","70.783","138.0","2008-05-24",,,"90","H,,S","107",",,S","77",",,S"
"IN005150100","RAJKOT, IN","22.3","70.783","138.0","2008-05-25",,,"90","H,,S","109",",,S","76",",,S"
"IN005150100","RAJKOT, IN","22.3","70.783","138.0","2008-05-26",,,"89","H,,S","107",",,S","77",",,S"
"IN005150100","RAJKOT, IN","22.3","70.783","138.0","2008-05-27",,,"91","H,,S","107",",,S","80",",,S"
"IN005150100","RAJKOT, IN","22.3","70.783","138.0","2008-05-28",,,"91","H,,S","106",",,S","78",",,S"
"IN005150100","RAJKOT, IN","22.3","70.783","138.0","2008-05-29",,,"90","H,,S","105",",,S","79",",,S"
"IN005150100","RAJKOT, IN","22.3","70.783","138.0","2008-05-30",,,"91","H,,S","104",",,S","79",",,S"
"IN005150100","RAJKOT, IN","22.3","70.783","138.0","2008-05-31",,,"90","H,,S","105",",,S","79",",,S"
"IN005150100","RAJKOT, IN","22.3","70.783","138.0","2008-06-01",,,"91","H,,S","103",",,S","81",",,S"
"IN005150100","RAJKOT, IN","22.3","70.783","138.0","2008-06-02",,,"90","H,,S","100",",,S","81",",,S"
"IN005150100","RAJKOT, IN","22.3","70.783","138.0","2008-06-03",,,"91","H,,S","101",",,S","80",",,S"
"IN005150100","RAJKOT, IN","22.3","70.783","138.0","2008-06-04",,,"87","H,,S","101",",,S","80",",,S"
"IN005150100","RAJKOT, IN","22.3","70.783","138.0","2008-06-05",,,"88","H,,S","99",",,S","74",",,S"
"IN005150100","RAJKOT, IN","22.3","70.783","138.0","2008-06-06",,,"89","H,,S","100",",,S","79",",,S"
"IN005150100","RAJKOT, IN","22.3","70.783","138.0","2008-06-07",,,"89","H,,S","105",",,S","80",",,S"
"IN005150100","RAJKOT, IN","22.3","70.783","138.0","2008-06-08",,,"89","H,,S","100",",,S","78",",,S"
"IN005150100","RAJKOT, IN","22.3","70.783","138.0","2008-06-09",,,"84","H,,S","93",",,S","79",",,S"
"IN005150100","RAJKOT, IN","22.3","70.783","138.0","2008-06-10",,,"83","H,,S","94",",,S","78",",,S"
"IN005150100","RAJKOT, IN","22.3","70.783","138.0","2008-06-11",,,"87","H,,S","98",",,S","78",",,S"
"IN005150100","RAJKOT, IN","22.3","70.783","138.0","2008-06-12",,,"87","H,,S","98",",,S","78",",,S"
"IN005150100","RAJKOT, IN","22.3","70.783","138.0","2008-06-13",,,"81","H,,S","86",",,S","77",",,S"
"IN005150100","RAJKOT, IN","22.3","70.783","138.0","2008-06-14","4.65",",,S","81","H,,S","88",",,S","74",",,S"
"IN005150100","RAJKOT, IN","22.3","70.783","138.0","2008-06-15","0.08",",,S","84","H,,S",,,"80",",,S"
"IN005150100","RAJKOT, IN","22.3","70.783","138.0","2008-06-16","0.00",",,S","85","H,,S","93",",,S","78",",,S"
"IN005150100","RAJKOT, IN","22.3","70.783","138.0","2008-06-17",,,"86","H,,S","95",",,S","79",",,S"
"IN005150100","RAJKOT, IN","22.3","70.783","138.0","2008-06-18",,,"87","H,,S","95",",,S","79",",,S"
"IN005150100","RAJKOT, IN","22.3","70.783","138.0","2008-06-19",,,"87","H,,S","95",",,S","79",",,S"
"IN005150100","RAJKOT, IN","22.3","70.783","138.0","2008-06-20",,,"87","H,,S","95",",,S","79",",,S"
"IN005150100","RAJKOT, IN","22.3","70.783","138.0","2008-06-21",,,"87","H,,S","96",",,S","79",",,S"
"IN005150100","RAJKOT, IN","22.3","70.783","138.0","2008-06-22",,,"87","H,,S","96",",,S","79",",,S"
"IN005150100","RAJKOT, IN","22.3","70.783","138.0","2008-06-23",,,"87","H,,S","96",",,S","78",",,S"
"IN005150100","RAJKOT, IN","22.3","70.783","138.0","2008-06-24",,,"87","H,,S","97",",,S","79",",,S"
"IN005150100","RAJKOT, IN","22.3","70.783","138.0","2008-06-25",,,"86","H,,S","93",",,S","79",",,S"
"IN005150100","RAJKOT, IN","22.3","70.783","138.0","2008-06-26",,,"87","H,,S","98",",,S","78",",,S"
"IN005150100","RAJKOT, IN","22.3","70.783","138.0","2008-06-27",,,"87","H,,S","96",",,S","77",",,S"
"IN005150100","RAJKOT, IN","22.3","70.783","138.0","2008-06-28",,,"87","H,,S","98",",,S","79",",,S"
"IN005150100","RAJKOT, IN","22.3","70.783","138.0","2008-06-29",,,"87","H,,S","100",",,S","79",",,S"
"IN005150100","RAJKOT, IN","22.3","70.783","138.0","2008-06-30",,,"84","H,,S","89",",,S","79",",,S"
"IN005150100","RAJKOT, IN","22.3","70.783","138.0","2008-07-01",,,"80","H,,S","85",",,S",,
"IN005150100","RAJKOT, IN","22.3","70.783","138.0","2008-07-02",,,"81","H,,S","89",",,S","77",",,S"
"IN005150100","RAJKOT, IN","22.3","70.783","138.0","2008-07-03",,,"83","H,,S","93",",,S","76",",,S"
"IN005150100","RAJKOT, IN","22.3","70.783","138.0","2008-07-04",,,"85","H,,S","94",",,S","78",",,S"
"IN005150100","RAJKOT, IN","22.3","70.783","138.0","2008-07-05",,,"85","H,,S","95",",,S","78",",,S"
"IN005150100","RAJKOT, IN","22.3","70.783","138.0","2008-07-06",,,"86","H,,S","95",",,S","78",",,S"
"IN005150100","RAJKOT, IN","22.3","70.783","138.0","2008-07-07",,,"85","H,,S","93",",,S","79",",,S"
"IN005150100","RAJKOT, IN","22.3","70.783","138.0","2008-07-08",,,"85","H,,S","93",",,S","78",",,S"
"IN005150100","RAJKOT, IN","22.3","70.783","138.0","2008-07-09",,,"84","H,,S",,,"79",",,S"
"IN005150100","RAJKOT, IN","22.3","70.783","138.0","2008-07-10","0.02",",,S","84","H,,S","91",",,S","77",",,S"
"IN005150100","RAJKOT, IN","22.3","70.783","138.0","2008-07-11","0.00",",,S","82","H,,S","87",",,S","78",",,S"
"IN005150100","RAJKOT, IN","22.3","70.783","138.0","2008-07-12",,,"82","H,,S","87",",,S","78",",,S"
"IN005150100","RAJKOT, IN","22.3","70.783","138.0","2008-07-13",,,"84","H,,S","90",",,S","77",",,S"
"IN005150100","RAJKOT, IN","22.3","70.783","138.0","2008-07-14",,,"84","H,,S","91",",,S","77",",,S"
"IN005150100","RAJKOT, IN","22.3","70.783","138.0","2008-07-15",,,"86","H,,S","94",",,S","77",",,S"
"IN005150100","RAJKOT, IN","22.3","70.783","138.0","2008-07-16",,,"85","H,,S","94",",,S","77",",,S"
"IN005150100","RAJKOT, IN","22.3","70.783","138.0","2008-07-17",,,"85","H,,S","94",",,S","78",",,S"
"IN005150100","RAJKOT, IN","22.3","70.783","138.0","2008-07-18",,,"85","H,,S","94",",,S","77",",,S"
"IN005150100","RAJKOT, IN","22.3","70.783","138.0","2008-07-19",,,"85","H,,S","95",",,S","77",",,S"
"IN005150100","RAJKOT, IN","22.3","70.783","138.0","2008-07-20",,,"85","H,,S","94",",,S","76",",,S"
"IN005150100","RAJKOT, IN","22.3","70.783","138.0","2008-07-21",,,"85","H,,S","94",",,S","77",",,S"
"IN005150100","RAJKOT, IN","22.3","70.783","138.0","2008-07-22",,,"83","H,,S","90",",,S","76",",,S"
"IN005150100","RAJKOT, IN","22.3","70.783","138.0","2008-07-23",,,"85","H,,S","94",",,S","76",",,S"
"IN005150100","RAJKOT, IN","22.3","70.783","138.0","2008-07-24",,,"86","H,,S","95",",,S","77",",,S"
"IN005150100","RAJKOT, IN","22.3","70.783","138.0","2008-07-25",,,"82","H,,S","94",",,S","78",",,S"
"IN005150100","RAJKOT, IN","22.3","70.783","138.0","2008-07-26",,,"83","H,,S","90",",,S","74",",,S"
"IN005150100","RAJKOT, IN","22.3","70.783","138.0","2008-07-27",,,"83","H,,S","90",",,S","76",",,S"
"IN005150100","RAJKOT, IN","22.3","70.783","138.0","2008-07-28",,,"80","H,,S","85",",,S","76",",,S"
"IN005150100","RAJKOT, IN","22.3","70.783","138.0","2008-07-29",,,"81","H,,S","90",",,S","73",",,S"
"IN005150100","RAJKOT, IN","22.3","70.783","138.0","2008-07-30",,,"83","H,,S","89",",,S","76",",,S"
"IN005150100","RAJKOT, IN","22.3","70.783","138.0","2008-07-31","0.02",",,S","82","H,,S","91",",,S","76",",,S"
"IN005150100","RAJKOT, IN","22.3","70.783","138.0","2008-08-01","0.00",",,S","82","H,,S","89",",,S","77",",,S"
"IN005150100","RAJKOT, IN","22.3","70.783","138.0","2008-08-02","0.08",",,S","78","H,,S","85",",,S",,
"IN005150100","RAJKOT, IN","22.3","70.783","138.0","2008-08-03","1.69",",,S","80","H,,S","88",",,S","75",",,S"
"IN005150100","RAJKOT, IN","22.3","70.783","138.0","2008-08-04","1.26",",,S","80","H,,S","85",",,S","74",",,S"
"IN005150100","RAJKOT, IN","22.3","70.783","138.0","2008-08-05","0.04",",,S","80","H,,S","88",",,S","76",",,S"
"IN005150100","RAJKOT, IN","22.3","70.783","138.0","2008-08-06","0.04",",,S","81","H,,S","85",",,S","76",",,S"
"IN005150100","RAJKOT, IN","22.3","70.783","138.0","2008-08-07","0.00",",,S","80","H,,S","85",",,S",,
"IN005150100","RAJKOT, IN","22.3","70.783","138.0","2008-08-08","0.02",",,S","80","H,,S","85",",,S","76",",,S"
"IN005150100","RAJKOT, IN","22.3","70.783","138.0","2008-08-09","0.08",",,S","80","H,,S","83",",,S","76",",,S"
"IN005150100","RAJKOT, IN","22.3","70.783","138.0","2008-08-10","0.04",",,S","79","H,,S","82",",,S","76",",,S"
"IN005150100","RAJKOT, IN","22.3","70.783","138.0","2008-08-11","0.24",",,S","79","H,,S",,,"77",",,S"
"IN005150100","RAJKOT, IN","22.3","70.783","138.0","2008-08-12","0.87",",,S","77","H,,S","78",",,S","75",",,S"
"IN005150100","RAJKOT, IN","22.3","70.783","138.0","2008-08-13","3.70",",,S","77","H,,S","78",",,S","76",",,S"
"IN005150100","RAJKOT, IN","22.3","70.783","138.0","2008-08-14","2.09",",,S","78","H,,S",,,"75",",,S"
"IN005150100","RAJKOT, IN","22.3","70.783","138.0","2008-08-15","0.12",",,S","80","H,,S","85",",,S","75",",,S"
"IN005150100","RAJKOT, IN","22.3","70.783","138.0","2008-08-16","0.00",",,S","79","H,,S","86",",,S","76",",,S"
"IN005150100","RAJKOT, IN","22.3","70.783","138.0","2008-08-17",,,"81","H,,S","89",",,S","75",",,S"
"IN005150100","RAJKOT, IN","22.3","70.783","138.0","2008-08-18",,,"81","H,,S","90",",,S","75",",,S"
"IN005150100","RAJKOT, IN","22.3","70.783","138.0","2008-08-19",,,"80","H,,S",,,"75",",,S"
"IN005150100","RAJKOT, IN","22.3","70.783","138.0","2008-08-20",,,"82","H,,S","91",",,S","74",",,S"
"IN005150100","RAJKOT, IN","22.3","70.783","138.0","2008-08-21",,,"81","H,,S","89",",,S","74",",,S"
"IN005150100","RAJKOT, IN","22.3","70.783","138.0","2008-08-22",,,"82","H,,S","90",",,S","75",",,S"
"IN005150100","RAJKOT, IN","22.3","70.783","138.0","2008-08-23",,,"82","H,,S","92",",,S","74",",,S"
"IN005150100","RAJKOT, IN","22.3","70.783","138.0","2008-08-24",,,"83","H,,S","90",",,S","76",",,S"
"IN005150100","RAJKOT, IN","22.3","70.783","138.0","2008-08-25",,,"84","H,,S","92",",,S","75",",,S"
"IN005150100","RAJKOT, IN","22.3","70.783","138.0","2008-08-26",,,"81","H,,S","88",",,S","76",",,S"
"IN005150100","RAJKOT, IN","22.3","70.783","138.0","2008-08-27",,,"83","H,,S","92",",,S","75",",,S"
"IN005150100","RAJKOT, IN","22.3","70.783","138.0","2008-08-28",,,"82","H,,S","92",",,S","74",",,S"
"IN005150100","RAJKOT, IN","22.3","70.783","138.0","2008-08-29",,,"83","H,,S","93",",,S","75",",,S"
"IN005150100","RAJKOT, IN","22.3","70.783","138.0","2008-08-30",,,"83","H,,S","92",",,S","75",",,S"
"IN005150100","RAJKOT, IN","22.3","70.783","138.0","2008-08-31",,,"83","H,,S","94",",,S","74",",,S"
"IN005150100","RAJKOT, IN","22.3","70.783","138.0","2008-09-01",,,"85","H,,S","95",",,S","75",",,S"
"IN005150100","RAJKOT, IN","22.3","70.783","138.0","2008-09-02",,,"84","H,,S","97",",,S","76",",,S"
"IN005150100","RAJKOT, IN","22.3","70.783","138.0","2008-09-03","0.16",",,S","85","H,,S","95",",,S","76",",,S"
"IN005150100","RAJKOT, IN","22.3","70.783","138.0","2008-09-04","0.00",",,S","84","H,,S","94",",,S","78",",,S"
"IN005150100","RAJKOT, IN","22.3","70.783","138.0","2008-09-05",,,"84","H,,S","94",",,S","76",",,S"
"IN005150100","RAJKOT, IN","22.3","70.783","138.0","2008-09-06",,,"83","H,,S","92",",,S",,
"IN005150100","RAJKOT, IN","22.3","70.783","138.0","2008-09-07",,,"84","H,,S","95",",,S","76",",,S"
"IN005150100","RAJKOT, IN","22.3","70.783","138.0","2008-09-08",,,"86","H,,S","97",",,S","77",",,S"
"IN005150100","RAJKOT, IN","22.3","70.783","138.0","2008-09-09",,,"88","H,,S","102",",,S","77",",,S"
"IN005150100","RAJKOT, IN","22.3","70.783","138.0","2008-09-10",,,"88","H,,S","101",",,S","77",",,S"
"IN005150100","RAJKOT, IN","22.3","70.783","138.0","2008-09-11","0.12",",,S","81","H,,S","94",",,S","73",",,S"
"IN005150100","RAJKOT, IN","22.3","70.783","138.0","2008-09-12","0.28",",,S","81","H,,S","96",",,S","74",",,S"
"IN005150100","RAJKOT, IN","22.3","70.783","138.0","2008-09-13","0.75",",,S","83","H,,S","96",",,S",,
"IN005150100","RAJKOT, IN","22.3","70.783","138.0","2008-09-14","2.05",",,S","80","H,,S","88",",,S","72",",,S"
"IN005150100","RAJKOT, IN","22.3","70.783","138.0","2008-09-15","3.27",",,S","78","H,,S","82",",,S","74",",,S"
"IN005150100","RAJKOT, IN","22.3","70.783","138.0","2008-09-16","2.05",",,S","78","H,,S","82",",,S","76",",,S"
"IN005150100","RAJKOT, IN","22.3","70.783","138.0","2008-09-17","3.11",",,S","78","H,,S","83",",,S","75",",,S"
"IN005150100","RAJKOT, IN","22.3","70.783","138.0","2008-09-18","1.34",",,S","78","H,,S","85",",,S",,
"IN005150100","RAJKOT, IN","22.3","70.783","138.0","2008-09-19","0.63",",,S","83","H,,S","90",",,S","70",",,S"
"IN005150100","RAJKOT, IN","22.3","70.783","138.0","2008-09-20","0.00",",,S","82","H,,S","90",",,S","77",",,S"
"IN005150100","RAJKOT, IN","22.3","70.783","138.0","2008-09-21",,,"82","H,,S","90",",,S","76",",,S"
"IN005150100","RAJKOT, IN","22.3","70.783","138.0","2008-09-22",,,"81","H,,S","90",",,S","74",",,S"
"IN005150100","RAJKOT, IN","22.3","70.783","138.0","2008-09-23",,,"81","H,,S","90",",,S","74",",,S"
"IN005150100","RAJKOT, IN","22.3","70.783","138.0","2008-09-24",,,"83","H,,S","91",",,S","74",",,S"
"IN005150100","RAJKOT, IN","22.3","70.783","138.0","2008-09-25",,,"81","H,,S","91",",,S","74",",,S"
"IN005150100","RAJKOT, IN","22.3","70.783","138.0","2008-09-26",,,"81","H,,S","91",",,S","73",",,S"
"IN005150100","RAJKOT, IN","22.3","70.783","138.0","2008-09-27",,,"81","H,,S","92",",,S","72",",,S"
"IN005150100","RAJKOT, IN","22.3","70.783","138.0","2008-09-28",,,"81","H,,S","92",",,S","72",",,S"
"IN005150100","RAJKOT, IN","22.3","70.783","138.0","2008-09-29",,,"81","H,,S","92",",,S","72",",,S"
"IN005150100","RAJKOT, IN","22.3","70.783","138.0","2008-09-30",,,"81","H,,S","92",",,S","73",",,S"
"IN005150100","RAJKOT, IN","22.3","70.783","138.0","2008-10-01",,,"82","H,,S","91",",,S","74",",,S"
"IN005150100","RAJKOT, IN","22.3","70.783","138.0","2008-10-02",,,"83","H,,S","91",",,S","75",",,S"
"IN005150100","RAJKOT, IN","22.3","70.783","138.0","2008-10-03",,,"82","H,,S","92",",,S","75",",,S"
"IN005150100","RAJKOT, IN","22.3","70.783","138.0","2008-10-04",,,"84","H,,S","95",",,S","74",",,S"
"IN005150100","RAJKOT, IN","22.3","70.783","138.0","2008-10-05",,,"85","H,,S","95",",,S","77",",,S"
"IN005150100","RAJKOT, IN","22.3","70.783","138.0","2008-10-06",,,"83","H,,S","94",",,S","76",",,S"
"IN005150100","RAJKOT, IN","22.3","70.783","138.0","2008-10-07",,,"84","H,,S","95",",,S","74",",,S"
"IN005150100","RAJKOT, IN","22.3","70.783","138.0","2008-10-08",,,"83","H,,S","94",",,S","72",",,S"
"IN005150100","RAJKOT, IN","22.3","70.783","138.0","2008-10-09",,,"83","H,,S","95",",,S","73",",,S"
"IN005150100","RAJKOT, IN","22.3","70.783","138.0","2008-10-10",,,"85","H,,S","97",",,S","74",",,S"
"IN005150100","RAJKOT, IN","22.3","70.783","138.0","2008-10-11",,,"87","H,,S","100",",,S","75",",,S"
"IN005150100","RAJKOT, IN","22.3","70.783","138.0","2008-10-12",,,"88","H,,S","102",",,S","76",",,S"
"IN005150100","RAJKOT, IN","22.3","70.783","138.0","2008-10-13",,,"87","H,,S","101",",,S","75",",,S"
"IN005150100","RAJKOT, IN","22.3","70.783","138.0","2008-10-14",,,"88","H,,S","100",",,S","73",",,S"
"IN005150100","RAJKOT, IN","22.3","70.783","138.0","2008-10-15",,,"87","H,,S","100",",,S","74",",,S"
"IN005150100","RAJKOT, IN","22.3","70.783","138.0","2008-10-16",,,"85","H,,S","99",",,S","73",",,S"
"IN005150100","RAJKOT, IN","22.3","70.783","138.0","2008-10-17",,,"86","H,,S","98",",,S","73",",,S"
"IN005150100","RAJKOT, IN","22.3","70.783","138.0","2008-10-18",,,"87","H,,S","100",",,S","73",",,S"
"IN005150100","RAJKOT, IN","22.3","70.783","138.0","2008-10-19",,,"87","H,,S","99",",,S","73",",,S"
"IN005150100","RAJKOT, IN","22.3","70.783","138.0","2008-10-20",,,"86","H,,S","98",",,S","75",",,S"
"IN005150100","RAJKOT, IN","22.3","70.783","138.0","2008-10-21",,,"83","H,,S","97",",,S","71",",,S"
"IN005150100","RAJKOT, IN","22.3","70.783","138.0","2008-10-22",,,"84","H,,S","99",",,S",,
"IN005150100","RAJKOT, IN","22.3","70.783","138.0","2008-10-23",,,"84","H,,S","99",",,S","68",",,S"
"IN005150100","RAJKOT, IN","22.3","70.783","138.0","2008-10-24",,,"84","H,,S","100",",,S","69",",,S"
"IN005150100","RAJKOT, IN","22.3","70.783","138.0","2008-10-25",,,"86","H,,S","98",",,S","70",",,S"
"IN005150100","RAJKOT, IN","22.3","70.783","138.0","2008-10-26",,,"83","H,,S","97",",,S","73",",,S"
"IN005150100","RAJKOT, IN","22.3","70.783","138.0","2008-10-27",,,"83","H,,S","96",",,S","70",",,S"
"IN005150100","RAJKOT, IN","22.3","70.783","138.0","2008-10-28",,,"81","H,,S","94",",,S","71",",,S"
"IN005150100","RAJKOT, IN","22.3","70.783","138.0","2008-10-29",,,"81","H,,S","94",",,S",,
"IN005150100","RAJKOT, IN","22.3","70.783","138.0","2008-10-30",,,"79","H,,S",,,"69",",,S"
"IN005150100","RAJKOT, IN","22.3","70.783","138.0","2008-10-31",,,"82","H,,S","94",",,S","70",",,S"
"IN005150100","RAJKOT, IN","22.3","70.783","138.0","2008-11-01",,,"82","H,,S","94",",,S","71",",,S"
"IN005150100","RAJKOT, IN","22.3","70.783","138.0","2008-11-02",,,"82","H,,S","94",",,S","71",",,S"
"IN005150100","RAJKOT, IN","22.3","70.783","138.0","2008-11-03",,,"83","H,,S","95",",,S","70",",,S"
"IN005150100","RAJKOT, IN","22.3","70.783","138.0","2008-11-04",,,"83","H,,S","96",",,S","69",",,S"
"IN005150100","RAJKOT, IN","22.3","70.783","138.0","2008-11-05",,,"81","H,,S","94",",,S","69",",,S"
"IN005150100","RAJKOT, IN","22.3","70.783","138.0","2008-11-06",,,"79","H,,S","92",",,S","69",",,S"
"IN005150100","RAJKOT, IN","22.3","70.783","138.0","2008-11-07",,,"80","H,,S","94",",,S","67",",,S"
"IN005150100","RAJKOT, IN","22.3","70.783","138.0","2008-11-08",,,"82","H,,S","98",",,S","67",",,S"
"IN005150100","RAJKOT, IN","22.3","70.783","138.0","2008-11-09",,,"83","H,,S","98",",,S","67",",,S"
"IN005150100","RAJKOT, IN","22.3","70.783","138.0","2008-11-10",,,"82","H,,S","96",",,S","66",",,S"
"IN005150100","RAJKOT, IN","22.3","70.783","138.0","2008-11-11",,,"80","H,,S","95",",,S","67",",,S"
"IN005150100","RAJKOT, IN","22.3","70.783","138.0","2008-11-12",,,"79","H,,S","94",",,S","66",",,S"
"IN005150100","RAJKOT, IN","22.3","70.783","138.0","2008-11-13",,,"78","H,,S","93",",,S","68",",,S"
"IN005150100","RAJKOT, IN","22.3","70.783","138.0","2008-11-14",,,"78","H,,S","92",",,S","67",",,S"
"IN005150100","RAJKOT, IN","22.3","70.783","138.0","2008-11-15",,,"76","H,,S","90",",,S","62",",,S"
"IN005150100","RAJKOT, IN","22.3","70.783","138.0","2008-11-16",,,"71","H,,S","89",",,S","58",",,S"
"IN005150100","RAJKOT, IN","22.3","70.783","138.0","2008-11-17",,,"76","H,,S","90",",,S","60",",,S"
"IN005150100","RAJKOT, IN","22.3","70.783","138.0","2008-11-18",,,"79","H,,S","90",",,S","69",",,S"
"IN005150100","RAJKOT, IN","22.3","70.783","138.0","2008-11-19",,,"80","H,,S","90",",,S",,
"IN005150100","RAJKOT, IN","22.3","70.783","138.0","2008-11-20",,,"73","H,,S","88",",,S",,
"IN005150100","RAJKOT, IN","22.3","70.783","138.0","2008-11-21",,,"71","H,,S","89",",,S","53",",,S"
"IN005150100","RAJKOT, IN","22.3","70.783","138.0","2008-11-22",,,"76","H,,S","90",",,S","60",",,S"
"IN005150100","RAJKOT, IN","22.3","70.783","138.0","2008-11-23",,,"76","H,,S","90",",,S","59",",,S"
"IN005150100","RAJKOT, IN","22.3","70.783","138.0","2008-11-24",,,"75","H,,S",,,"60",",,S"
"IN005150100","RAJKOT, IN","22.3","70.783","138.0","2008-11-25",,,"79","H,,S","92",",,S","59",",,S"
"IN005150100","RAJKOT, IN","22.3","70.783","138.0","2008-11-26",,,"81","H,,S","92",",,S","61",",,S"
"IN005150100","RAJKOT, IN","22.3","70.783","138.0","2008-11-27",,,"76","H,,S","92",",,S","65",",,S"
"IN005150100","RAJKOT, IN","22.3","70.783","138.0","2008-11-28",,,"76","H,,S","89",",,S","65",",,S"
"IN005150100","RAJKOT, IN","22.3","70.783","138.0","2008-11-29",,,"76","H,,S","87",",,S",,
"IN005150100","RAJKOT, IN","22.3","70.783","138.0","2008-11-30","0.02",",,S","71","H,,S","78",",,S","64",",,S"
"IN005150100","RAJKOT, IN","22.3","70.783","138.0","2008-12-02",,,"77","H,,S","91",",,S","63",",,S"
"IN005150100","RAJKOT, IN","22.3","70.783","138.0","2008-12-03",,,"81","H,,S","94",",,S","67",",,S"
"IN005150100","RAJKOT, IN","22.3","70.783","138.0","2008-12-04",,,"83","H,,S","96",",,S","72",",,S"
"IN005150100","RAJKOT, IN","22.3","70.783","138.0","2008-12-05",,,"85","H,,S","98",",,S","76",",,S"
"IN005150100","RAJKOT, IN","22.3","70.783","138.0","2008-12-06",,,"83","H,,S","94",",,S","71",",,S"
"IN005150100","RAJKOT, IN","22.3","70.783","138.0","2008-12-07",,,"82","H,,S","94",",,S",,
"IN005150100","RAJKOT, IN","22.3","70.783","138.0","2008-12-08",,,"79","H,,S","92",",,S","66",",,S"
"IN005150100","RAJKOT, IN","22.3","70.783","138.0","2008-12-09",,,"75","H,,S","88",",,S","64",",,S"
"IN005150100","RAJKOT, IN","22.3","70.783","138.0","2008-12-10",,,"72","H,,S","85",",,S","61",",,S"
"IN005150100","RAJKOT, IN","22.3","70.783","138.0","2008-12-11",,,"70","H,,S","84",",,S","58",",,S"
"IN005150100","RAJKOT, IN","22.3","70.783","138.0","2008-12-12",,,"67","H,,S","85",",,S","52",",,S"
"IN005150100","RAJKOT, IN","22.3","70.783","138.0","2008-12-13",,,"70","H,,S","87",",,S",,
"IN005150100","RAJKOT, IN","22.3","70.783","138.0","2008-12-14",,,"75","H,,S","91",",,S","61",",,S"
"IN005150100","RAJKOT, IN","22.3","70.783","138.0","2008-12-15",,,"77","H,,S","91",",,S","63",",,S"
"IN005150100","RAJKOT, IN","22.3","70.783","138.0","2008-12-16","0.03",",,S","79","H,,S","92",",,S","69",",,S"
"IN005150100","RAJKOT, IN","22.3","70.783","138.0","2008-12-17","0.00",",,S","80","H,,S","91",",,S","68",",,S"
"IN005150100","RAJKOT, IN","22.3","70.783","138.0","2008-12-18",,,"80","H,,S","91",",,S","69",",,S"
"IN005150100","RAJKOT, IN","22.3","70.783","138.0","2008-12-19",,,"73","H,,S","83",",,S","65",",,S"
"IN005150100","RAJKOT, IN","22.3","70.783","138.0","2008-12-20",,,"72","H,,S","83",",,S","65",",,S"
"IN005150100","RAJKOT, IN","22.3","70.783","138.0","2008-12-21",,,"68","H,,S","76",",,S","60",",,S"
"IN005150100","RAJKOT, IN","22.3","70.783","138.0","2008-12-22",,,"69","H,,S","85",",,S","55",",,S"
"IN005150100","RAJKOT, IN","22.3","70.783","138.0","2008-12-23",,,"71","H,,S","88",",,S","54",",,S"
"IN005150100","RAJKOT, IN","22.3","70.783","138.0","2008-12-24",,,"72","H,,S","87",",,S","57",",,S"
"IN005150100","RAJKOT, IN","22.3","70.783","138.0","2008-12-25",,,"72","H,,S","90",",,S","58",",,S"
"IN005150100","RAJKOT, IN","22.3","70.783","138.0","2008-12-26",,,"70","H,,S",,,"55",",,S"
"IN005150100","RAJKOT, IN","22.3","70.783","138.0","2008-12-27",,,"73","H,,S","83",",,S","54",",,S"
"IN005150100","RAJKOT, IN","22.3","70.783","138.0","2008-12-28",,,"70","H,,S","81",",,S","59",",,S"
"IN005150100","RAJKOT, IN","22.3","70.783","138.0","2008-12-29",,,"69","H,,S","83",",,S","56",",,S"
"IN005150100","RAJKOT, IN","22.3","70.783","138.0","2008-12-30",,,"68","H,,S","82",",,S","57",",,S"
"IN005150100","RAJKOT, IN","22.3","70.783","138.0","2008-12-31",,,"69","H,,S","85",",,S","55",",,S"
"IN005150100","RAJKOT, IN","22.3","70.783","138.0","2009-01-01",,,"71","H,,S","85",",,S","59",",,S"
"IN005150100","RAJKOT, IN","22.3","70.783","138.0","2009-01-02",,,"70","H,,S","85",",,S","53",",,S"
"IN005150100","RAJKOT, IN","22.3","70.783","138.0","2009-01-03",,,"69","H,,S","85",",,S","54",",,S"
"IN005150100","RAJKOT, IN","22.3","70.783","138.0","2009-01-04",,,"69","H,,S","82",",,S",,
"IN005150100","RAJKOT, IN","22.3","70.783","138.0","2009-01-05",,,"70","H,,S","82",",,S","61",",,S"
"IN005150100","RAJKOT, IN","22.3","70.783","138.0","2009-01-06",,,"70","H,,S","82",",,S","59",",,S"
"IN005150100","RAJKOT, IN","22.3","70.783","138.0","2009-01-07",,,"68","H,,S","81",",,S",,
"IN005150100","RAJKOT, IN","22.3","70.783","138.0","2009-01-08",,,"66","H,,S","80",",,S","55",",,S"
"IN005150100","RAJKOT, IN","22.3","70.783","138.0","2009-01-09",,,"65","H,,S","80",",,S","51",",,S"
"IN005150100","RAJKOT, IN","22.3","70.783","138.0","2009-01-10",,,"66","H,,S","82",",,S","53",",,S"
"IN005150100","RAJKOT, IN","22.3","70.783","138.0","2009-01-11",,,"69","H,,S","82",",,S","52",",,S"
"IN005150100","RAJKOT, IN","22.3","70.783","138.0","2009-01-12",,,"70","H,,S","84",",,S","54",",,S"
"IN005150100","RAJKOT, IN","22.3","70.783","138.0","2009-01-13",,,"74","H,,S","88",",,S","58",",,S"
"IN005150100","RAJKOT, IN","22.3","70.783","138.0","2009-01-14",,,"79","H,,S","92",",,S","67",",,S"
"IN005150100","RAJKOT, IN","22.3","70.783","138.0","2009-01-15",,,"75","H,,S","88",",,S","65",",,S"
"IN005150100","RAJKOT, IN","22.3","70.783","138.0","2009-01-16",,,"72","H,,S","84",",,S","61",",,S"
"IN005150100","RAJKOT, IN","22.3","70.783","138.0","2009-01-17",,,"71","H,,S","86",",,S","59",",,S"
"IN005150100","RAJKOT, IN","22.3","70.783","138.0","2009-01-18",,,"70","H,,S","83",",,S","56",",,S"
"IN005150100","RAJKOT, IN","22.3","70.783","138.0","2009-01-19",,,"70","H,,S","83",",,S","58",",,S"
"IN005150100","RAJKOT, IN","22.3","70.783","138.0","2009-01-20",,,"73","H,,S","86",",,S","60",",,S"
"IN005150100","RAJKOT, IN","22.3","70.783","138.0","2009-01-21",,,"74","H,,S","83",",,S","63",",,S"
"IN005150100","RAJKOT, IN","22.3","70.783","138.0","2009-01-22",,,"77","H,,S","92",",,S","60",",,S"
"IN005150100","RAJKOT, IN","22.3","70.783","138.0","2009-01-23",,,"78","H,,S","92",",,S","64",",,S"
"IN005150100","RAJKOT, IN","22.3","70.783","138.0","2009-01-24",,,"77","H,,S","92",",,S","62",",,S"
"IN005150100","RAJKOT, IN","22.3","70.783","138.0","2009-01-25",,,"71","H,,S","82",",,S",,
"IN005150100","RAJKOT, IN","22.3","70.783","138.0","2009-01-26",,,"69","H,,S","81",",,S",,
"IN005150100","RAJKOT, IN","22.3","70.783","138.0","2009-01-27",,,"69","H,,S","85",",,S","56",",,S"
"IN005150100","RAJKOT, IN","22.3","70.783","138.0","2009-01-28",,,"70","H,,S","87",",,S","55",",,S"
"IN005150100","RAJKOT, IN","22.3","70.783","138.0","2009-01-29",,,"70","H,,S","87",",,S","58",",,S"
"IN005150100","RAJKOT, IN","22.3","70.783","138.0","2009-01-30",,,"70","H,,S","87",",,S","53",",,S"
"IN005150100","RAJKOT, IN","22.3","70.783","138.0","2009-01-31",,,"71","H,,S","87",",,S","54",",,S"
"IN005150100","RAJKOT, IN","22.3","70.783","138.0","2009-02-01",,,"71","H,,S","89",",,S","54",",,S"
"IN005150100","RAJKOT, IN","22.3","70.783","138.0","2009-02-02",,,"72","H,,S","87",",,S","55",",,S"
"IN005150100","RAJKOT, IN","22.3","70.783","138.0","2009-02-03",,,"72","H,,S","87",",,S","57",",,S"
"IN005150100","RAJKOT, IN","22.3","70.783","138.0","2009-02-04",,,"72","H,,S","86",",,S","62",",,S"
"IN005150100","RAJKOT, IN","22.3","70.783","138.0","2009-02-05",,,"72","H,,S","86",",,S","61",",,S"
"IN005150100","RAJKOT, IN","22.3","70.783","138.0","2009-02-06",,,"73","H,,S","85",",,S","59",",,S"
"IN005150100","RAJKOT, IN","22.3","70.783","138.0","2009-02-07",,,"73","H,,S","88",",,S","57",",,S"
"IN005150100","RAJKOT, IN","22.3","70.783","138.0","2009-02-08",,,"70","H,,S","88",",,S","55",",,S"
"IN005150100","RAJKOT, IN","22.3","70.783","138.0","2009-02-09",,,"70","H,,S","86",",,S","55",",,S"
"IN005150100","RAJKOT, IN","22.3","70.783","138.0","2009-02-10",,,"71","H,,S","83",",,S","61",",,S"
"IN005150100","RAJKOT, IN","22.3","70.783","138.0","2009-02-11",,,"71","H,,S","85",",,S","55",",,S"
"IN005150100","RAJKOT, IN","22.3","70.783","138.0","2009-02-12",,,"72","H,,S","87",",,S","56",",,S"
"IN005150100","RAJKOT, IN","22.3","70.783","138.0","2009-02-13",,,"72","H,,S","84",",,S","62",",,S"
"IN005150100","RAJKOT, IN","22.3","70.783","138.0","2009-02-14",,,"73","H,,S","86",",,S","63",",,S"
"IN005150100","RAJKOT, IN","22.3","70.783","138.0","2009-02-15",,,"74","H,,S","87",",,S","59",",,S"
"IN005150100","RAJKOT, IN","22.3","70.783","138.0","2009-02-16",,,"74","H,,S","91",",,S","56",",,S"
"IN005150100","RAJKOT, IN","22.3","70.783","138.0","2009-02-17",,,"73","H,,S","92",",,S","58",",,S"
"IN005150100","RAJKOT, IN","22.3","70.783","138.0","2009-02-18",,,"75","H,,S","93",",,S","59",",,S"
"IN005150100","RAJKOT, IN","22.3","70.783","138.0","2009-02-19",,,"77","H,,S","94",",,S","58",",,S"
"IN005150100","RAJKOT, IN","22.3","70.783","138.0","2009-02-20",,,"78","H,,S","95",",,S","62",",,S"
"IN005150100","RAJKOT, IN","22.3","70.783","138.0","2009-02-21",,,"80","H,,S","99",",,S","64",",,S"
"IN005150100","RAJKOT, IN","22.3","70.783","138.0","2009-02-22",,,"82","H,,S","99",",,S","66",",,S"
"IN005150100","RAJKOT, IN","22.3","70.783","138.0","2009-02-23",,,"79","H,,S","94",",,S","68",",,S"
"IN005150100","RAJKOT, IN","22.3","70.783","138.0","2009-02-24",,,"79","H,,S","96",",,S","64",",,S"
"IN005150100","RAJKOT, IN","22.3","70.783","138.0","2009-02-25",,,"81","H,,S","97",",,S","68",",,S"
"IN005150100","RAJKOT, IN","22.3","70.783","138.0","2009-02-26",,,"84","H,,S","99",",,S","65",",,S"
"IN005150100","RAJKOT, IN","22.3","70.783","138.0","2009-02-27",,,"85","H,,S","99",",,S","69",",,S"
"IN005150100","RAJKOT, IN","22.3","70.783","138.0","2009-02-28",,,"83","H,,S","101",",,S","66",",,S"
"IN005150100","RAJKOT, IN","22.3","70.783","138.0","2009-03-01",,,"83","H,,S","101",",,S","68",",,S"
"IN005150100","RAJKOT, IN","22.3","70.783","138.0","2009-03-02",,,"84","H,,S","103",",,S","67",",,S"
"IN005150100","RAJKOT, IN","22.3","70.783","138.0","2009-03-03",,,"82","H,,S","100",",,S","66",",,S"
"IN005150100","RAJKOT, IN","22.3","70.783","138.0","2009-03-04",,,"80","H,,S","96",",,S","69",",,S"
"IN005150100","RAJKOT, IN","22.3","70.783","138.0","2009-03-05",,,"78","H,,S","95",",,S","65",",,S"
"IN005150100","RAJKOT, IN","22.3","70.783","138.0","2009-03-06",,,"79","H,,S","97",",,S","65",",,S"
"IN005150100","RAJKOT, IN","22.3","70.783","138.0","2009-03-07",,,"80","H,,S","92",",,S","67",",,S"
"IN005150100","RAJKOT, IN","22.3","70.783","138.0","2009-03-08",,,"79","H,,S","94",",,S","66",",,S"
"IN005150100","RAJKOT, IN","22.3","70.783","138.0","2009-03-09",,,"80","H,,S","96",",,S","63",",,S"
"IN005150100","RAJKOT, IN","22.3","70.783","138.0","2009-03-10",,,"83","H,,S","100",",,S","63",",,S"
"IN005150100","RAJKOT, IN","22.3","70.783","138.0","2009-03-11",,,"84","H,,S","103",",,S","64",",,S"
"IN005150100","RAJKOT, IN","22.3","70.783","138.0","2009-03-12",,,"84","H,,S","102",",,S","67",",,S"
"IN005150100","RAJKOT, IN","22.3","70.783","138.0","2009-03-13",,,"83","H,,S","99",",,S","69",",,S"
"IN005150100","RAJKOT, IN","22.3","70.783","138.0","2009-03-14",,,"83","H,,S","101",",,S","67",",,S"
"IN005150100","RAJKOT, IN","22.3","70.783","138.0","2009-03-15",,,"84","H,,S","100",",,S","68",",,S"
"IN005150100","RAJKOT, IN","22.3","70.783","138.0","2009-03-16",,,"82","H,,S","99",",,S","68",",,S"
"IN005150100","RAJKOT, IN","22.3","70.783","138.0","2009-03-17",,,"82","H,,S","98",",,S","67",",,S"
"IN005150100","RAJKOT, IN","22.3","70.783","138.0","2009-03-18",,,"81","H,,S","97",",,S","67",",,S"
"IN005150100","RAJKOT, IN","22.3","70.783","138.0","2009-03-19",,,"83","H,,S","99",",,S","69",",,S"
"IN005150100","RAJKOT, IN","22.3","70.783","138.0","2009-03-20",,,"83","H,,S","100",",,S","70",",,S"
"IN005150100","RAJKOT, IN","22.3","70.783","138.0","2009-03-21",,,"84","H,,S","101",",,S","72",",,S"
"IN005150100","RAJKOT, IN","22.3","70.783","138.0","2009-03-22",,,"81","H,,S","100",",,S","71",",,S"
"IN005150100","RAJKOT, IN","22.3","70.783","138.0","2009-03-23",,,"86","H,,S","102",",,S","71",",,S"
"IN005150100","RAJKOT, IN","22.3","70.783","138.0","2009-03-24",,,"83","H,,S","101",",,S","71",",,S"
"IN005150100","RAJKOT, IN","22.3","70.783","138.0","2009-03-25",,,"84","H,,S","99",",,S","69",",,S"
"IN005150100","RAJKOT, IN","22.3","70.783","138.0","2009-03-26",,,"83","H,,S","99",",,S","72",",,S"
"IN005150100","RAJKOT, IN","22.3","70.783","138.0","2009-03-27",,,"84","H,,S","99",",,S","71",",,S"
"IN005150100","RAJKOT, IN","22.3","70.783","138.0","2009-03-28",,,"84","H,,S","99",",,S","72",",,S"
"IN005150100","RAJKOT, IN","22.3","70.783","138.0","2009-03-29",,,"84","H,,S","99",",,S","69",",,S"
"IN005150100","RAJKOT, IN","22.3","70.783","138.0","2009-03-30",,,"88","H,,S","103",",,S","72",",,S"
"IN005150100","RAJKOT, IN","22.3","70.783","138.0","2009-03-31",,,"88","H,,S","106",",,S","74",",,S"
"IN005150100","RAJKOT, IN","22.3","70.783","138.0","2009-04-01",,,"93","H,,S","108",",,S","77",",,S"
"IN005150100","RAJKOT, IN","22.3","70.783","138.0","2009-04-02",,,"91","H,,S","106",",,S","77",",,S"
"IN005150100","RAJKOT, IN","22.3","70.783","138.0","2009-04-03",,,"90","H,,S","103",",,S","76",",,S"
"IN005150100","RAJKOT, IN","22.3","70.783","138.0","2009-04-04",,,"90","H,,S","103",",,S","78",",,S"
"IN005150100","RAJKOT, IN","22.3","70.783","138.0","2009-04-05",,,"86","H,,S","98",",,S","78",",,S"
"IN005150100","RAJKOT, IN","22.3","70.783","138.0","2009-04-06",,,"88","H,,S","101",",,S","74",",,S"
"IN005150100","RAJKOT, IN","22.3","70.783","138.0","2009-04-07",,,"84","H,,S","99",",,S","71",",,S"
"IN005150100","RAJKOT, IN","22.3","70.783","138.0","2009-04-08",,,"82","H,,S","94",",,S","72",",,S"
"IN005150100","RAJKOT, IN","22.3","70.783","138.0","2009-04-09",,,"85","H,,S","98",",,S","65",",,S"
"IN005150100","RAJKOT, IN","22.3","70.783","138.0","2009-04-10",,,"89","H,,S","103",",,S","67",",,S"
"IN005150100","RAJKOT, IN","22.3","70.783","138.0","2009-04-11",,,"91","H,,S","107",",,S","74",",,S"
"IN005150100","RAJKOT, IN","22.3","70.783","138.0","2009-04-12",,,"90","H,,S","107",",,S","73",",,S"
"IN005150100","RAJKOT, IN","22.3","70.783","138.0","2009-04-13",,,"88","H,,S","105",",,S","72",",,S"
"IN005150100","RAJKOT, IN","22.3","70.783","138.0","2009-04-14",,,"86","H,,S","102",",,S","73",",,S"
"IN005150100","RAJKOT, IN","22.3","70.783","138.0","2009-04-15",,,"85","H,,S","99",",,S","71",",,S"
"IN005150100","RAJKOT, IN","22.3","70.783","138.0","2009-04-16",,,"86","H,,S","100",",,S","73",",,S"
"IN005150100","RAJKOT, IN","22.3","70.783","138.0","2009-04-17",,,"92","H,,S","106",",,S","74",",,S"
"IN005150100","RAJKOT, IN","22.3","70.783","138.0","2009-04-18",,,"92","H,,S","108",",,S","74",",,S"
"IN005150100","RAJKOT, IN","22.3","70.783","138.0","2009-04-19",,,"92","H,,S","110",",,S","77",",,S"
"IN005150100","RAJKOT, IN","22.3","70.783","138.0","2009-04-20",,,"89","H,,S","110",",,S","74",",,S"
"IN005150100","RAJKOT, IN","22.3","70.783","138.0","2009-04-21",,,"90","H,,S","105",",,S","75",",,S"
"IN005150100","RAJKOT, IN","22.3","70.783","138.0","2009-04-22",,,"90","H,,S","106",",,S","74",",,S"
"IN005150100","RAJKOT, IN","22.3","70.783","138.0","2009-04-23",,,"89","H,,S","105",",,S","75",",,S"
"IN005150100","RAJKOT, IN","22.3","70.783","138.0","2009-04-24",,,"88","H,,S","104",",,S","71",",,S"
"IN005150100","RAJKOT, IN","22.3","70.783","138.0","2009-04-25",,,"88","H,,S","104",",,S","71",",,S"
"IN005150100","RAJKOT, IN","22.3","70.783","138.0","2009-04-26",,,"94","H,,S","109",",,S","74",",,S"
"IN005150100","RAJKOT, IN","22.3","70.783","138.0","2009-04-28",,,"93","H,,S","111",",,S","78",",,S"
"IN005150100","RAJKOT, IN","22.3","70.783","138.0","2009-04-29",,,"91","H,,S","110",",,S","72",",,S"
"IN005150100","RAJKOT, IN","22.3","70.783","138.0","2009-04-30",,,"92","H,,S","109",",,S","77",",,S"
"IN005150100","RAJKOT, IN","22.3","70.783","138.0","2009-05-01",,,"93","H,,S","110",",,S","78",",,S"
"IN005150100","RAJKOT, IN","22.3","70.783","138.0","2009-05-02",,,"92","H,,S","109",",,S","77",",,S"
"IN005150100","RAJKOT, IN","22.3","70.783","138.0","2009-05-03",,,"91","H,,S","108",",,S","78",",,S"
"IN005150100","RAJKOT, IN","22.3","70.783","138.0","2009-05-04",,,"92","H,,S","109",",,S","77",",,S"
"IN005150100","RAJKOT, IN","22.3","70.783","138.0","2009-05-05",,,"89","H,,S","103",",,S","76",",,S"
"IN005150100","RAJKOT, IN","22.3","70.783","138.0","2009-05-06",,,"89","H,,S","104",",,S","75",",,S"
"IN005150100","RAJKOT, IN","22.3","70.783","138.0","2009-05-07",,,"90","H,,S","106",",,S","75",",,S"
"IN005150100","RAJKOT, IN","22.3","70.783","138.0","2009-05-08",,,"89","H,,S","107",",,S","76",",,S"
"IN005150100","RAJKOT, IN","22.3","70.783","138.0","2009-05-09",,,"88","H,,S","106",",,S","72",",,S"
"IN005150100","RAJKOT, IN","22.3","70.783","138.0","2009-05-10",,,"89","H,,S","105",",,S","76",",,S"
"IN005150100","RAJKOT, IN","22.3","70.783","138.0","2009-05-11",,,"90","H,,S","104",",,S","78",",,S"
"IN005150100","RAJKOT, IN","22.3","70.783","138.0","2009-05-12",,,"90","H,,S","107",",,S","79",",,S"
"IN005150100","RAJKOT, IN","22.3","70.783","138.0","2009-05-13",,,"91","H,,S","110",",,S","79",",,S"
"IN005150100","RAJKOT, IN","22.3","70.783","138.0","2009-05-14",,,"90","H,,S","105",",,S","79",",,S"
"IN005150100","RAJKOT, IN","22.3","70.783","138.0","2009-05-15",,,"91","H,,S","104",",,S","80",",,S"
"IN005150100","RAJKOT, IN","22.3","70.783","138.0","2009-05-16",,,"90","H,,S","104",",,S","81",",,S"
"IN005150100","RAJKOT, IN","22.3","70.783","138.0","2009-05-17",,,"90","H,,S","103",",,S","79",",,S"
"IN005150100","RAJKOT, IN","22.3","70.783","138.0","2009-05-18",,,"91","H,,S","104",",,S","79",",,S"
"IN005150100","RAJKOT, IN","22.3","70.783","138.0","2009-05-19",,,"91","H,,S","105",",,S","79",",,S"
"IN005150100","RAJKOT, IN","22.3","70.783","138.0","2009-05-20",,,"92","H,,S","108",",,S","78",",,S"
"IN005150100","RAJKOT, IN","22.3","70.783","138.0","2009-05-21",,,"93","H,,S","109",",,S","79",",,S"
"IN005150100","RAJKOT, IN","22.3","70.783","138.0","2009-05-22",,,"92","H,,S","109",",,S","80",",,S"
"IN005150100","RAJKOT, IN","22.3","70.783","138.0","2009-05-23",,,"92","H,,S","109",",,S","79",",,S"
"IN005150100","RAJKOT, IN","22.3","70.783","138.0","2009-05-24",,,"91","H,,S","108",",,S","79",",,S"
"IN005150100","RAJKOT, IN","22.3","70.783","138.0","2009-05-25",,,"91","H,,S","108",",,S","78",",,S"
"IN005150100","RAJKOT, IN","22.3","70.783","138.0","2009-05-26",,,"92","H,,S","107",",,S","79",",,S"
"IN005150100","RAJKOT, IN","22.3","70.783","138.0","2009-05-27",,,"90","H,,S","105",",,S","81",",,S"
"IN005150100","RAJKOT, IN","22.3","70.783","138.0","2009-05-28",,,"90","H,,S","105",",,S","80",",,S"
"IN005150100","RAJKOT, IN","22.3","70.783","138.0","2009-05-29",,,"90","H,,S","103",",,S","79",",,S"
"IN005150100","RAJKOT, IN","22.3","70.783","138.0","2009-05-30",,,"89","H,,S","101",",,S","75",",,S"
"IN005150100","RAJKOT, IN","22.3","70.783","138.0","2009-05-31",,,"92","H,,S","101",",,S","81",",,S"
"IN005150100","RAJKOT, IN","22.3","70.783","138.0","2009-06-01",,,"89","H,,S","101",",,S","80",",,S"
"IN005150100","RAJKOT, IN","22.3","70.783","138.0","2009-06-02",,,"89","H,,S","100",",,S","81",",,S"
"IN005150100","RAJKOT, IN","22.3","70.783","138.0","2009-06-03",,,"88","H,,S","102",",,S",,
"IN005150100","RAJKOT, IN","22.3","70.783","138.0","2009-06-04",,,"90","H,,S","102",",,S","80",",,S"
"IN005150100","RAJKOT, IN","22.3","70.783","138.0","2009-06-05",,,"90","H,,S","103",",,S","80",",,S"
"IN005150100","RAJKOT, IN","22.3","70.783","138.0","2009-06-06",,,"91","H,,S","105",",,S","79",",,S"
"IN005150100","RAJKOT, IN","22.3","70.783","138.0","2009-06-07",,,"90","H,,S","107",",,S","80",",,S"
"IN005150100","RAJKOT, IN","22.3","70.783","138.0","2009-06-08",,,"90","H,,S","104",",,S","80",",,S"
"IN005150100","RAJKOT, IN","22.3","70.783","138.0","2009-06-09",,,"90","H,,S","103",",,S","81",",,S"
"IN005150100","RAJKOT, IN","22.3","70.783","138.0","2009-06-10",,,"90","H,,S","103",",,S","80",",,S"
"IN005150100","RAJKOT, IN","22.3","70.783","138.0","2009-06-11",,,"90","H,,S","103",",,S","80",",,S"
"IN005150100","RAJKOT, IN","22.3","70.783","138.0","2009-06-12",,,"90","H,,S","104",",,S","80",",,S"
"IN005150100","RAJKOT, IN","22.3","70.783","138.0","2009-06-13",,,"90","H,,S","104",",,S","81",",,S"
"IN005150100","RAJKOT, IN","22.3","70.783","138.0","2009-06-14",,,"90","H,,S","102",",,S","81",",,S"
"IN005150100","RAJKOT, IN","22.3","70.783","138.0","2009-06-15",,,"90","H,,S","101",",,S","81",",,S"
"IN005150100","RAJKOT, IN","22.3","70.783","138.0","2009-06-16",,,"90","H,,S",,,"81",",,S"
"IN005150100","RAJKOT, IN","22.3","70.783","138.0","2009-06-17",,,"89","H,,S",,,"81",",,S"
"IN005150100","RAJKOT, IN","22.3","70.783","138.0","2009-06-19",,,"93","H,,S","105",",,S",,
"IN005150100","RAJKOT, IN","22.3","70.783","138.0","2009-06-20","0.00",",,S","90","H,,S","106",",,S","79",",,S"
"IN005150100","RAJKOT, IN","22.3","70.783","138.0","2009-06-21",,,"88","H,,S","103",",,S","80",",,S"
"IN005150100","RAJKOT, IN","22.3","70.783","138.0","2009-06-22",,,"87","H,,S","99",",,S","80",",,S"
"IN005150100","RAJKOT, IN","22.3","70.783","138.0","2009-06-23",,,"86","H,,S","99",",,S",,
"IN005150100","RAJKOT, IN","22.3","70.783","138.0","2009-06-24","0.47",",,S","80","H,,S",,,,
"IN005150100","RAJKOT, IN","22.3","70.783","138.0","2009-06-25","0.00",",,S","83","H,,S","91",",,S","78",",,S"
"IN005150100","RAJKOT, IN","22.3","70.783","138.0","2009-06-26","0.02",",,S","86","H,,S","95",",,S","78",",,S"
"IN005150100","RAJKOT, IN","22.3","70.783","138.0","2009-06-27","0.00",",,S","86","H,,S","96",",,S","78",",,S"
"IN005150100","RAJKOT, IN","22.3","70.783","138.0","2009-06-28",,,"85","H,,S","95",",,S",,
"IN005150100","RAJKOT, IN","22.3","70.783","138.0","2009-06-29",,,"85","H,,S","96",",,S","80",",,S"
"IN005150100","RAJKOT, IN","22.3","70.783","138.0","2009-06-30",,,"88","H,,S","97",",,S","79",",,S"
"IN005150100","RAJKOT, IN","22.3","70.783","138.0","2009-07-01",,,"87","H,,S","96",",,S","80",",,S"
"IN005150100","RAJKOT, IN","22.3","70.783","138.0","2009-07-02",,,"87","H,,S","99",",,S","80",",,S"
"IN005150100","RAJKOT, IN","22.3","70.783","138.0","2009-07-03",,,"84","H,,S","95",",,S","79",",,S"
"IN005150100","RAJKOT, IN","22.3","70.783","138.0","2009-07-04",,,"86","H,,S","98",",,S","78",",,S"
"IN005150100","RAJKOT, IN","22.3","70.783","138.0","2009-07-05",,,"87","H,,S","101",",,S",,
"IN005150100","RAJKOT, IN","22.3","70.783","138.0","2009-07-06","0.75",",,S","88","H,,S","100",",,S","71",",,S"
"IN005150100","RAJKOT, IN","22.3","70.783","138.0","2009-07-07","0.00",",,S","88","H,,S","101",",,S","79",",,S"
"IN005150100","RAJKOT, IN","22.3","70.783","138.0","2009-07-08",,,"89","H,,S","98",",,S","81",",,S"
"IN005150100","RAJKOT, IN","22.3","70.783","138.0","2009-07-09",,,"88","H,,S","97",",,S","81",",,S"
"IN005150100","RAJKOT, IN","22.3","70.783","138.0","2009-07-10","0.67",",,S","79","H,,S","89",",,S","72",",,S"
"IN005150100","RAJKOT, IN","22.3","70.783","138.0","2009-07-11","0.71",",,S","83","H,,S","92",",,S","74",",,S"
"IN005150100","RAJKOT, IN","22.3","70.783","138.0","2009-07-12","0.28",",,S","83","H,,S","89",",,S","77",",,S"
"IN005150100","RAJKOT, IN","22.3","70.783","138.0","2009-07-13","0.31",",,S","81","H,,S","90",",,S","78",",,S"
"IN005150100","RAJKOT, IN","22.3","70.783","138.0","2009-07-14","0.31",",,S","81","H,,S","89",",,S","78",",,S"
"IN005150100","RAJKOT, IN","22.3","70.783","138.0","2009-07-15","0.16",",,S","81","H,,S","87",",,S","76",",,S"
"IN005150100","RAJKOT, IN","22.3","70.783","138.0","2009-07-16","0.28",",,S","81","H,,S","89",",,S","75",",,S"
"IN005150100","RAJKOT, IN","22.3","70.783","138.0","2009-07-17","0.94",",,S","82","H,,S","90",",,S",,
"IN005150100","RAJKOT, IN","22.3","70.783","138.0","2009-07-18","5.04",",,S","80","H,,S","85",",,S","75",",,S"
"IN005150100","RAJKOT, IN","22.3","70.783","138.0","2009-07-19","0.12",",,S","82","H,,S","87",",,S","76",",,S"
"IN005150100","RAJKOT, IN","22.3","70.783","138.0","2009-07-20","0.00",",,S","81","H,,S","88",",,S","77",",,S"
"IN005150100","RAJKOT, IN","22.3","70.783","138.0","2009-07-21","1.02",",,S","83","H,,S","87",",,S","77",",,S"
"IN005150100","RAJKOT, IN","22.3","70.783","138.0","2009-07-22","0.00",",,S","81","H,,S",,,"78",",,S"
"IN005150100","RAJKOT, IN","22.3","70.783","138.0","2009-07-23","1.42",",,S","78","H,,S","82",",,S",,
"IN005150100","RAJKOT, IN","22.3","70.783","138.0","2009-07-24","1.50",",,S","78","H,,S","81",",,S","74",",,S"
"IN005150100","RAJKOT, IN","22.3","70.783","138.0","2009-07-25","1.10",",,S","78","H,,S","81",",,S","74",",,S"
"IN005150100","RAJKOT, IN","22.3","70.783","138.0","2009-07-26","1.46",",,S","81","H,,S","84",",,S","74",",,S"
"IN005150100","RAJKOT, IN","22.3","70.783","138.0","2009-07-27","0.00",",,S","82","H,,S","88",",,S","77",",,S"
"IN005150100","RAJKOT, IN","22.3","70.783","138.0","2009-07-28",,,"83","H,,S","88",",,S","77",",,S"
"IN005150100","RAJKOT, IN","22.3","70.783","138.0","2009-07-29",,,"83","H,,S","87",",,S","78",",,S"
"IN005150100","RAJKOT, IN","22.3","70.783","138.0","2009-07-30",,,"83","H,,S","91",",,S","78",",,S"
"IN005150100","RAJKOT, IN","22.3","70.783","138.0","2009-07-31",,,"83","H,,S","90",",,S","77",",,S"
"IN005150100","RAJKOT, IN","22.3","70.783","138.0","2009-08-01",,,"83","H,,S","90",",,S","78",",,S"
"IN005150100","RAJKOT, IN","22.3","70.783","138.0","2009-08-02",,,"84","H,,S","91",",,S","77",",,S"
"IN005150100","RAJKOT, IN","22.3","70.783","138.0","2009-08-03",,,"84","H,,S","91",",,S","77",",,S"
"IN005150100","RAJKOT, IN","22.3","70.783","138.0","2009-08-04",,,"84","H,,S","92",",,S","78",",,S"
"IN005150100","RAJKOT, IN","22.3","70.783","138.0","2009-08-05",,,"84","H,,S","90",",,S","78",",,S"
"IN005150100","RAJKOT, IN","22.3","70.783","138.0","2009-08-06",,,"84","H,,S",,,"78",",,S"
"IN005150100","RAJKOT, IN","22.3","70.783","138.0","2009-08-07",,,"85","H,,S","92",",,S","78",",,S"
"IN005150100","RAJKOT, IN","22.3","70.783","138.0","2009-08-08",,,"84","H,,S","91",",,S","78",",,S"
"IN005150100","RAJKOT, IN","22.3","70.783","138.0","2009-08-09",,,"84","H,,S","92",",,S","78",",,S"
"IN005150100","RAJKOT, IN","22.3","70.783","138.0","2009-08-10",,,"84","H,,S","92",",,S","79",",,S"
"IN005150100","RAJKOT, IN","22.3","70.783","138.0","2009-08-11",,,"84","H,,S","92",",,S","76",",,S"
"IN005150100","RAJKOT, IN","22.3","70.783","138.0","2009-08-12",,,"85","H,,S","94",",,S","76",",,S"
"IN005150100","RAJKOT, IN","22.3","70.783","138.0","2009-08-13",,,"84","H,,S","92",",,S","77",",,S"
"IN005150100","RAJKOT, IN","22.3","70.783","138.0","2009-08-14",,,"84","H,,S","91",",,S","76",",,S"
"IN005150100","RAJKOT, IN","22.3","70.783","138.0","2009-08-15",,,"84","H,,S","92",",,S","78",",,S"
"IN005150100","RAJKOT, IN","22.3","70.783","138.0","2009-08-16",,,"83","H,,S","90",",,S","76",",,S"
"IN005150100","RAJKOT, IN","22.3","70.783","138.0","2009-08-17",,,"84","H,,S","92",",,S","76",",,S"
"IN005150100","RAJKOT, IN","22.3","70.783","138.0","2009-08-18",,,"85","H,,S","94",",,S","76",",,S"
"IN005150100","RAJKOT, IN","22.3","70.783","138.0","2009-08-19",,,"85","H,,S","94",",,S","76",",,S"
"IN005150100","RAJKOT, IN","22.3","70.783","138.0","2009-08-20",,,"84","H,,S","95",",,S","77",",,S"
"IN005150100","RAJKOT, IN","22.3","70.783","138.0","2009-08-21",,,"85","H,,S","94",",,S","76",",,S"
"IN005150100","RAJKOT, IN","22.3","70.783","138.0","2009-08-22",,,"85","H,,S","95",",,S","77",",,S"
"IN005150100","RAJKOT, IN","22.3","70.783","138.0","2009-08-23",,,"86","H,,S","96",",,S","77",",,S"
"IN005150100","RAJKOT, IN","22.3","70.783","138.0","2009-08-24",,,"86","H,,S","97",",,S","77",",,S"
"IN005150100","RAJKOT, IN","22.3","70.783","138.0","2009-08-25",,,"86","H,,S","96",",,S","77",",,S"
"IN005150100","RAJKOT, IN","22.3","70.783","138.0","2009-08-26",,,"86","H,,S","94",",,S","77",",,S"
"IN005150100","RAJKOT, IN","22.3","70.783","138.0","2009-08-27",,,"85","H,,S","96",",,S","77",",,S"
"IN005150100","RAJKOT, IN","22.3","70.783","138.0","2009-08-28",,,"83","H,,S","89",",,S","77",",,S"
"IN005150100","RAJKOT, IN","22.3","70.783","138.0","2009-08-29","0.08",",,S","79","H,,S","92",",,S",,
"IN005150100","RAJKOT, IN","22.3","70.783","138.0","2009-08-30","4.84",",,S","78","H,,S","82",",,S","74",",,S"
"IN005150100","RAJKOT, IN","22.3","70.783","138.0","2009-08-31","0.43",",,S","82","H,,S","88",",,S","75",",,S"
"IN005150100","RAJKOT, IN","22.3","70.783","138.0","2009-09-01","0.03",",,S","83","H,,S","92",",,S","76",",,S"
"IN005150100","RAJKOT, IN","22.3","70.783","138.0","2009-09-02","0.00",",,S","85","H,,S","94",",,S","77",",,S"
"IN005150100","RAJKOT, IN","22.3","70.783","138.0","2009-09-03",,,"84","H,,S","91",",,S","78",",,S"
"IN005150100","RAJKOT, IN","22.3","70.783","138.0","2009-09-04",,,"84","H,,S","92",",,S","77",",,S"
"IN005150100","RAJKOT, IN","22.3","70.783","138.0","2009-09-05",,,"84","H,,S","92",",,S","78",",,S"
"IN005150100","RAJKOT, IN","22.3","70.783","138.0","2009-09-06",,,"84","H,,S","92",",,S","77",",,S"
"IN005150100","RAJKOT, IN","22.3","70.783","138.0","2009-09-07",,,"84","H,,S","93",",,S","76",",,S"
"IN005150100","RAJKOT, IN","22.3","70.783","138.0","2009-09-08",,,"84","H,,S","92",",,S","76",",,S"
"IN005150100","RAJKOT, IN","22.3","70.783","138.0","2009-09-09",,,"84","H,,S","93",",,S","76",",,S"
"IN005150100","RAJKOT, IN","22.3","70.783","138.0","2009-09-10",,,"84","H,,S","93",",,S","75",",,S"
"IN005150100","RAJKOT, IN","22.3","70.783","138.0","2009-09-11",,,"84","H,,S","93",",,S","75",",,S"
"IN005150100","RAJKOT, IN","22.3","70.783","138.0","2009-09-12",,,"84","H,,S","94",",,S","75",",,S"
"IN005150100","RAJKOT, IN","22.3","70.783","138.0","2009-09-13",,,"84","H,,S","93",",,S","76",",,S"
"IN005150100","RAJKOT, IN","22.3","70.783","138.0","2009-09-14",,,"84","H,,S","94",",,S","75",",,S"
"IN005150100","RAJKOT, IN","22.3","70.783","138.0","2009-09-15",,,"84","H,,S","94",",,S","74",",,S"
"IN005150100","RAJKOT, IN","22.3","70.783","138.0","2009-09-16",,,"83","H,,S","93",",,S","74",",,S"
"IN005150100","RAJKOT, IN","22.3","70.783","138.0","2009-09-17",,,"85","H,,S","95",",,S","75",",,S"
"IN005150100","RAJKOT, IN","22.3","70.783","138.0","2009-09-18",,,"85","H,,S","95",",,S","74",",,S"
"IN005150100","RAJKOT, IN","22.3","70.783","138.0","2009-09-19",,,"83","H,,S","93",",,S","73",",,S"
"IN005150100","RAJKOT, IN","22.3","70.783","138.0","2009-09-20",,,"83","H,,S","94",",,S","73",",,S"
"IN005150100","RAJKOT, IN","22.3","70.783","138.0","2009-09-21",,,"84","H,,S","96",",,S","75",",,S"
"IN005150100","RAJKOT, IN","22.3","70.783","138.0","2009-09-22",,,"85","H,,S","98",",,S","74",",,S"
"IN005150100","RAJKOT, IN","22.3","70.783","138.0","2009-09-23",,,"85","H,,S","98",",,S","75",",,S"
"IN005150100","RAJKOT, IN","22.3","70.783","138.0","2009-09-24",,,"86","H,,S","96",",,S","76",",,S"
"IN005150100","RAJKOT, IN","22.3","70.783","138.0","2009-09-25","0.16",",,S","85","H,,S","94",",,S","76",",,S"
"IN005150100","RAJKOT, IN","22.3","70.783","138.0","2009-09-26","0.00",",,S","84","H,,S","94",",,S","76",",,S"
"IN005150100","RAJKOT, IN","22.3","70.783","138.0","2009-09-27",,,"84","H,,S","94",",,S","76",",,S"
"IN005150100","RAJKOT, IN","22.3","70.783","138.0","2009-09-28",,,"84","H,,S","94",",,S","74",",,S"
"IN005150100","RAJKOT, IN","22.3","70.783","138.0","2009-09-29",,,"85","H,,S","95",",,S","75",",,S"
"IN005150100","RAJKOT, IN","22.3","70.783","138.0","2009-09-30",,,"85","H,,S","96",",,S","75",",,S"
"IN005150100","RAJKOT, IN","22.3","70.783","138.0","2009-10-01",,,"86","H,,S","99",",,S","76",",,S"
"IN005150100","RAJKOT, IN","22.3","70.783","138.0","2009-10-02",,,"89","H,,S","101",",,S","76",",,S"
"IN005150100","RAJKOT, IN","22.3","70.783","138.0","2009-10-03",,,"89","H,,S","103",",,S","78",",,S"
"IN005150100","RAJKOT, IN","22.3","70.783","138.0","2009-10-04",,,"87","H,,S","101",",,S","79",",,S"
"IN005150100","RAJKOT, IN","22.3","70.783","138.0","2009-10-05",,,"87","H,,S","99",",,S","78",",,S"
"IN005150100","RAJKOT, IN","22.3","70.783","138.0","2009-10-06",,,"85","H,,S","98",",,S","77",",,S"
"IN005150100","RAJKOT, IN","22.3","70.783","138.0","2009-10-07",,,"84","H,,S","96",",,S","74",",,S"
"IN005150100","RAJKOT, IN","22.3","70.783","138.0","2009-10-08",,,"83","H,,S","95",",,S","73",",,S"
"IN005150100","RAJKOT, IN","22.3","70.783","138.0","2009-10-09",,,"83","H,,S","94",",,S","73",",,S"
"IN005150100","RAJKOT, IN","22.3","70.783","138.0","2009-10-10",,,"83","H,,S","92",",,S","74",",,S"
"IN005150100","RAJKOT, IN","22.3","70.783","138.0","2009-10-11",,,"83","H,,S","94",",,S","74",",,S"
"IN005150100","RAJKOT, IN","22.3","70.783","138.0","2009-10-12",,,"84","H,,S","96",",,S","73",",,S"
"IN005150100","RAJKOT, IN","22.3","70.783","138.0","2009-10-13",,,"83","H,,S","94",",,S","71",",,S"
"IN005150100","RAJKOT, IN","22.3","70.783","138.0","2009-10-14",,,"83","H,,S",,,"72",",,S"
"IN005150100","RAJKOT, IN","22.3","70.783","138.0","2009-10-15",,,"82","H,,S","95",",,S","70",",,S"
"IN005150100","RAJKOT, IN","22.3","70.783","138.0","2009-10-16",,,"85","H,,S","96",",,S","72",",,S"
"IN005150100","RAJKOT, IN","22.3","70.783","138.0","2009-10-17",,,"85","H,,S","98",",,S","73",",,S"
"IN005150100","RAJKOT, IN","22.3","70.783","138.0","2009-10-18",,,"83","H,,S","96",",,S","72",",,S"
"IN005150100","RAJKOT, IN","22.3","70.783","138.0","2009-10-19",,,"81","H,,S","97",",,S","72",",,S"
"IN005150100","RAJKOT, IN","22.3","70.783","138.0","2009-10-20",,,"81","H,,S","95",",,S","70",",,S"
"IN005150100","RAJKOT, IN","22.3","70.783","138.0","2009-10-21",,,"82","H,,S","95",",,S","70",",,S"
"IN005150100","RAJKOT, IN","22.3","70.783","138.0","2009-10-22",,,"82","H,,S","98",",,S","68",",,S"
"IN005150100","RAJKOT, IN","22.3","70.783","138.0","2009-10-23",,,"82","H,,S","100",",,S","67",",,S"
"IN005150100","RAJKOT, IN","22.3","70.783","138.0","2009-10-24",,,"81","H,,S","97",",,S","65",",,S"
"IN005150100","RAJKOT, IN","22.3","70.783","138.0","2009-10-25",,,"81","H,,S","99",",,S","66",",,S"
"IN005150100","RAJKOT, IN","22.3","70.783","138.0","2009-10-26",,,"83","H,,S","98",",,S","65",",,S"
"IN005150100","RAJKOT, IN","22.3","70.783","138.0","2009-10-27",,,"84","H,,S","99",",,S","65",",,S"
"IN005150100","RAJKOT, IN","22.3","70.783","138.0","2009-10-28",,,"84","H,,S","98",",,S","68",",,S"
"IN005150100","RAJKOT, IN","22.3","70.783","138.0","2009-10-29",,,"86","H,,S","99",",,S","70",",,S"
"IN005150100","RAJKOT, IN","22.3","70.783","138.0","2009-10-30",,,"86","H,,S","100",",,S","73",",,S"
"IN005150100","RAJKOT, IN","22.3","70.783","138.0","2009-10-31",,,"86","H,,S","101",",,S","71",",,S"
"IN005150100","RAJKOT, IN","22.3","70.783","138.0","2009-11-01",,,"86","H,,S","101",",,S","70",",,S"
"IN005150100","RAJKOT, IN","22.3","70.783","138.0","2009-11-02",,,"89","H,,S","99",",,S","67",",,S"
"IN005150100","RAJKOT, IN","22.3","70.783","138.0","2009-11-03",,,"84","H,,S","100",",,S","69",",,S"
"IN005150100","RAJKOT, IN","22.3","70.783","138.0","2009-11-04",,,"84","H,,S","99",",,S","68",",,S"
"IN005150100","RAJKOT, IN","22.3","70.783","138.0","2009-11-05",,,"83","H,,S","98",",,S","67",",,S"
"IN005150100","RAJKOT, IN","22.3","70.783","138.0","2009-11-06",,,"84","H,,S","97",",,S","72",",,S"
"IN005150100","RAJKOT, IN","22.3","70.783","138.0","2009-11-07",,,"83","H,,S","97",",,S","67",",,S"
"IN005150100","RAJKOT, IN","22.3","70.783","138.0","2009-11-08",,,"84","H,,S","98",",,S","67",",,S"
"IN005150100","RAJKOT, IN","22.3","70.783","138.0","2009-11-09",,,"84","H,,S","98",",,S","69",",,S"
"IN005150100","RAJKOT, IN","22.3","70.783","138.0","2009-11-10",,,"80","H,,S","93",",,S","70",",,S"
"IN005150100","RAJKOT, IN","22.3","70.783","138.0","2009-11-11",,,"77","H,,S","83",",,S",,
"IN005150100","RAJKOT, IN","22.3","70.783","138.0","2009-11-12",,,"74","H,,S",,,"67",",,S"
"IN005150100","RAJKOT, IN","22.3","70.783","138.0","2009-11-13",,,"74","H,,S","85",",,S","66",",,S"
"IN005150100","RAJKOT, IN","22.3","70.783","138.0","2009-11-14",,,"76","H,,S","89",",,S","66",",,S"
"IN005150100","RAJKOT, IN","22.3","70.783","138.0","2009-11-15",,,"77","H,,S","89",",,S","65",",,S"
"IN005150100","RAJKOT, IN","22.3","70.783","138.0","2009-11-16",,,"76","H,,S","90",",,S","64",",,S"
"IN005150100","RAJKOT, IN","22.3","70.783","138.0","2009-11-17",,,"75","H,,S","90",",,S","61",",,S"
"IN005150100","RAJKOT, IN","22.3","70.783","138.0","2009-11-18",,,"75","H,,S","90",",,S","63",",,S"
"IN005150100","RAJKOT, IN","22.3","70.783","138.0","2009-11-19",,,"77","H,,S","90",",,S","59",",,S"
"IN005150100","RAJKOT, IN","22.3","70.783","138.0","2009-11-20",,,"79","H,,S","90",",,S","67",",,S"
"IN005150100","RAJKOT, IN","22.3","70.783","138.0","2009-11-21",,,"76","H,,S","90",",,S","59",",,S"
"IN005150100","RAJKOT, IN","22.3","70.783","138.0","2009-11-22",,,"76","H,,S","90",",,S","61",",,S"
"IN005150100","RAJKOT, IN","22.3","70.783","138.0","2009-11-23",,,"76","H,,S","90",",,S","60",",,S"
"IN005150100","RAJKOT, IN","22.3","70.783","138.0","2009-11-24",,,"77","H,,S","91",",,S","62",",,S"
"IN005150100","RAJKOT, IN","22.3","70.783","138.0","2009-11-25",,,"75","H,,S","89",",,S","61",",,S"
"IN005150100","RAJKOT, IN","22.3","70.783","138.0","2009-11-26",,,"75","H,,S","90",",,S","64",",,S"
"IN005150100","RAJKOT, IN","22.3","70.783","138.0","2009-11-27",,,"75","H,,S","91",",,S","59",",,S"
"IN005150100","RAJKOT, IN","22.3","70.783","138.0","2009-11-28",,,"79","H,,S","94",",,S","63",",,S"
"IN005150100","RAJKOT, IN","22.3","70.783","138.0","2009-11-29",,,"78","H,,S","92",",,S","66",",,S"
"IN005150100","RAJKOT, IN","22.3","70.783","138.0","2009-11-30",,,"76","H,,S","91",",,S","63",",,S"
"IN005150100","RAJKOT, IN","22.3","70.783","138.0","2009-12-01",,,"75","H,,S","91",",,S","62",",,S"
"IN005150100","RAJKOT, IN","22.3","70.783","138.0","2009-12-02",,,"75","H,,S","89",",,S","59",",,S"
"IN005150100","RAJKOT, IN","22.3","70.783","138.0","2009-12-03",,,"75","H,,S","90",",,S","59",",,S"
"IN005150100","RAJKOT, IN","22.3","70.783","138.0","2009-12-04",,,"74","H,,S","89",",,S","61",",,S"
"IN005150100","RAJKOT, IN","22.3","70.783","138.0","2009-12-05",,,"73","H,,S","87",",,S","60",",,S"
"IN005150100","RAJKOT, IN","22.3","70.783","138.0","2009-12-06",,,"71","H,,S","87",",,S","58",",,S"
"IN005150100","RAJKOT, IN","22.3","70.783","138.0","2009-12-07",,,"69","H,,S","87",",,S","55",",,S"
"IN005150100","RAJKOT, IN","22.3","70.783","138.0","2009-12-08",,,"69","H,,S","85",",,S","53",",,S"
"IN005150100","RAJKOT, IN","22.3","70.783","138.0","2009-12-09",,,"72","H,,S","91",",,S","55",",,S"
"IN005150100","RAJKOT, IN","22.3","70.783","138.0","2009-12-10",,,"72","H,,S","89",",,S","56",",,S"
"IN005150100","RAJKOT, IN","22.3","70.783","138.0","2009-12-11",,,"72","H,,S","90",",,S","56",",,S"
"IN005150100","RAJKOT, IN","22.3","70.783","138.0","2009-12-12",,,"72","H,,S","90",",,S","57",",,S"
"IN005150100","RAJKOT, IN","22.3","70.783","138.0","2009-12-13",,,"73","H,,S","89",",,S","59",",,S"
"IN005150100","RAJKOT, IN","22.3","70.783","138.0","2009-12-14",,,"74","H,,S","90",",,S","61",",,S"
"IN005150100","RAJKOT, IN","22.3","70.783","138.0","2009-12-15",,,"74","H,,S","87",",,S","59",",,S"
"IN005150100","RAJKOT, IN","22.3","70.783","138.0","2009-12-16",,,"71","H,,S","87",",,S","58",",,S"
"IN005150100","RAJKOT, IN","22.3","70.783","138.0","2009-12-17",,,"70","H,,S","85",",,S","58",",,S"
"IN005150100","RAJKOT, IN","22.3","70.783","138.0","2009-12-18",,,"69","H,,S","84",",,S","54",",,S"
"IN005150100","RAJKOT, IN","22.3","70.783","138.0","2009-12-19",,,"74","H,,S","88",",,S","56",",,S"
"IN005150100","RAJKOT, IN","22.3","70.783","138.0","2009-12-20",,,"78","H,,S","90",",,S","63",",,S"
"IN005150100","RAJKOT, IN","22.3","70.783","138.0","2009-12-21",,,"77","H,,S","89",",,S","67",",,S"
"IN005150100","RAJKOT, IN","22.3","70.783","138.0","2009-12-22",,,"75","H,,S","89",",,S","67",",,S"
"IN005150100","RAJKOT, IN","22.3","70.783","138.0","2009-12-23",,,"74","H,,S","87",",,S","62",",,S"
"IN005150100","RAJKOT, IN","22.3","70.783","138.0","2009-12-24",,,"73","H,,S","89",",,S","60",",,S"
"IN005150100","RAJKOT, IN","22.3","70.783","138.0","2009-12-25",,,"73","H,,S","87",",,S","63",",,S"
"IN005150100","RAJKOT, IN","22.3","70.783","138.0","2009-12-26",,,"69","H,,S","83",",,S","56",",,S"
"IN005150100","RAJKOT, IN","22.3","70.783","138.0","2009-12-27",,,"68","H,,S","82",",,S","56",",,S"
"IN005150100","RAJKOT, IN","22.3","70.783","138.0","2009-12-28",,,"69","H,,S","83",",,S","55",",,S"
"IN005150100","RAJKOT, IN","22.3","70.783","138.0","2009-12-29",,,"71","H,,S","83",",,S","57",",,S"
"IN005150100","RAJKOT, IN","22.3","70.783","138.0","2009-12-30",,,"69","H,,S","85",",,S","55",",,S"
"IN005150100","RAJKOT, IN","22.3","70.783","138.0","2009-12-31",,,"70","H,,S","84",",,S","54",",,S"
"IN005150100","RAJKOT, IN","22.3","70.783","138.0","2010-01-01",,,"73","H,,S","86",",,S","59",",,S"
"IN005150100","RAJKOT, IN","22.3","70.783","138.0","2010-01-02",,,"73","H,,S","83",",,S","59",",,S"
"IN005150100","RAJKOT, IN","22.3","70.783","138.0","2010-01-03",,,"70","H,,S","81",",,S",,
"IN005150100","RAJKOT, IN","22.3","70.783","138.0","2010-01-04",,,"66","H,,S","81",",,S","54",",,S"
"IN005150100","RAJKOT, IN","22.3","70.783","138.0","2010-01-05",,,"67","H,,S","82",",,S","51",",,S"
"IN005150100","RAJKOT, IN","22.3","70.783","138.0","2010-01-06",,,"70","H,,S","87",",,S","52",",,S"
"IN005150100","RAJKOT, IN","22.3","70.783","138.0","2010-01-07",,,"70","H,,S","88",",,S","55",",,S"
"IN005150100","RAJKOT, IN","22.3","70.783","138.0","2010-01-08",,,"74","H,,S","87",",,S","62",",,S"
"IN005150100","RAJKOT, IN","22.3","70.783","138.0","2010-01-09",,,"71","H,,S","85",",,S","59",",,S"
"IN005150100","RAJKOT, IN","22.3","70.783","138.0","2010-01-10",,,"69","H,,S","84",",,S","54",",,S"
"IN005150100","RAJKOT, IN","22.3","70.783","138.0","2010-01-11",,,"71","H,,S","86",",,S","58",",,S"
"IN005150100","RAJKOT, IN","22.3","70.783","138.0","2010-01-12",,,"68","H,,S","80",",,S",,
"IN005150100","RAJKOT, IN","22.3","70.783","138.0","2010-01-13",,,"64","H,,S","79",",,S","51",",,S"
"IN005150100","RAJKOT, IN","22.3","70.783","138.0","2010-01-14",,,"69","H,,S",,,"51",",,S"
"IN005150100","RAJKOT, IN","22.3","70.783","138.0","2010-01-15",,,"67","H,,S","80",",,S","51",",,S"
"IN005150100","RAJKOT, IN","22.3","70.783","138.0","2010-01-16",,,"71","H,,S","87",",,S","55",",,S"
"IN005150100","RAJKOT, IN","22.3","70.783","138.0","2010-01-17",,,"70","H,,S",,,"54",",,S"
"IN005150100","RAJKOT, IN","22.3","70.783","138.0","2010-01-18",,,"71","H,,S","86",",,S",,
"IN005150100","RAJKOT, IN","22.3","70.783","138.0","2010-01-19",,,"71","H,,S","87",",,S","54",",,S"
"IN005150100","RAJKOT, IN","22.3","70.783","138.0","2010-01-20",,,"74","H,,S","91",",,S","56",",,S"
"IN005150100","RAJKOT, IN","22.3","70.783","138.0","2010-01-21",,,"75","H,,S","90",",,S","60",",,S"
"IN005150100","RAJKOT, IN","22.3","70.783","138.0","2010-01-22",,,"74","H,,S","90",",,S","56",",,S"
"IN005150100","RAJKOT, IN","22.3","70.783","138.0","2010-01-23",,,"73","H,,S","89",",,S","57",",,S"
"IN005150100","RAJKOT, IN","22.3","70.783","138.0","2010-01-24",,,"71","H,,S","86",",,S","57",",,S"
"IN005150100","RAJKOT, IN","22.3","70.783","138.0","2010-01-25",,,"71","H,,S","87",",,S","57",",,S"
"IN005150100","RAJKOT, IN","22.3","70.783","138.0","2010-01-26",,,"72","H,,S","89",",,S","55",",,S"
"IN005150100","RAJKOT, IN","22.3","70.783","138.0","2010-01-27",,,"74","H,,S","89",",,S","58",",,S"
"IN005150100","RAJKOT, IN","22.3","70.783","138.0","2010-01-28",,,"73","H,,S","87",",,S","58",",,S"
"IN005150100","RAJKOT, IN","22.3","70.783","138.0","2010-01-29",,,"74","H,,S","89",",,S","59",",,S"
"IN005150100","RAJKOT, IN","22.3","70.783","138.0","2010-01-30",,,"75","H,,S","89",",,S","58",",,S"
"IN005150100","RAJKOT, IN","22.3","70.783","138.0","2010-01-31",,,"74","H,,S","88",",,S","59",",,S"
"IN005150100","RAJKOT, IN","22.3","70.783","138.0","2010-02-01",,,"71","H,,S","87",",,S","58",",,S"
"IN005150100","RAJKOT, IN","22.3","70.783","138.0","2010-02-02",,,"74","H,,S","89",",,S","57",",,S"
"IN005150100","RAJKOT, IN","22.3","70.783","138.0","2010-02-03",,,"76","H,,S","90",",,S","59",",,S"
"IN005150100","RAJKOT, IN","22.3","70.783","138.0","2010-02-04",,,"78","H,,S","92",",,S","59",",,S"
"IN005150100","RAJKOT, IN","22.3","70.783","138.0","2010-02-05",,,"80","H,,S","92",",,S",,
"IN005150100","RAJKOT, IN","22.3","70.783","138.0","2010-02-06",,,"81","H,,S","95",",,S","67",",,S"
"IN005150100","RAJKOT, IN","22.3","70.783","138.0","2010-02-07",,,"81","H,,S","95",",,S","68",",,S"
"IN005150100","RAJKOT, IN","22.3","70.783","138.0","2010-02-08",,,"77","H,,S","89",",,S","66",",,S"
"IN005150100","RAJKOT, IN","22.3","70.783","138.0","2010-02-09",,,"71","H,,S","83",",,S",,
"IN005150100","RAJKOT, IN","22.3","70.783","138.0","2010-02-10",,,"70","H,,S","85",",,S","52",",,S"
"IN005150100","RAJKOT, IN","22.3","70.783","138.0","2010-02-11",,,"70","H,,S","86",",,S","55",",,S"
"IN005150100","RAJKOT, IN","22.3","70.783","138.0","2010-02-12",,,"69","H,,S",,,"53",",,S"
"IN005150100","RAJKOT, IN","22.3","70.783","138.0","2010-02-13",,,"70","H,,S","87",",,S","52",",,S"
"IN005150100","RAJKOT, IN","22.3","70.783","138.0","2010-02-14",,,"70","H,,S","87",",,S","51",",,S"
"IN005150100","RAJKOT, IN","22.3","70.783","138.0","2010-02-15",,,"71","H,,S","89",",,S","54",",,S"
"IN005150100","RAJKOT, IN","22.3","70.783","138.0","2010-02-16",,,"72","H,,S","87",",,S","56",",,S"
"IN005150100","RAJKOT, IN","22.3","70.783","138.0","2010-02-17",,,"70","H,,S","85",",,S",,
"IN005150100","RAJKOT, IN","22.3","70.783","138.0","2010-02-18",,,"71","H,,S","89",",,S","51",",,S"
"IN005150100","RAJKOT, IN","22.3","70.783","138.0","2010-02-19",,,"73","H,,S","92",",,S","51",",,S"
"IN005150100","RAJKOT, IN","22.3","70.783","138.0","2010-02-20",,,"78","H,,S","96",",,S","55",",,S"
"IN005150100","RAJKOT, IN","22.3","70.783","138.0","2010-02-21",,,"80","H,,S","95",",,S","62",",,S"
"IN005150100","RAJKOT, IN","22.3","70.783","138.0","2010-02-22",,,"76","H,,S","93",",,S","66",",,S"
"IN005150100","RAJKOT, IN","22.3","70.783","138.0","2010-02-23",,,"74","H,,S","88",",,S","63",",,S"
"IN005150100","RAJKOT, IN","22.3","70.783","138.0","2010-02-24",,,"75","H,,S","88",",,S","63",",,S"
"IN005150100","RAJKOT, IN","22.3","70.783","138.0","2010-02-25",,,"76","H,,S","91",",,S","63",",,S"
"IN005150100","RAJKOT, IN","22.3","70.783","138.0","2010-02-26",,,"80","H,,S","94",",,S","64",",,S"
"IN005150100","RAJKOT, IN","22.3","70.783","138.0","2010-02-27",,,"83","H,,S","99",",,S","64",",,S"
"IN005150100","RAJKOT, IN","22.3","70.783","138.0","2010-02-28",,,"84","H,,S","100",",,S","67",",,S"
"IN005150100","RAJKOT, IN","22.3","70.783","138.0","2010-03-01",,,"84","H,,S","97",",,S","66",",,S"
"IN005150100","RAJKOT, IN","22.3","70.783","138.0","2010-03-02",,,"80","H,,S","95",",,S","65",",,S"
"IN005150100","RAJKOT, IN","22.3","70.783","138.0","2010-03-03",,,"79","H,,S","95",",,S","71",",,S"
"IN005150100","RAJKOT, IN","22.3","70.783","138.0","2010-03-04",,,"79","H,,S","94",",,S","69",",,S"
"IN005150100","RAJKOT, IN","22.3","70.783","138.0","2010-03-05",,,"79","H,,S","99",",,S","68",",,S"
"IN005150100","RAJKOT, IN","22.3","70.783","138.0","2010-03-06",,,"78","H,,S","90",",,S","70",",,S"
"IN005150100","RAJKOT, IN","22.3","70.783","138.0","2010-03-07",,,"78","H,,S","91",",,S","66",",,S"
"IN005150100","RAJKOT, IN","22.3","70.783","138.0","2010-03-08",,,"81","H,,S","96",",,S","64",",,S"
"IN005150100","RAJKOT, IN","22.3","70.783","138.0","2010-03-09",,,"81","H,,S","98",",,S","65",",,S"
"IN005150100","RAJKOT, IN","22.3","70.783","138.0","2010-03-10",,,"83","H,,S","100",",,S","64",",,S"
"IN005150100","RAJKOT, IN","22.3","70.783","138.0","2010-03-11",,,"85","H,,S","103",",,S","67",",,S"
"IN005150100","RAJKOT, IN","22.3","70.783","138.0","2010-03-12",,,"85","H,,S","103",",,S","69",",,S"
"IN005150100","RAJKOT, IN","22.3","70.783","138.0","2010-03-13",,,"84","H,,S","101",",,S","69",",,S"
"IN005150100","RAJKOT, IN","22.3","70.783","138.0","2010-03-14",,,"84","H,,S","101",",,S","69",",,S"
"IN005150100","RAJKOT, IN","22.3","70.783","138.0","2010-03-15",,,"84","H,,S","103",",,S","67",",,S"
"IN005150100","RAJKOT, IN","22.3","70.783","138.0","2010-03-16",,,"87","H,,S","105",",,S","70",",,S"
"IN005150100","RAJKOT, IN","22.3","70.783","138.0","2010-03-17",,,"89","H,,S","105",",,S","72",",,S"
"IN005150100","RAJKOT, IN","22.3","70.783","138.0","2010-03-18",,,"92","H,,S","108",",,S","72",",,S"
"IN005150100","RAJKOT, IN","22.3","70.783","138.0","2010-03-19",,,"94","H,,S","109",",,S","75",",,S"
"IN005150100","RAJKOT, IN","22.3","70.783","138.0","2010-03-20",,,"93","H,,S","109",",,S","77",",,S"
"IN005150100","RAJKOT, IN","22.3","70.783","138.0","2010-03-21",,,"89","H,,S","106",",,S","73",",,S"
"IN005150100","RAJKOT, IN","22.3","70.783","138.0","2010-03-22",,,"86","H,,S","102",",,S","72",",,S"
"IN005150100","RAJKOT, IN","22.3","70.783","138.0","2010-03-23",,,"85","H,,S","103",",,S","71",",,S"
"IN005150100","RAJKOT, IN","22.3","70.783","138.0","2010-03-24",,,"84","H,,S","101",",,S","71",",,S"
"IN005150100","RAJKOT, IN","22.3","70.783","138.0","2010-03-25",,,"85","H,,S","102",",,S","72",",,S"
"IN005150100","RAJKOT, IN","22.3","70.783","138.0","2010-03-26",,,"85","H,,S","100",",,S","72",",,S"
"IN005150100","RAJKOT, IN","22.3","70.783","138.0","2010-03-27",,,"85","H,,S","101",",,S","68",",,S"
"IN005150100","RAJKOT, IN","22.3","70.783","138.0","2010-03-28",,,"87","H,,S","103",",,S","70",",,S"
"IN005150100","RAJKOT, IN","22.3","70.783","138.0","2010-03-29",,,"83","H,,S","100",",,S","70",",,S"
"IN005150100","RAJKOT, IN","22.3","70.783","138.0","2010-03-30",,,"86","H,,S","103",",,S","70",",,S"
"IN005150100","RAJKOT, IN","22.3","70.783","138.0","2010-03-31",,,"86","H,,S","101",",,S","72",",,S"
"IN005150100","RAJKOT, IN","22.3","70.783","138.0","2010-04-01",,,"88","H,,S","103",",,S","73",",,S"
"IN005150100","RAJKOT, IN","22.3","70.783","138.0","2010-04-02",,,"88","H,,S","104",",,S","74",",,S"
"IN005150100","RAJKOT, IN","22.3","70.783","138.0","2010-04-03",,,"86","H,,S","102",",,S","71",",,S"
"IN005150100","RAJKOT, IN","22.3","70.783","138.0","2010-04-04",,,"86","H,,S","103",",,S","72",",,S"
"IN005150100","RAJKOT, IN","22.3","70.783","138.0","2010-04-05",,,"84","H,,S","103",",,S","69",",,S"
"IN005150100","RAJKOT, IN","22.3","70.783","138.0","2010-04-06",,,"86","H,,S","105",",,S","71",",,S"
"IN005150100","RAJKOT, IN","22.3","70.783","138.0","2010-04-07",,,"91","H,,S","108",",,S","71",",,S"
"IN005150100","RAJKOT, IN","22.3","70.783","138.0","2010-04-08",,,"90","H,,S","108",",,S","77",",,S"
"IN005150100","RAJKOT, IN","22.3","70.783","138.0","2010-04-09",,,"90","H,,S","104",",,S","78",",,S"
"IN005150100","RAJKOT, IN","22.3","70.783","138.0","2010-04-10",,,"89","H,,S","105",",,S","72",",,S"
"IN005150100","RAJKOT, IN","22.3","70.783","138.0","2010-04-11",,,"90","H,,S","107",",,S","75",",,S"
"IN005150100","RAJKOT, IN","22.3","70.783","138.0","2010-04-12",,,"90","H,,S","108",",,S","77",",,S"
"IN005150100","RAJKOT, IN","22.3","70.783","138.0","2010-04-13",,,"92","H,,S","108",",,S","77",",,S"
"IN005150100","RAJKOT, IN","22.3","70.783","138.0","2010-04-14",,,"92","H,,S","110",",,S","77",",,S"
"IN005150100","RAJKOT, IN","22.3","70.783","138.0","2010-04-15",,,"93","H,,S","110",",,S","77",",,S"
"IN005150100","RAJKOT, IN","22.3","70.783","138.0","2010-04-16",,,"91","H,,S","111",",,S","76",",,S"
"IN005150100","RAJKOT, IN","22.3","70.783","138.0","2010-04-17",,,"93","H,,S","111",",,S","77",",,S"
"IN005150100","RAJKOT, IN","22.3","70.783","138.0","2010-04-18",,,"92","H,,S","109",",,S","78",",,S"
"IN005150100","RAJKOT, IN","22.3","70.783","138.0","2010-04-19",,,"92","H,,S","109",",,S","78",",,S"
"IN005150100","RAJKOT, IN","22.3","70.783","138.0","2010-04-20",,,"91","H,,S","107",",,S","78",",,S"
"IN005150100","RAJKOT, IN","22.3","70.783","138.0","2010-04-21",,,"90","H,,S","105",",,S","77",",,S"
"IN005150100","RAJKOT, IN","22.3","70.783","138.0","2010-04-22",,,"90","H,,S","105",",,S","76",",,S"
"IN005150100","RAJKOT, IN","22.3","70.783","138.0","2010-04-23",,,"91","H,,S","108",",,S","76",",,S"
"IN005150100","RAJKOT, IN","22.3","70.783","138.0","2010-04-24",,,"89","H,,S","106",",,S","76",",,S"
"IN005150100","RAJKOT, IN","22.3","70.783","138.0","2010-04-25",,,"91","H,,S","107",",,S","75",",,S"
"IN005150100","RAJKOT, IN","22.3","70.783","138.0","2010-04-26",,,"92","H,,S","108",",,S","78",",,S"
"IN005150100","RAJKOT, IN","22.3","70.783","138.0","2010-04-27",,,"92","H,,S","107",",,S","78",",,S"
"IN005150100","RAJKOT, IN","22.3","70.783","138.0","2010-04-28",,,"92","H,,S","108",",,S","78",",,S"
"IN005150100","RAJKOT, IN","22.3","70.783","138.0","2010-04-29",,,"93","H,,S","108",",,S","78",",,S"
"IN005150100","RAJKOT, IN","22.3","70.783","138.0","2010-04-30",,,"91","H,,S","106",",,S","75",",,S"
"IN005150100","RAJKOT, IN","22.3","70.783","138.0","2010-05-01",,,"91","H,,S","106",",,S","77",",,S"
"IN005150100","RAJKOT, IN","22.3","70.783","138.0","2010-05-02",,,"92","H,,S","108",",,S","78",",,S"
"IN005150100","RAJKOT, IN","22.3","70.783","138.0","2010-05-03",,,"92","H,,S","108",",,S","78",",,S"
"IN005150100","RAJKOT, IN","22.3","70.783","138.0","2010-05-04",,,"91","H,,S","106",",,S","78",",,S"
"IN005150100","RAJKOT, IN","22.3","70.783","138.0","2010-05-05",,,"91","H,,S","106",",,S","77",",,S"
"IN005150100","RAJKOT, IN","22.3","70.783","138.0","2010-05-06",,,"91","H,,S","107",",,S","78",",,S"
"IN005150100","RAJKOT, IN","22.3","70.783","138.0","2010-05-07",,,"92","H,,S","107",",,S","78",",,S"
"IN005150100","RAJKOT, IN","22.3","70.783","138.0","2010-05-08",,,"92","H,,S","106",",,S","78",",,S"
"IN005150100","RAJKOT, IN","22.3","70.783","138.0","2010-05-09",,,"92","H,,S","107",",,S","78",",,S"
"IN005150100","RAJKOT, IN","22.3","70.783","138.0","2010-05-10",,,"90","H,,S","106",",,S","76",",,S"
"IN005150100","RAJKOT, IN","22.3","70.783","138.0","2010-05-11",,,"92","H,,S","108",",,S","74",",,S"
"IN005150100","RAJKOT, IN","22.3","70.783","138.0","2010-05-12",,,"92","H,,S","111",",,S","77",",,S"
"IN005150100","RAJKOT, IN","22.3","70.783","138.0","2010-05-13",,,"93","H,,S","112",",,S","79",",,S"
"IN005150100","RAJKOT, IN","22.3","70.783","138.0","2010-05-14",,,"94","H,,S","111",",,S","79",",,S"
"IN005150100","RAJKOT, IN","22.3","70.783","138.0","2010-05-15",,,"93","H,,S","111",",,S","78",",,S"
"IN005150100","RAJKOT, IN","22.3","70.783","138.0","2010-05-16",,,"92","H,,S","111",",,S","78",",,S"
"IN005150100","RAJKOT, IN","22.3","70.783","138.0","2010-05-17",,,"96","H,,S","110",",,S","79",",,S"
"IN005150100","RAJKOT, IN","22.3","70.783","138.0","2010-05-18",,,"91","H,,S","110",",,S","77",",,S"
"IN005150100","RAJKOT, IN","22.3","70.783","138.0","2010-05-19",,,"94","H,,S","111",",,S","78",",,S"
"IN005150100","RAJKOT, IN","22.3","70.783","138.0","2010-05-20",,,"96","H,,S","112",",,S","80",",,S"
"IN005150100","RAJKOT, IN","22.3","70.783","138.0","2010-05-21",,,"96","H,,S","114",",,S","81",",,S"
"IN005150100","RAJKOT, IN","22.3","70.783","138.0","2010-05-22",,,"95","H,,S","112",",,S","82",",,S"
"IN005150100","RAJKOT, IN","22.3","70.783","138.0","2010-05-23",,,"95","H,,S","112",",,S","80",",,S"
"IN005150100","RAJKOT, IN","22.3","70.783","138.0","2010-05-24",,,"94","H,,S","110",",,S","80",",,S"
"IN005150100","RAJKOT, IN","22.3","70.783","138.0","2010-05-25",,,"92","H,,S","107",",,S","81",",,S"
"IN005150100","RAJKOT, IN","22.3","70.783","138.0","2010-05-26",,,"91","H,,S","105",",,S","82",",,S"
"IN005150100","RAJKOT, IN","22.3","70.783","138.0","2010-05-27",,,"93","H,,S","107",",,S","82",",,S"
"IN005150100","RAJKOT, IN","22.3","70.783","138.0","2010-05-28",,,"92","H,,S","107",",,S","81",",,S"
"IN005150100","RAJKOT, IN","22.3","70.783","138.0","2010-05-29",,,"94","H,,S","106",",,S","81",",,S"
"IN005150100","RAJKOT, IN","22.3","70.783","138.0","2010-05-30",,,"92","H,,S","107",",,S","81",",,S"
"IN005150100","RAJKOT, IN","22.3","70.783","138.0","2010-05-31",,,"92","H,,S","108",",,S","79",",,S"
"IN005150100","RAJKOT, IN","22.3","70.783","138.0","2010-06-01",,,"92","H,,S","105",",,S","81",",,S"
"IN005150100","RAJKOT, IN","22.3","70.783","138.0","2010-06-02",,,"85","H,,S",,,,
"IN005150100","RAJKOT, IN","22.3","70.783","138.0","2010-06-03",,,"89","H,,S","101",",,S","77",",,S"
"IN005150100","RAJKOT, IN","22.3","70.783","138.0","2010-06-04",,,"91","H,,S","102",",,S","76",",,S"
"IN005150100","RAJKOT, IN","22.3","70.783","138.0","2010-06-05",,,"90","H,,S","101",",,S","81",",,S"
"IN005150100","RAJKOT, IN","22.3","70.783","138.0","2010-06-06",,,"86","H,,S","97",",,S",,
"IN005150100","RAJKOT, IN","22.3","70.783","138.0","2010-06-07","2.91",",,S","83","H,,S","94",",,S","71",",,S"
"IN005150100","RAJKOT, IN","22.3","70.783","138.0","2010-06-08","0.00",",,S","88","H,,S","98",",,S","78",",,S"
"IN005150100","RAJKOT, IN","22.3","70.783","138.0","2010-06-09",,,"89","H,,S","101",",,S","78",",,S"
"IN005150100","RAJKOT, IN","22.3","70.783","138.0","2010-06-10",,,"90","H,,S","104",",,S","80",",,S"
"IN005150100","RAJKOT, IN","22.3","70.783","138.0","2010-06-11",,,"94","H,,S","107",",,S","81",",,S"
"IN005150100","RAJKOT, IN","22.3","70.783","138.0","2010-06-12",,,"93","H,,S","107",",,S","83",",,S"
"IN005150100","RAJKOT, IN","22.3","70.783","138.0","2010-06-13",,,"93","H,,S",,,"80",",,S"
"IN005150100","RAJKOT, IN","22.3","70.783","138.0","2010-06-14",,,"92","H,,S","105",",,S","81",",,S"
"IN005150100","RAJKOT, IN","22.3","70.783","138.0","2010-06-15",,,"83","H,,S","96",",,S",,
"IN005150100","RAJKOT, IN","22.3","70.783","138.0","2010-06-16",,,"84","H,,S","99",",,S","75",",,S"
"IN005150100","RAJKOT, IN","22.3","70.783","138.0","2010-06-17",,,"87","H,,S","98",",,S","78",",,S"
"IN005150100","RAJKOT, IN","22.3","70.783","138.0","2010-06-18",,,"92","H,,S","103",",,S","80",",,S"
"IN005150100","RAJKOT, IN","22.3","70.783","138.0","2010-06-19",,,"93","H,,S","105",",,S",,
"IN005150100","RAJKOT, IN","22.3","70.783","138.0","2010-06-20",,,"91","H,,S","106",",,S","80",",,S"
"IN005150100","RAJKOT, IN","22.3","70.783","138.0","2010-06-21",,,"90","H,,S","102",",,S","81",",,S"
"IN005150100","RAJKOT, IN","22.3","70.783","138.0","2010-06-22",,,"91","H,,S","102",",,S","81",",,S"
"IN005150100","RAJKOT, IN","22.3","70.783","138.0","2010-06-23","0.12",",,S","91","H,,S","100",",,S","81",",,S"
"IN005150100","RAJKOT, IN","22.3","70.783","138.0","2010-06-24","0.00",",,S","90","H,,S","99",",,S","81",",,S"
"IN005150100","RAJKOT, IN","22.3","70.783","138.0","2010-06-25",,,"91","H,,S","103",",,S","81",",,S"
"IN005150100","RAJKOT, IN","22.3","70.783","138.0","2010-06-26",,,"91","H,,S","102",",,S","81",",,S"
"IN005150100","RAJKOT, IN","22.3","70.783","138.0","2010-06-27",,,"88","H,,S","104",",,S","81",",,S"
"IN005150100","RAJKOT, IN","22.3","70.783","138.0","2010-06-28",,,"90","H,,S","100",",,S","79",",,S"
"IN005150100","RAJKOT, IN","22.3","70.783","138.0","2010-06-29",,,"90","H,,S","102",",,S","81",",,S"
"IN005150100","RAJKOT, IN","22.3","70.783","138.0","2010-06-30",,,"90","H,,S","101",",,S","80",",,S"
"IN005150100","RAJKOT, IN","22.3","70.783","138.0","2010-07-01",,,"89","H,,S","100",",,S","80",",,S"
"IN005150100","RAJKOT, IN","22.3","70.783","138.0","2010-07-02",,,"89","H,,S","98",",,S",,
"IN005150100","RAJKOT, IN","22.3","70.783","138.0","2010-07-03",,,"87","H,,S","96",",,S",,
"IN005150100","RAJKOT, IN","22.3","70.783","138.0","2010-07-04","3.74",",,S","81","H,,S","88",",,S","72",",,S"
"IN005150100","RAJKOT, IN","22.3","70.783","138.0","2010-07-05","1.10",",,S","80","H,,S","85",",,S","74",",,S"
"IN005150100","RAJKOT, IN","22.3","70.783","138.0","2010-07-06","0.00",",,S","81","H,,S",,,"77",",,S"
"IN005150100","RAJKOT, IN","22.3","70.783","138.0","2010-07-07","0.63",",,S","83","H,,S","91",",,S","76",",,S"
"IN005150100","RAJKOT, IN","22.3","70.783","138.0","2010-07-08","0.01",",,S","81","H,,S","89",",,S","77",",,S"
"IN005150100","RAJKOT, IN","22.3","70.783","138.0","2010-07-09","1.38",",,S","82","H,,S",,,,
"IN005150100","RAJKOT, IN","22.3","70.783","138.0","2010-07-10","0.12",",,S","83","H,,S","90",",,S","77",",,S"
"IN005150100","RAJKOT, IN","22.3","70.783","138.0","2010-07-11","0.71",",,S","84","H,,S","90",",,S","77",",,S"
"IN005150100","RAJKOT, IN","22.3","70.783","138.0","2010-07-12","0.04",",,S","84","H,,S","92",",,S","76",",,S"
"IN005150100","RAJKOT, IN","22.3","70.783","138.0","2010-07-13","0.02",",,S","85","H,,S","92",",,S","78",",,S"
"IN005150100","RAJKOT, IN","22.3","70.783","138.0","2010-07-14","0.00",",,S","85","H,,S","92",",,S","79",",,S"
"IN005150100","RAJKOT, IN","22.3","70.783","138.0","2010-07-15","0.28",",,S","83","H,,S","91",",,S","77",",,S"
"IN005150100","RAJKOT, IN","22.3","70.783","138.0","2010-07-16","0.02",",,S","84","H,,S","93",",,S","77",",,S"
"IN005150100","RAJKOT, IN","22.3","70.783","138.0","2010-07-17","0.24",",,S","83","H,,S","92",",,S","78",",,S"
"IN005150100","RAJKOT, IN","22.3","70.783","138.0","2010-07-18","0.43",",,S","85","H,,S","93",",,S","77",",,S"
"IN005150100","RAJKOT, IN","22.3","70.783","138.0","2010-07-19","0.00",",,S","85","H,,S","95",",,S","79",",,S"
"IN005150100","RAJKOT, IN","22.3","70.783","138.0","2010-07-20","2.09",",,S","83","H,,S","92",",,S","77",",,S"
"IN005150100","RAJKOT, IN","22.3","70.783","138.0","2010-07-21","0.02",",,S","81","H,,S","91",",,S","78",",,S"
"IN005150100","RAJKOT, IN","22.3","70.783","138.0","2010-07-22","3.07",",,S","80","H,,S","83",",,S","77",",,S"
"IN005150100","RAJKOT, IN","22.3","70.783","138.0","2010-07-23",,,"81","H,,S","88",",,S","77",",,S"
"IN005150100","RAJKOT, IN","22.3","70.783","138.0","2010-07-24",,,"80","H,,S","85",",,S","78",",,S"
"IN005150100","RAJKOT, IN","22.3","70.783","138.0","2010-07-25",,,"81","H,,S","86",",,S","77",",,S"
"IN005150100","RAJKOT, IN","22.3","70.783","138.0","2010-07-26","0.51",",,S","78","H,,S","82",",,S","72",",,S"
"IN005150100","RAJKOT, IN","22.3","70.783","138.0","2010-07-27","0.00",",,S","79","H,,S","84",",,S",,
"IN005150100","RAJKOT, IN","22.3","70.783","138.0","2010-07-28","0.16",",,S","84","H,,S","91",",,S","75",",,S"
"IN005150100","RAJKOT, IN","22.3","70.783","138.0","2010-07-29","0.04",",,S","81","H,,S","87",",,S","75",",,S"
"IN005150100","RAJKOT, IN","22.3","70.783","138.0","2010-07-30","0.24",",,S","83","H,,S",,,"75",",,S"
"IN005150100","RAJKOT, IN","22.3","70.783","138.0","2010-07-31","0.00",",,S","81","H,,S","91",",,S","77",",,S"
"IN005150100","RAJKOT, IN","22.3","70.783","138.0","2010-08-01","3.15",",,S","80","H,,S","84",",,S","75",",,S"
"IN005150100","RAJKOT, IN","22.3","70.783","138.0","2010-08-02","2.83",",,S","79","H,,S","86",",,S","74",",,S"
"IN005150100","RAJKOT, IN","22.3","70.783","138.0","2010-08-03","0.59",",,S","78","H,,S","85",",,S","73",",,S"
"IN005150100","RAJKOT, IN","22.3","70.783","138.0","2010-08-04","3.15",",,S","81","H,,S","86",",,S","75",",,S"
"IN005150100","RAJKOT, IN","22.3","70.783","138.0","2010-08-05","0.00",",,S","82","H,,S","90",",,S","75",",,S"
"IN005150100","RAJKOT, IN","22.3","70.783","138.0","2010-08-06",,,"82","H,,S","90",",,S","76",",,S"
"IN005150100","RAJKOT, IN","22.3","70.783","138.0","2010-08-07",,,"79","H,,S","81",",,S","77",",,S"
"IN005150100","RAJKOT, IN","22.3","70.783","138.0","2010-08-08",,,"79","H,,S","82",",,S","76",",,S"
"IN005150100","RAJKOT, IN","22.3","70.783","138.0","2010-08-09",,,"80","H,,S","90",",,S","75",",,S"
"IN005150100","RAJKOT, IN","22.3","70.783","138.0","2010-08-10",,,"81","H,,S","89",",,S","76",",,S"
"IN005150100","RAJKOT, IN","22.3","70.783","138.0","2010-08-11",,,"81","H,,S","90",",,S","77",",,S"
"IN005150100","RAJKOT, IN","22.3","70.783","138.0","2010-08-12",,,"82","H,,S","90",",,S","77",",,S"
"IN005150100","RAJKOT, IN","22.3","70.783","138.0","2010-08-13",,,"83","H,,S","90",",,S","76",",,S"
"IN005150100","RAJKOT, IN","22.3","70.783","138.0","2010-08-14","0.01",",,S","84","H,,S","92",",,S","76",",,S"
"IN005150100","RAJKOT, IN","22.3","70.783","138.0","2010-08-15","0.00",",,S","85","H,,S","92",",,S",,
"IN005150100","RAJKOT, IN","22.3","70.783","138.0","2010-08-16",,,"85","H,,S","94",",,S","77",",,S"
"IN005150100","RAJKOT, IN","22.3","70.783","138.0","2010-08-17","0.01",",,S","84","H,,S","95",",,S","78",",,S"
"IN005150100","RAJKOT, IN","22.3","70.783","138.0","2010-08-18","0.00",",,S","80","H,,S","87",",,S",,
"IN005150100","RAJKOT, IN","22.3","70.783","138.0","2010-08-19","0.87",",,S","82","H,,S","89",",,S","76",",,S"
"IN005150100","RAJKOT, IN","22.3","70.783","138.0","2010-08-20","0.03",",,S","82","H,,S","87",",,S","76",",,S"
"IN005150100","RAJKOT, IN","22.3","70.783","138.0","2010-08-21","0.00",",,S","80","H,,S","87",",,S","76",",,S"
"IN005150100","RAJKOT, IN","22.3","70.783","138.0","2010-08-22","0.03",",,S","83","H,,S","92",",,S","76",",,S"
"IN005150100","RAJKOT, IN","22.3","70.783","138.0","2010-08-23","0.02",",,S","81","H,,S","89",",,S","76",",,S"
"IN005150100","RAJKOT, IN","22.3","70.783","138.0","2010-08-24","0.04",",,S","82","H,,S","91",",,S","76",",,S"
"IN005150100","RAJKOT, IN","22.3","70.783","138.0","2010-08-25","0.00",",,S","83","H,,S","94",",,S","75",",,S"
"IN005150100","RAJKOT, IN","22.3","70.783","138.0","2010-08-26","0.12",",,S","83","H,,S","94",",,S","77",",,S"
"IN005150100","RAJKOT, IN","22.3","70.783","138.0","2010-08-27","0.03",",,S","82","H,,S","93",",,S",,
"IN005150100","RAJKOT, IN","22.3","70.783","138.0","2010-08-28","1.50",",,S","82","H,,S","92",",,S","77",",,S"
"IN005150100","RAJKOT, IN","22.3","70.783","138.0","2010-08-29","0.43",",,S","80","H,,S","92",",,S",,
"IN005150100","RAJKOT, IN","22.3","70.783","138.0","2010-08-30","3.66",",,S","81","H,,S","89",",,S","73",",,S"
"IN005150100","RAJKOT, IN","22.3","70.783","138.0","2010-08-31","0.98",",,S","79","H,,S","87",",,S","75",",,S"
"IN005150100","RAJKOT, IN","22.3","70.783","138.0","2010-09-01","2.76",",,S","79","H,,S","83",",,S","74",",,S"
"IN005150100","RAJKOT, IN","22.3","70.783","138.0","2010-09-02","0.00",",,S","82","H,,S","90",",,S","75",",,S"
"IN005150100","RAJKOT, IN","22.3","70.783","138.0","2010-09-03","0.02",",,S","80","H,,S","85",",,S","77",",,S"
"IN005150100","RAJKOT, IN","22.3","70.783","138.0","2010-09-04","0.79",",,S","80","H,,S","85",",,S","75",",,S"
"IN005150100","RAJKOT, IN","22.3","70.783","138.0","2010-09-05","0.28",",,S","82","H,,S","89",",,S","75",",,S"
"IN005150100","RAJKOT, IN","22.3","70.783","138.0","2010-09-06","0.12",",,S","83","H,,S","90",",,S","76",",,S"
"IN005150100","RAJKOT, IN","22.3","70.783","138.0","2010-09-07","0.00",",,S","83","H,,S","90",",,S","77",",,S"
"IN005150100","RAJKOT, IN","22.3","70.783","138.0","2010-09-08","0.01",",,S","82","H,,S","89",",,S","77",",,S"
"IN005150100","RAJKOT, IN","22.3","70.783","138.0","2010-09-09","0.04",",,S","78","H,,S","81",",,S",,
"IN005150100","RAJKOT, IN","22.3","70.783","138.0","2010-09-10","3.15",",,S","79","H,,S","87",",,S","74",",,S"
"IN005150100","RAJKOT, IN","22.3","70.783","138.0","2010-09-11","0.20",",,S","79","H,,S","86",",,S","75",",,S"
"IN005150100","RAJKOT, IN","22.3","70.783","138.0","2010-09-12","0.47",",,S","80","H,,S","85",",,S","75",",,S"
"IN005150100","RAJKOT, IN","22.3","70.783","138.0","2010-09-13","0.79",",,S","82","H,,S","90",",,S","76",",,S"
"IN005150100","RAJKOT, IN","22.3","70.783","138.0","2010-09-14","0.02",",,S","83","H,,S",,,"76",",,S"
"IN005150100","RAJKOT, IN","22.3","70.783","138.0","2010-09-15","0.04",",,S","83","H,,S","90",",,S","74",",,S"
"IN005150100","RAJKOT, IN","22.3","70.783","138.0","2010-09-16","0.00",",,S","82","H,,S","91",",,S","76",",,S"
"IN005150100","RAJKOT, IN","22.3","70.783","138.0","2010-09-17",,,"82","H,,S","91",",,S",,
"IN005150100","RAJKOT, IN","22.3","70.783","138.0","2010-09-18",,,"83","H,,S","91",",,S","73",",,S"
"IN005150100","RAJKOT, IN","22.3","70.783","138.0","2010-09-19",,,"83","H,,S","92",",,S","73",",,S"
"IN005150100","RAJKOT, IN","22.3","70.783","138.0","2010-09-20",,,"85","H,,S","95",",,S","75",",,S"
"IN005150100","RAJKOT, IN","22.3","70.783","138.0","2010-09-21",,,"85","H,,S","94",",,S","76",",,S"
"IN005150100","RAJKOT, IN","22.3","70.783","138.0","2010-09-22",,,"84","H,,S",,,"76",",,S"
"IN005150100","RAJKOT, IN","22.3","70.783","138.0","2010-09-23",,,"84","H,,S","93",",,S","76",",,S"
"IN005150100","RAJKOT, IN","22.3","70.783","138.0","2010-09-24",,,"83","H,,S","93",",,S","74",",,S"
"IN005150100","RAJKOT, IN","22.3","70.783","138.0","2010-09-25",,,"82","H,,S","94",",,S","72",",,S"
"IN005150100","RAJKOT, IN","22.3","70.783","138.0","2010-09-26",,,"83","H,,S","92",",,S","75",",,S"
"IN005150100","RAJKOT, IN","22.3","70.783","138.0","2010-09-27",,,"85","H,,S","96",",,S","72",",,S"
"IN005150100","RAJKOT, IN","22.3","70.783","138.0","2010-09-28",,,"89","H,,S","99",",,S","77",",,S"
"IN005150100","RAJKOT, IN","22.3","70.783","138.0","2010-09-29",,,"83","H,,S","95",",,S",,
"IN005150100","RAJKOT, IN","22.3","70.783","138.0","2010-09-30",,,"86","H,,S","97",",,S","75",",,S"
"IN005150100","RAJKOT, IN","22.3","70.783","138.0","2010-10-01",,,"87","H,,S",,,,
"IN005150100","RAJKOT, IN","22.3","70.783","138.0","2010-10-02",,,"87","H,,S","99",",,S","73",",,S"
"IN005150100","RAJKOT, IN","22.3","70.783","138.0","2010-10-03",,,"89","H,,S","100",",,S","76",",,S"
"IN005150100","RAJKOT, IN","22.3","70.783","138.0","2010-10-04",,,"89","H,,S","100",",,S","77",",,S"
"IN005150100","RAJKOT, IN","22.3","70.783","138.0","2010-10-05",,,"89","H,,S","102",",,S","75",",,S"
"IN005150100","RAJKOT, IN","22.3","70.783","138.0","2010-10-06",,,"88","H,,S","102",",,S","75",",,S"
"IN005150100","RAJKOT, IN","22.3","70.783","138.0","2010-10-07",,,"87","H,,S","100",",,S","74",",,S"
"IN005150100","RAJKOT, IN","22.3","70.783","138.0","2010-10-08",,,"85","H,,S","98",",,S","72",",,S"
"IN005150100","RAJKOT, IN","22.3","70.783","138.0","2010-10-09",,,"85","H,,S","96",",,S","74",",,S"
"IN005150100","RAJKOT, IN","22.3","70.783","138.0","2010-10-10",,,"83","H,,S","95",",,S","74",",,S"
"IN005150100","RAJKOT, IN","22.3","70.783","138.0","2010-10-11","0.00",",,S","83","H,,S","95",",,S","73",",,S"
"IN005150100","RAJKOT, IN","22.3","70.783","138.0","2010-10-12",,,"80","H,,S","94",",,S","74",",,S"
"IN005150100","RAJKOT, IN","22.3","70.783","138.0","2010-10-13",,,"83","H,,S","92",",,S","72",",,S"
"IN005150100","RAJKOT, IN","22.3","70.783","138.0","2010-10-14",,,"84","H,,S","94",",,S","74",",,S"
"IN005150100","RAJKOT, IN","22.3","70.783","138.0","2010-10-15",,,"85","H,,S","96",",,S","74",",,S"
"IN005150100","RAJKOT, IN","22.3","70.783","138.0","2010-10-16",,,"85","H,,S","97",",,S","73",",,S"
"IN005150100","RAJKOT, IN","22.3","70.783","138.0","2010-10-17",,,"86","H,,S","98",",,S",,
"IN005150100","RAJKOT, IN","22.3","70.783","138.0","2010-10-18",,,"87","H,,S","99",",,S","75",",,S"
"IN005150100","RAJKOT, IN","22.3","70.783","138.0","2010-10-19",,,"89","H,,S","101",",,S","78",",,S"
"IN005150100","RAJKOT, IN","22.3","70.783","138.0","2010-10-20",,,"86","H,,S","100",",,S","77",",,S"
"IN005150100","RAJKOT, IN","22.3","70.783","138.0","2010-10-21",,,"87","H,,S","99",",,S","77",",,S"
"IN005150100","RAJKOT, IN","22.3","70.783","138.0","2010-10-22",,,"86","H,,S","98",",,S","75",",,S"
"IN005150100","RAJKOT, IN","22.3","70.783","138.0","2010-10-23",,,"83","H,,S","97",",,S","74",",,S"
"IN005150100","RAJKOT, IN","22.3","70.783","138.0","2010-10-24",,,"82","H,,S","94",",,S","72",",,S"
"IN005150100","RAJKOT, IN","22.3","70.783","138.0","2010-10-25",,,"81","H,,S","95",",,S","69",",,S"
"IN005150100","RAJKOT, IN","22.3","70.783","138.0","2010-10-26",,,"83","H,,S","97",",,S","71",",,S"
"IN005150100","RAJKOT, IN","22.3","70.783","138.0","2010-10-27",,,"84","H,,S","97",",,S","70",",,S"
"IN005150100","RAJKOT, IN","22.3","70.783","138.0","2010-10-28",,,"86","H,,S","98",",,S","73",",,S"
"IN005150100","RAJKOT, IN","22.3","70.783","138.0","2010-10-29",,,"83","H,,S","94",",,S","74",",,S"
"IN005150100","RAJKOT, IN","22.3","70.783","138.0","2010-10-30",,,"83","H,,S","96",",,S","70",",,S"
"IN005150100","RAJKOT, IN","22.3","70.783","138.0","2010-10-31",,,"81","H,,S","96",",,S","68",",,S"
"IN005150100","RAJKOT, IN","22.3","70.783","138.0","2010-11-01",,,"80","H,,S","95",",,S","66",",,S"
"IN005150100","RAJKOT, IN","22.3","70.783","138.0","2010-11-02",,,"80","H,,S","94",",,S","65",",,S"
"IN005150100","RAJKOT, IN","22.3","70.783","138.0","2010-11-03",,,"82","H,,S","94",",,S","69",",,S"
"IN005150100","RAJKOT, IN","22.3","70.783","138.0","2010-11-04",,,"82","H,,S","97",",,S","65",",,S"
"IN005150100","RAJKOT, IN","22.3","70.783","138.0","2010-11-05",,,"84","H,,S","97",",,S","71",",,S"
"IN005150100","RAJKOT, IN","22.3","70.783","138.0","2010-11-06",,,"81","H,,S","97",",,S",,
"IN005150100","RAJKOT, IN","22.3","70.783","138.0","2010-11-07",,,"81","H,,S","94",",,S","68",",,S"
"IN005150100","RAJKOT, IN","22.3","70.783","138.0","2010-11-08",,,"78","H,,S","92",",,S","65",",,S"
"IN005150100","RAJKOT, IN","22.3","70.783","138.0","2010-11-09",,,"83","H,,S","95",",,S","70",",,S"
"IN005150100","RAJKOT, IN","22.3","70.783","138.0","2010-11-10",,,"79","H,,S","84",",,S",,
"IN005150100","RAJKOT, IN","22.3","70.783","138.0","2010-11-11","0.20",",,S","78","H,,S",,,"72",",,S"
"IN005150100","RAJKOT, IN","22.3","70.783","138.0","2010-11-12","0.00",",,S","82","H,,S","93",",,S","74",",,S"
"IN005150100","RAJKOT, IN","22.3","70.783","138.0","2010-11-13",,,"83","H,,S","92",",,S","74",",,S"
"IN005150100","RAJKOT, IN","22.3","70.783","138.0","2010-11-14",,,"83","H,,S","94",",,S","73",",,S"
"IN005150100","RAJKOT, IN","22.3","70.783","138.0","2010-11-15",,,"80","H,,S","92",",,S","72",",,S"
"IN005150100","RAJKOT, IN","22.3","70.783","138.0","2010-11-16",,,"80","H,,S","93",",,S","71",",,S"
"IN005150100","RAJKOT, IN","22.3","70.783","138.0","2010-11-17",,,"76","H,,S","89",",,S","72",",,S"
"IN005150100","RAJKOT, IN","22.3","70.783","138.0","2010-11-18",,,"77","H,,S","89",",,S","68",",,S"
"IN005150100","RAJKOT, IN","22.3","70.783","138.0","2010-11-19",,,"78","H,,S","90",",,S","68",",,S"
"IN005150100","RAJKOT, IN","22.3","70.783","138.0","2010-11-20",,,"76","H,,S","89",",,S","62",",,S"
"IN005150100","RAJKOT, IN","22.3","70.783","138.0","2010-11-21",,,"74","H,,S","81",",,S","64",",,S"
"IN005150100","RAJKOT, IN","22.3","70.783","138.0","2010-11-22","0.24",",,S","69","H,,S","77",",,S","65",",,S"
"IN005150100","RAJKOT, IN","22.3","70.783","138.0","2010-11-23","1.10",",,S","65","H,,S","67",",O,S","62",",,S"
"IN005150100","RAJKOT, IN","22.3","70.783","138.0","2010-11-24","0.51",",,S","67","H,,S","71",",,S","63",",,S"
"IN005150100","RAJKOT, IN","22.3","70.783","138.0","2010-11-25","0.01",",,S","68","H,,S","74",",,S","61",",,S"
"IN005150100","RAJKOT, IN","22.3","70.783","138.0","2010-11-26","0.00",",,S","69","H,,S","82",",,S","57",",,S"
"IN005150100","RAJKOT, IN","22.3","70.783","138.0","2010-11-27",,,"70","H,,S","84",",,S","57",",,S"
"IN005150100","RAJKOT, IN","22.3","70.783","138.0","2010-11-28",,,"71","H,,S","86",",,S","55",",,S"
"IN005150100","RAJKOT, IN","22.3","70.783","138.0","2010-11-29",,,"75","H,,S","88",",,S","60",",,S"
"IN005150100","RAJKOT, IN","22.3","70.783","138.0","2010-11-30",,,"74","H,,S","87",",,S","62",",,S"
"IN005150100","RAJKOT, IN","22.3","70.783","138.0","2010-12-01",,,"72","H,,S","86",",,S","60",",,S"
"IN005150100","RAJKOT, IN","22.3","70.783","138.0","2010-12-02",,,"70","H,,S","84",",,S","55",",,S"
"IN005150100","RAJKOT, IN","22.3","70.783","138.0","2010-12-03",,,"73","H,,S","87",",,S","57",",,S"
"IN005150100","RAJKOT, IN","22.3","70.783","138.0","2010-12-04",,,"72","H,,S","85",",,S","59",",,S"
"IN005150100","RAJKOT, IN","22.3","70.783","138.0","2010-12-05",,,"75","H,,S","87",",,S","59",",,S"
"IN005150100","RAJKOT, IN","22.3","70.783","138.0","2010-12-06",,,"74","H,,S","87",",,S","63",",,S"
"IN005150100","RAJKOT, IN","22.3","70.783","138.0","2010-12-07",,,"71","H,,S","83",",,S","60",",,S"
"IN005150100","RAJKOT, IN","22.3","70.783","138.0","2010-12-08",,,"67","H,,S","84",",,S","54",",,S"
"IN005150100","RAJKOT, IN","22.3","70.783","138.0","2010-12-09",,,"65","H,,S","80",",,S","49",",,S"
"IN005150100","RAJKOT, IN","22.3","70.783","138.0","2010-12-10",,,"61","H,,S","77",",,S","48",",,S"
"IN005150100","RAJKOT, IN","22.3","70.783","138.0","2010-12-11",,,"62","H,,S","78",",,S","47",",,S"
"IN005150100","RAJKOT, IN","22.3","70.783","138.0","2010-12-12",,,"65","H,,S","78",",,S","48",",,S"
"IN005150100","RAJKOT, IN","22.3","70.783","138.0","2010-12-13",,,"69","H,,S","82",",,S","58",",,S"
"IN005150100","RAJKOT, IN","22.3","70.783","138.0","2010-12-14",,,"69","H,,S","82",",,S","55",",,S"
"IN005150100","RAJKOT, IN","22.3","70.783","138.0","2010-12-15",,,"70","H,,S","85",",,S","54",",,S"
"IN005150100","RAJKOT, IN","22.3","70.783","138.0","2010-12-16",,,"68","H,,S","84",",,S","52",",,S"
"IN005150100","RAJKOT, IN","22.3","70.783","138.0","2010-12-17",,,"68","H,,S","85",",,S","51",",,S"
"IN005150100","RAJKOT, IN","22.3","70.783","138.0","2010-12-18",,,"69","H,,S","85",",,S","53",",,S"
"IN005150100","RAJKOT, IN","22.3","70.783","138.0","2010-12-19",,,"71","H,,S","85",",,S","51",",,S"
"IN005150100","RAJKOT, IN","22.3","70.783","138.0","2010-12-20",,,"70","H,,S","85",",,S","53",",,S"
"IN005150100","RAJKOT, IN","22.3","70.783","138.0","2010-12-21",,,"69","H,,S","85",",,S","52",",,S"
"IN005150100","RAJKOT, IN","22.3","70.783","138.0","2010-12-22",,,"68","H,,S","83",",,S","53",",,S"
"IN005150100","RAJKOT, IN","22.3","70.783","138.0","2010-12-23",,,"69","H,,S","83",",,S","60",",,S"
"IN005150100","RAJKOT, IN","22.3","70.783","138.0","2010-12-24",,,"69","H,,S","83",",,S","54",",,S"
"IN005150100","RAJKOT, IN","22.3","70.783","138.0","2010-12-25",,,"67","H,,S","83",",,S","51",",,S"
"IN005150100","RAJKOT, IN","22.3","70.783","138.0","2010-12-26",,,"67","H,,S","82",",,S","52",",,S"
"IN005150100","RAJKOT, IN","22.3","70.783","138.0","2010-12-27",,,"67","H,,S","82",",,S","54",",,S"
"IN005150100","RAJKOT, IN","22.3","70.783","138.0","2010-12-28",,,"71","H,,S","85",",,S","57",",,S"
"IN005150100","RAJKOT, IN","22.3","70.783","138.0","2010-12-29",,,"67","H,,S","81",",,S","56",",,S"
"IN005150100","RAJKOT, IN","22.3","70.783","138.0","2010-12-30",,,"64","H,,S","78",",,S","53",",,S"
"IN005150100","RAJKOT, IN","22.3","70.783","138.0","2010-12-31",,,"64","H,,S","77",",,S","50",",,S"
"IN005150100","RAJKOT, IN","22.3","70.783","138.0","2011-01-01",,,"62","H,,S","78",",,S","46",",,S"
"IN005150100","RAJKOT, IN","22.3","70.783","138.0","2011-01-02",,,"64","H,,S","80",",,S","49",",,S"
"IN005150100","RAJKOT, IN","22.3","70.783","138.0","2011-01-03",,,"67","H,,S","81",",,S","47",",,S"
"IN005150100","RAJKOT, IN","22.3","70.783","138.0","2011-01-04",,,"68","H,,S","83",",,S","54",",,S"
"IN005150100","RAJKOT, IN","22.3","70.783","138.0","2011-01-05",,,"66","H,,S","83",",,S","52",",,S"
"IN005150100","RAJKOT, IN","22.3","70.783","138.0","2011-01-06",,,"65","H,,S","82",",,S","48",",,S"
"IN005150100","RAJKOT, IN","22.3","70.783","138.0","2011-01-07",,,"67","H,,S","85",",,S","48",",,S"
"IN005150100","RAJKOT, IN","22.3","70.783","138.0","2011-01-08",,,"65","H,,S","84",",,S","49",",,S"
"IN005150100","RAJKOT, IN","22.3","70.783","138.0","2011-01-09",,,"65","H,,S","82",",,S","48",",,S"
"IN005150100","RAJKOT, IN","22.3","70.783","138.0","2011-01-10",,,"66","H,,S","82",",,S","49",",,S"
"IN005150100","RAJKOT, IN","22.3","70.783","138.0","2011-01-11",,,"68","H,,S","85",",,S","49",",,S"
"IN005150100","RAJKOT, IN","22.3","70.783","138.0","2011-01-12",,,"69","H,,S","86",",,S","51",",,S"
"IN005150100","RAJKOT, IN","22.3","70.783","138.0","2011-01-13",,,"70","H,,S","84",",,S","60",",,S"
"IN005150100","RAJKOT, IN","22.3","70.783","138.0","2011-01-14",,,"69","H,,S","81",",,S","56",",,S"
"IN005150100","RAJKOT, IN","22.3","70.783","138.0","2011-01-15",,,"66","H,,S","79",",,S","56",",,S"
"IN005150100","RAJKOT, IN","22.3","70.783","138.0","2011-01-16",,,"65","H,,S","80",",,S","48",",,S"
"IN005150100","RAJKOT, IN","22.3","70.783","138.0","2011-01-17",,,"68","H,,S","87",",,S","45",",,S"
"IN005150100","RAJKOT, IN","22.3","70.783","138.0","2011-01-18",,,"69","H,,S","83",",,S","56",",,S"
"IN005150100","RAJKOT, IN","22.3","70.783","138.0","2011-01-19",,,"69","H,,S","85",",,S","54",",,S"
"IN005150100","RAJKOT, IN","22.3","70.783","138.0","2011-01-20",,,"71","H,,S","88",",,S","56",",,S"
"IN005150100","RAJKOT, IN","22.3","70.783","138.0","2011-01-21",,,"72","H,,S","90",",,S","54",",,S"
"IN005150100","RAJKOT, IN","22.3","70.783","138.0","2011-01-22",,,"72","H,,S","88",",,S","57",",,S"
"IN005150100","RAJKOT, IN","22.3","70.783","138.0","2011-01-23",,,"72","H,,S","88",",,S","58",",,S"
"IN005150100","RAJKOT, IN","22.3","70.783","138.0","2011-01-24",,,"72","H,,S","87",",,S","59",",,S"
"IN005150100","RAJKOT, IN","22.3","70.783","138.0","2011-01-25",,,"70","H,,S","86",",,S","56",",,S"
"IN005150100","RAJKOT, IN","22.3","70.783","138.0","2011-01-26",,,"66","H,,S","80",",,S","55",",,S"
"IN005150100","RAJKOT, IN","22.3","70.783","138.0","2011-01-27",,,"66","H,,S","83",",,S","48",",,S"
"IN005150100","RAJKOT, IN","22.3","70.783","138.0","2011-01-28",,,"67","H,,S","82",",,S","50",",,S"
"IN005150100","RAJKOT, IN","22.3","70.783","138.0","2011-01-29",,,"69","H,,S","83",",,S","53",",,S"
"IN005150100","RAJKOT, IN","22.3","70.783","138.0","2011-01-30",,,"71","H,,S","85",",,S","59",",,S"
"IN005150100","RAJKOT, IN","22.3","70.783","138.0","2011-01-31",,,"70","H,,S","85",",,S","53",",,S"
"IN005150100","RAJKOT, IN","22.3","70.783","138.0","2011-02-01",,,"71","H,,S","87",",,S","56",",,S"
"IN005150100","RAJKOT, IN","22.3","70.783","138.0","2011-02-02",,,"76","H,,S","93",",,S","58",",,S"
"IN005150100","RAJKOT, IN","22.3","70.783","138.0","2011-02-03",,,"78","H,,S","95",",,S","61",",,S"
"IN005150100","RAJKOT, IN","22.3","70.783","138.0","2011-02-04",,,"76","H,,S","93",",,S","63",",,S"
"IN005150100","RAJKOT, IN","22.3","70.783","138.0","2011-02-05",,,"71","H,,S","86",",,S","54",",,S"
"IN005150100","RAJKOT, IN","22.3","70.783","138.0","2011-02-06",,,"73","H,,S","87",",,S","58",",,S"
"IN005150100","RAJKOT, IN","22.3","70.783","138.0","2011-02-07",,,"73","H,,S","86",",,S","61",",,S"
"IN005150100","RAJKOT, IN","22.3","70.783","138.0","2011-02-08",,,"71","H,,S","84",",,S","62",",,S"
"IN005150100","RAJKOT, IN","22.3","70.783","138.0","2011-02-09",,,"71","H,,S","88",",,S","57",",,S"
"IN005150100","RAJKOT, IN","22.3","70.783","138.0","2011-02-10",,,"73","H,,S","90",",,S","55",",,S"
"IN005150100","RAJKOT, IN","22.3","70.783","138.0","2011-02-11",,,"78","H,,S","94",",,S","58",",,S"
"IN005150100","RAJKOT, IN","22.3","70.783","138.0","2011-02-12",,,"76","H,,S","93",",,S","59",",,S"
"IN005150100","RAJKOT, IN","22.3","70.783","138.0","2011-02-13",,,"75","H,,S","89",",,S","61",",,S"
"IN005150100","RAJKOT, IN","22.3","70.783","138.0","2011-02-14",,,"75","H,,S","87",",,S","63",",,S"
"IN005150100","RAJKOT, IN","22.3","70.783","138.0","2011-02-15",,,"72","H,,S","81",",,S","64",",,S"
"IN005150100","RAJKOT, IN","22.3","70.783","138.0","2011-02-16",,,"71","H,,S",,,"58",",,S"
"IN005150100","RAJKOT, IN","22.3","70.783","138.0","2011-02-17",,,"70","H,,S","83",",,S","56",",,S"
"IN005150100","RAJKOT, IN","22.3","70.783","138.0","2011-02-18",,,"71","H,,S","83",",,S","59",",,S"
"IN005150100","RAJKOT, IN","22.3","70.783","138.0","2011-02-19",,,"72","H,,S","85",",,S","58",",,S"
"IN005150100","RAJKOT, IN","22.3","70.783","138.0","2011-02-20",,,"72","H,,S","87",",,S","58",",,S"
"IN005150100","RAJKOT, IN","22.3","70.783","138.0","2011-02-21",,,"70","H,,S","86",",,S","55",",,S"
"IN005150100","RAJKOT, IN","22.3","70.783","138.0","2011-02-22",,,"73","H,,S","90",",,S","54",",,S"
"IN005150100","RAJKOT, IN","22.3","70.783","138.0","2011-02-23",,,"73","H,,S","90",",,S","57",",,S"
"IN005150100","RAJKOT, IN","22.3","70.783","138.0","2011-02-24",,,"74","H,,S","91",",,S","59",",,S"
"IN005150100","RAJKOT, IN","22.3","70.783","138.0","2011-02-25",,,"76","H,,S","91",",,S","58",",,S"
"IN005150100","RAJKOT, IN","22.3","70.783","138.0","2011-02-26",,,"73","H,,S","91",",,S","60",",,S"
"IN005150100","RAJKOT, IN","22.3","70.783","138.0","2011-02-27",,,"74","H,,S","89",",,S","60",",,S"
"IN005150100","RAJKOT, IN","22.3","70.783","138.0","2011-02-28",,,"77","H,,S","95",",,S","57",",,S"
"IN005150100","RAJKOT, IN","22.3","70.783","138.0","2011-03-01",,,"76","H,,S","95",",,S","61",",,S"
"IN005150100","RAJKOT, IN","22.3","70.783","138.0","2011-03-02",,,"80","H,,S","97",",,S","58",",,S"
"IN005150100","RAJKOT, IN","22.3","70.783","138.0","2011-03-03",,,"79","H,,S","96",",,S","62",",,S"
"IN005150100","RAJKOT, IN","22.3","70.783","138.0","2011-03-04",,,"78","H,,S","89",",,S","64",",,S"
"IN005150100","RAJKOT, IN","22.3","70.783","138.0","2011-03-05",,,"76","H,,S","92",",,S","61",",,S"
"IN005150100","RAJKOT, IN","22.3","70.783","138.0","2011-03-06",,,"77","H,,S","97",",,S","62",",,S"
"IN005150100","RAJKOT, IN","22.3","70.783","138.0","2011-03-07",,,"81","H,,S","98",",,S","63",",,S"
"IN005150100","RAJKOT, IN","22.3","70.783","138.0","2011-03-08",,,"79","H,,S","94",",,S","64",",,S"
"IN005150100","RAJKOT, IN","22.3","70.783","138.0","2011-03-09",,,"76","H,,S","91",",,S","62",",,S"
"IN005150100","RAJKOT, IN","22.3","70.783","138.0","2011-03-10",,,"76","H,,S","93",",,S","59",",,S"
"IN005150100","RAJKOT, IN","22.3","70.783","138.0","2011-03-11",,,"78","H,,S","93",",,S","57",",,S"
"IN005150100","RAJKOT, IN","22.3","70.783","138.0","2011-03-12",,,"81","H,,S","97",",,S","62",",,S"
"IN005150100","RAJKOT, IN","22.3","70.783","138.0","2011-03-13",,,"82","H,,S","99",",,S","62",",,S"
"IN005150100","RAJKOT, IN","22.3","70.783","138.0","2011-03-14",,,"82","H,,S","101",",,S","65",",,S"
"IN005150100","RAJKOT, IN","22.3","70.783","138.0","2011-03-15",,,"87","H,,S","105",",,S","68",",,S"
"IN005150100","RAJKOT, IN","22.3","70.783","138.0","2011-03-16",,,"89","H,,S","105",",,S","67",",,S"
"IN005150100","RAJKOT, IN","22.3","70.783","138.0","2011-03-17",,,"90","H,,S","105",",,S","72",",,S"
"IN005150100","RAJKOT, IN","22.3","70.783","138.0","2011-03-18",,,"87","H,,S","104",",,S","73",",,S"
"IN005150100","RAJKOT, IN","22.3","70.783","138.0","2011-03-19",,,"84","H,,S","100",",,S","71",",,S"
"IN005150100","RAJKOT, IN","22.3","70.783","138.0","2011-03-20",,,"82","H,,S","99",",,S","66",",,S"
"IN005150100","RAJKOT, IN","22.3","70.783","138.0","2011-03-21",,,"81","H,,S","98",",,S","65",",,S"
"IN005150100","RAJKOT, IN","22.3","70.783","138.0","2011-03-22",,,"82","H,,S","98",",,S",,
"IN005150100","RAJKOT, IN","22.3","70.783","138.0","2011-03-23",,,"80","H,,S","97",",,S","67",",,S"
"IN005150100","RAJKOT, IN","22.3","70.783","138.0","2011-03-24",,,"82","H,,S","97",",,S","67",",,S"
"IN005150100","RAJKOT, IN","22.3","70.783","138.0","2011-03-25",,,"84","H,,S","100",",,S","69",",,S"
"IN005150100","RAJKOT, IN","22.3","70.783","138.0","2011-03-26",,,"86","H,,S","103",",,S","69",",,S"
"IN005150100","RAJKOT, IN","22.3","70.783","138.0","2011-03-27",,,"85","H,,S",,,"69",",,S"
"IN005150100","RAJKOT, IN","22.3","70.783","138.0","2011-03-28",,,"86","H,,S","104",",,S","67",",,S"
"IN005150100","RAJKOT, IN","22.3","70.783","138.0","2011-03-29",,,"85","H,,S","102",",,S","71",",,S"
"IN005150100","RAJKOT, IN","22.3","70.783","138.0","2011-03-30",,,"83","H,,S","101",",,S","69",",,S"
"IN005150100","RAJKOT, IN","22.3","70.783","138.0","2011-03-31",,,"78","H,,S","98",",,S","63",",,S"
"IN005150100","RAJKOT, IN","22.3","70.783","138.0","2011-04-01",,,"82","H,,S","99",",,S","68",",,S"
"IN005150100","RAJKOT, IN","22.3","70.783","138.0","2011-04-02",,,"84","H,,S","100",",,S","69",",,S"
"IN005150100","RAJKOT, IN","22.3","70.783","138.0","2011-04-03",,,"82","H,,S","100",",,S","67",",,S"
"IN005150100","RAJKOT, IN","22.3","70.783","138.0","2011-04-04",,,"83","H,,S","99",",,S","65",",,S"
"IN005150100","RAJKOT, IN","22.3","70.783","138.0","2011-04-05",,,"82","H,,S","100",",,S","64",",,S"
"IN005150100","RAJKOT, IN","22.3","70.783","138.0","2011-04-06",,,"86","H,,S","102",",,S","67",",,S"
"IN005150100","RAJKOT, IN","22.3","70.783","138.0","2011-04-07",,,"88","H,,S","104",",,S","70",",,S"
"IN005150100","RAJKOT, IN","22.3","70.783","138.0","2011-04-08",,,"88","H,,S","104",",,S","72",",,S"
"IN005150100","RAJKOT, IN","22.3","70.783","138.0","2011-04-09",,,"88","H,,S","105",",,S","73",",,S"
"IN005150100","RAJKOT, IN","22.3","70.783","138.0","2011-04-10",,,"85","H,,S","102",",,S","71",",,S"
"IN005150100","RAJKOT, IN","22.3","70.783","138.0","2011-04-11",,,"85","H,,S","101",",,S","69",",,S"
"IN005150100","RAJKOT, IN","22.3","70.783","138.0","2011-04-12",,,"88","H,,S","103",",,S","71",",,S"
"IN005150100","RAJKOT, IN","22.3","70.783","138.0","2011-04-13",,,"88","H,,S","102",",,S","72",",,S"
"IN005150100","RAJKOT, IN","22.3","70.783","138.0","2011-04-14",,,"87","H,,S","103",",,S","72",",,S"
"IN005150100","RAJKOT, IN","22.3","70.783","138.0","2011-04-15",,,"88","H,,S","104",",,S","74",",,S"
"IN005150100","RAJKOT, IN","22.3","70.783","138.0","2011-04-16",,,"89","H,,S","104",",,S","74",",,S"
"IN005150100","RAJKOT, IN","22.3","70.783","138.0","2011-04-17",,,"89","H,,S","103",",,S","74",",,S"
"IN005150100","RAJKOT, IN","22.3","70.783","138.0","2011-04-18",,,"88","H,,S","103",",,S","73",",,S"
"IN005150100","RAJKOT, IN","22.3","70.783","138.0","2011-04-19",,,"88","H,,S","104",",,S","73",",,S"
"IN005150100","RAJKOT, IN","22.3","70.783","138.0","2011-04-20",,,"88","H,,S","103",",,S","71",",,S"
"IN005150100","RAJKOT, IN","22.3","70.783","138.0","2011-04-21",,,"90","H,,S","105",",,S","73",",,S"
"IN005150100","RAJKOT, IN","22.3","70.783","138.0","2011-04-22",,,"91","H,,S","107",",,S","74",",,S"
"IN005150100","RAJKOT, IN","22.3","70.783","138.0","2011-04-23",,,"91","H,,S","108",",,S","75",",,S"
"IN005150100","RAJKOT, IN","22.3","70.783","138.0","2011-04-24",,,"90","H,,S","108",",,S","75",",,S"
"IN005150100","RAJKOT, IN","22.3","70.783","138.0","2011-04-25",,,"88","H,,S","105",",,S","73",",,S"
"IN005150100","RAJKOT, IN","22.3","70.783","138.0","2011-04-26",,,"87","H,,S","103",",,S","73",",,S"
"IN005150100","RAJKOT, IN","22.3","70.783","138.0","2011-04-27",,,"87","H,,S","105",",,S","73",",,S"
"IN005150100","RAJKOT, IN","22.3","70.783","138.0","2011-04-28",,,"87","H,,S","105",",,S","73",",,S"
"IN005150100","RAJKOT, IN","22.3","70.783","138.0","2011-04-29",,,"87","H,,S","101",",,S",,
"IN005150100","RAJKOT, IN","22.3","70.783","138.0","2011-04-30",,,"87","H,,S","104",",,S","75",",,S"
"IN005150100","RAJKOT, IN","22.3","70.783","138.0","2011-05-01",,,"87","H,,S","103",",,S","73",",,S"
"IN005150100","RAJKOT, IN","22.3","70.783","138.0","2011-05-02",,,"87","H,,S","103",",,S","75",",,S"
"IN005150100","RAJKOT, IN","22.3","70.783","138.0","2011-05-03",,,"86","H,,S","100",",,S","75",",,S"
"IN005150100","RAJKOT, IN","22.3","70.783","138.0","2011-05-04",,,"88","H,,S","102",",,S","75",",,S"
"IN005150100","RAJKOT, IN","22.3","70.783","138.0","2011-05-05",,,"88","H,,S","103",",,S","76",",,S"
"IN005150100","RAJKOT, IN","22.3","70.783","138.0","2011-05-06",,,"90","H,,S","105",",,S","74",",,S"
"IN005150100","RAJKOT, IN","22.3","70.783","138.0","2011-05-07",,,"92","H,,S","106",",,S","76",",,S"
"IN005150100","RAJKOT, IN","22.3","70.783","138.0","2011-05-08",,,"90","H,,S","107",",,S","77",",,S"
"IN005150100","RAJKOT, IN","22.3","70.783","138.0","2011-05-09",,,"90","H,,S","107",",,S","75",",,S"
"IN005150100","RAJKOT, IN","22.3","70.783","138.0","2011-05-10",,,"89","H,,S","105",",,S","76",",,S"
"IN005150100","RAJKOT, IN","22.3","70.783","138.0","2011-05-11",,,"89","H,,S","104",",,S","75",",,S"
"IN005150100","RAJKOT, IN","22.3","70.783","138.0","2011-05-12",,,"89","H,,S","104",",,S","77",",,S"
"IN005150100","RAJKOT, IN","22.3","70.783","138.0","2011-05-13",,,"90","H,,S","106",",,S","76",",,S"
"IN005150100","RAJKOT, IN","22.3","70.783","138.0","2011-05-14",,,"90","H,,S","105",",,S","77",",,S"
"IN005150100","RAJKOT, IN","22.3","70.783","138.0","2011-05-15",,,"89","H,,S","107",",,S","75",",,S"
"IN005150100","RAJKOT, IN","22.3","70.783","138.0","2011-05-16",,,"91","H,,S","108",",,S","77",",,S"
"IN005150100","RAJKOT, IN","22.3","70.783","138.0","2011-05-17",,,"90","H,,S","108",",,S","78",",,S"
"IN005150100","RAJKOT, IN","22.3","70.783","138.0","2011-05-18",,,"91","H,,S","108",",,S","78",",,S"
"IN005150100","RAJKOT, IN","22.3","70.783","138.0","2011-05-19",,,"91","H,,S","107",",,S","78",",,S"
"IN005150100","RAJKOT, IN","22.3","70.783","138.0","2011-05-20",,,"89","H,,S","100",",,S","78",",,S"
"IN005150100","RAJKOT, IN","22.3","70.783","138.0","2011-05-21",,,"88","H,,S","99",",,S","80",",,S"
"IN005150100","RAJKOT, IN","22.3","70.783","138.0","2011-05-22",,,"90","H,,S","100",",,S","81",",,S"
"IN005150100","RAJKOT, IN","22.3","70.783","138.0","2011-05-23",,,"90","H,,S","102",",,S","81",",,S"
"IN005150100","RAJKOT, IN","22.3","70.783","138.0","2011-05-24",,,"90","H,,S","104",",,S","77",",,S"
"IN005150100","RAJKOT, IN","22.3","70.783","138.0","2011-05-25",,,"90","H,,S","103",",,S","77",",,S"
"IN005150100","RAJKOT, IN","22.3","70.783","138.0","2011-05-26",,,"90","H,,S","105",",,S","79",",,S"
"IN005150100","RAJKOT, IN","22.3","70.783","138.0","2011-05-27",,,"90","H,,S","105",",,S","77",",,S"
"IN005150100","RAJKOT, IN","22.3","70.783","138.0","2011-05-28",,,"90","H,,S","104",",,S","78",",,S"
"IN005150100","RAJKOT, IN","22.3","70.783","138.0","2011-05-29",,,"90","H,,S","105",",,S","78",",,S"
"IN005150100","RAJKOT, IN","22.3","70.783","138.0","2011-05-30",,,"91","H,,S","106",",,S","79",",,S"
"IN005150100","RAJKOT, IN","22.3","70.783","138.0","2011-05-31",,,"92","H,,S","104",",,S","81",",,S"
"IN005150100","RAJKOT, IN","22.3","70.783","138.0","2011-06-01",,,"89","H,,S","102",",,S","80",",,S"
"IN005150100","RAJKOT, IN","22.3","70.783","138.0","2011-06-02",,,"91","H,,S","105",",,S","80",",,S"
"IN005150100","RAJKOT, IN","22.3","70.783","138.0","2011-06-03",,,"91","H,,S","108",",,S","80",",,S"
"IN005150100","RAJKOT, IN","22.3","70.783","138.0","2011-06-04",,,"94","H,,S","109",",,S","82",",,S"
"IN005150100","RAJKOT, IN","22.3","70.783","138.0","2011-06-05",,,"95","H,,S","112",",,S","81",",,S"
"IN005150100","RAJKOT, IN","22.3","70.783","138.0","2011-06-06",,,"94","H,,S","109",",,S","83",",,S"
"IN005150100","RAJKOT, IN","22.3","70.783","138.0","2011-06-07",,,"94","H,,S","110",",,S","82",",,S"
"IN005150100","RAJKOT, IN","22.3","70.783","138.0","2011-06-08",,,"93","H,,S","105",",,S","82",",,S"
"IN005150100","RAJKOT, IN","22.3","70.783","138.0","2011-06-14",,,"86","H,,S","98",",,S","79",",,S"
"IN005150100","RAJKOT, IN","22.3","70.783","138.0","2011-06-15",,,"87","H,,S","98",",,S","79",",,S"
"IN005150100","RAJKOT, IN","22.3","70.783","138.0","2011-06-16",,,"87","H,,S","98",",,S","79",",,S"
"IN005150100","RAJKOT, IN","22.3","70.783","138.0","2011-06-17",,,"88","H,,S","99",",,S","78",",,S"
"IN005150100","RAJKOT, IN","22.3","70.783","138.0","2011-06-18",,,"88","H,,S","97",",,S","81",",,S"
"IN005150100","RAJKOT, IN","22.3","70.783","138.0","2011-06-19",,,"88","H,,S","98",",,S","80",",,S"
"IN005150100","RAJKOT, IN","22.3","70.783","138.0","2011-06-20",,,"89","H,,S","98",",,S","81",",,S"
"IN005150100","RAJKOT, IN","22.3","70.783","138.0","2011-06-21",,,"89","H,,S","99",",,S","81",",,S"
"IN005150100","RAJKOT, IN","22.3","70.783","138.0","2011-06-22",,,"89","H,,S","98",",,S","81",",,S"
"IN005150100","RAJKOT, IN","22.3","70.783","138.0","2011-06-23",,,"88","H,,S","96",",,S","80",",,S"
"IN005150100","RAJKOT, IN","22.3","70.783","138.0","2011-06-24",,,"87","H,,S","96",",,S","80",",,S"
"IN005150100","RAJKOT, IN","22.3","70.783","138.0","2011-06-25",,,"87","H,,S","97",",,S","79",",,S"
"IN005150100","RAJKOT, IN","22.3","70.783","138.0","2011-06-26",,,"87","H,,S","96",",,S","80",",,S"
"IN005150100","RAJKOT, IN","22.3","70.783","138.0","2011-06-27",,,"87","H,,S","96",",,S","80",",,S"
"IN005150100","RAJKOT, IN","22.3","70.783","138.0","2011-06-28",,,"86","H,,S","91",",,S","81",",,S"
"IN005150100","RAJKOT, IN","22.3","70.783","138.0","2011-06-29",,,"87","H,,S","94",",,S","80",",,S"
"IN005150100","RAJKOT, IN","22.3","70.783","138.0","2011-06-30",,,"86","H,,S","95",",,S","79",",,S"
"IN005150100","RAJKOT, IN","22.3","70.783","138.0","2011-07-01",,,"87","H,,S","96",",,S","79",",,S"
"IN005150100","RAJKOT, IN","22.3","70.783","138.0","2011-07-02",,,"87","H,,S","96",",,S","79",",,S"
"IN005150100","RAJKOT, IN","22.3","70.783","138.0","2011-07-03",,,"87","H,,S","96",",,S","78",",,S"
"IN005150100","RAJKOT, IN","22.3","70.783","138.0","2011-07-04",,,"87","H,,S","95",",,S","78",",,S"
"IN005150100","RAJKOT, IN","22.3","70.783","138.0","2011-07-05",,,"86","H,,S","99",",,S","77",",,S"
"IN005150100","RAJKOT, IN","22.3","70.783","138.0","2011-07-06",,,"84","H,,S","92",",,S","76",",,S"
"IN005150100","RAJKOT, IN","22.3","70.783","138.0","2011-07-07","0.47",",,S","82","H,,S","95",",,S",,
"IN005150100","RAJKOT, IN","22.3","70.783","138.0","2011-07-08","1.50",",,S","81","H,,S","89",",,S","70",",,S"
"IN005150100","RAJKOT, IN","22.3","70.783","138.0","2011-07-09","1.30",",,S","76","H,,S","80",",,S","71",",,S"
"IN005150100","RAJKOT, IN","22.3","70.783","138.0","2011-07-10","4.84",",,S","78","H,,S","81",",,S","72",",,S"
"IN005150100","RAJKOT, IN","22.3","70.783","138.0","2011-07-11","0.24",",,S","82","H,,S","88",",,S","77",",,S"
"IN005150100","RAJKOT, IN","22.3","70.783","138.0","2011-07-12","0.28",",,S","84","H,,S","93",",,S","78",",,S"
"IN005150100","RAJKOT, IN","22.3","70.783","138.0","2011-07-13","0.00",",,S","85","H,,S","94",",,S",,
"IN005150100","RAJKOT, IN","22.3","70.783","138.0","2011-07-14",,,"83","H,,S","90",",,S","77",",,S"
"IN005150100","RAJKOT, IN","22.3","70.783","138.0","2011-07-15",,,"86","H,,S","95",",,S","77",",,S"
"IN005150100","RAJKOT, IN","22.3","70.783","138.0","2011-07-16",,,"84","H,,S","93",",,S",,
"IN005150100","RAJKOT, IN","22.3","70.783","138.0","2011-07-17",,,"82","H,,S","95",",,S","74",",,S"
"IN005150100","RAJKOT, IN","22.3","70.783","138.0","2011-07-18","1.10",",,S","79","H,,S","88",",,S","72",",,S"
"IN005150100","RAJKOT, IN","22.3","70.783","138.0","2011-07-19","3.27",",,S","81","H,,S","86",",,S","69",",,S"
"IN005150100","RAJKOT, IN","22.3","70.783","138.0","2011-07-20","0.00",",,S","84","H,,S","91",",,S","77",",,S"
"IN005150100","RAJKOT, IN","22.3","70.783","138.0","2011-07-21",,,"83","H,,S","91",",,S","77",",,S"
"IN005150100","RAJKOT, IN","22.3","70.783","138.0","2011-07-22",,,"83","H,,S","91",",,S","76",",,S"
"IN005150100","RAJKOT, IN","22.3","70.783","138.0","2011-07-23",,,"82","H,,S","86",",,S","77",",,S"
"IN005150100","RAJKOT, IN","22.3","70.783","138.0","2011-07-24",,,"84","H,,S","90",",,S","78",",,S"
"IN005150100","RAJKOT, IN","22.3","70.783","138.0","2011-07-25",,,"82","H,,S","89",",,S","77",",,S"
"IN005150100","RAJKOT, IN","22.3","70.783","138.0","2011-07-26",,,"83","H,,S",,,"76",",,S"
"IN005150100","RAJKOT, IN","22.3","70.783","138.0","2011-07-27",,,"83","H,,S","93",",,S","77",",,S"
"IN005150100","RAJKOT, IN","22.3","70.783","138.0","2011-07-28",,,"83","H,,S","87",",,S","78",",,S"
"IN005150100","RAJKOT, IN","22.3","70.783","138.0","2011-07-29",,,"82","H,,S","89",",,S","76",",,S"
"IN005150100","RAJKOT, IN","22.3","70.783","138.0","2011-07-30",,,"81","H,,S","89",",,S","77",",,S"
"IN005150100","RAJKOT, IN","22.3","70.783","138.0","2011-07-31",,,"79","H,,S","87",",,S","74",",,S"
"IN005150100","RAJKOT, IN","22.3","70.783","138.0","2011-08-01",,,"79","H,,S","86",",,S","74",",,S"
"IN005150100","RAJKOT, IN","22.3","70.783","138.0","2011-08-02",,,"81","H,,S","90",",,S","75",",,S"
"IN005150100","RAJKOT, IN","22.3","70.783","138.0","2011-08-03","0.04",",,S","83","H,,S","91",",,S","77",",,S"
"IN005150100","RAJKOT, IN","22.3","70.783","138.0","2011-08-04","0.00",",,S","83","H,,S","90",",,S","76",",,S"
"IN005150100","RAJKOT, IN","22.3","70.783","138.0","2011-08-05",,,"83","H,,S","91",",,S","77",",,S"
"IN005150100","RAJKOT, IN","22.3","70.783","138.0","2011-08-06",,,"85","H,,S","94",",,S","76",",,S"
"IN005150100","RAJKOT, IN","22.3","70.783","138.0","2011-08-07",,,"84","H,,S","91",",,S","78",",,S"
"IN005150100","RAJKOT, IN","22.3","70.783","138.0","2011-08-08",,,"84","H,,S","92",",,S","78",",,S"
"IN005150100","RAJKOT, IN","22.3","70.783","138.0","2011-08-09",,,"83","H,,S","87",",,S","78",",,S"
"IN005150100","RAJKOT, IN","22.3","70.783","138.0","2011-08-10","0.04",",,S","81","H,,S",,,"76",",,S"
"IN005150100","RAJKOT, IN","22.3","70.783","138.0","2011-08-11","0.39",",,S","77","H,,S","81",",,S",,
"IN005150100","RAJKOT, IN","22.3","70.783","138.0","2011-08-12","3.50",",,S","79","H,,S","83",",,S","72",",,S"
"IN005150100","RAJKOT, IN","22.3","70.783","138.0","2011-08-13","0.24",",,S","82","H,,S","89",",,S","76",",,S"
"IN005150100","RAJKOT, IN","22.3","70.783","138.0","2011-08-14","0.02",",,S","82","H,,S","89",",,S","76",",,S"
"IN005150100","RAJKOT, IN","22.3","70.783","138.0","2011-08-15","0.08",",,S","80","H,,S","87",",,S","75",",,S"
"IN005150100","RAJKOT, IN","22.3","70.783","138.0","2011-08-16","0.12",",,S","82","H,,S","87",",,S",,
"IN005150100","RAJKOT, IN","22.3","70.783","138.0","2011-08-17","0.04",",,S","82","H,,S","89",",,S","76",",,S"
"IN005150100","RAJKOT, IN","22.3","70.783","138.0","2011-08-18","0.03",",,S","85","H,,S","91",",,S","75",",,S"
"IN005150100","RAJKOT, IN","22.3","70.783","138.0","2011-08-19","0.00",",,S","84","H,,S","92",",,S","75",",,S"
"IN005150100","RAJKOT, IN","22.3","70.783","138.0","2011-08-20","0.01",",,S","84","H,,S","91",",,S","76",",,S"
"IN005150100","RAJKOT, IN","22.3","70.783","138.0","2011-08-21","0.01",",,S","80","H,,S","83",",,S","76",",,S"
"IN005150100","RAJKOT, IN","22.3","70.783","138.0","2011-08-22","0.12",",,S","83","H,,S","92",",,S","76",",,S"
"IN005150100","RAJKOT, IN","22.3","70.783","138.0","2011-08-23","0.12",",,S","83","H,,S","90",",,S","76",",,S"
"IN005150100","RAJKOT, IN","22.3","70.783","138.0","2011-08-24","0.00",",,S","83","H,,S","90",",,S","75",",,S"
"IN005150100","RAJKOT, IN","22.3","70.783","138.0","2011-08-25","0.04",",,S","80","H,,S","85",",,S","76",",,S"
"IN005150100","RAJKOT, IN","22.3","70.783","138.0","2011-08-26","0.01",",,S","82","H,,S","91",",,S","73",",,S"
"IN005150100","RAJKOT, IN","22.3","70.783","138.0","2011-08-27","0.01",",,S","81","H,,S","89",",,S","75",",,S"
"IN005150100","RAJKOT, IN","22.3","70.783","138.0","2011-08-28","0.04",",,S","81","H,,S","93",",,S","75",",,S"
"IN005150100","RAJKOT, IN","22.3","70.783","138.0","2011-08-29","0.00",",,S","79","H,,S","86",",,S",,
"IN005150100","RAJKOT, IN","22.3","70.783","138.0","2011-08-30","3.58",",,S","81","H,,S","87",",,S","73",",,S"
"IN005150100","RAJKOT, IN","22.3","70.783","138.0","2011-08-31","0.39",",,S","82","H,,S","89",",,S","74",",,S"
"IN005150100","RAJKOT, IN","22.3","70.783","138.0","2011-09-01","0.01",",,S","83","H,,S","91",",,S","75",",,S"
"IN005150100","RAJKOT, IN","22.3","70.783","138.0","2011-09-02","0.01",",,S","81","H,,S","94",",,S","76",",,S"
"IN005150100","RAJKOT, IN","22.3","70.783","138.0","2011-09-03","0.24",",,S","84","H,,S","94",",,S",,
"IN005150100","RAJKOT, IN","22.3","70.783","138.0","2011-09-04","0.08",",,S","80","H,,S","90",",,S","76",",,S"
"IN005150100","RAJKOT, IN","22.3","70.783","138.0","2011-09-05","1.38",",,S","82","H,,S",,,"75",",,S"
"IN005150100","RAJKOT, IN","22.3","70.783","138.0","2011-09-06","1.06",",,S","77","H,,S","84",",,S","68",",,S"
"IN005150100","RAJKOT, IN","22.3","70.783","138.0","2011-09-07","1.06",",,S","79","H,,S","82",",,S","74",",,S"
"IN005150100","RAJKOT, IN","22.3","70.783","138.0","2011-09-08","0.12",",,S","81","H,,S","87",",,S","76",",,S"
"IN005150100","RAJKOT, IN","22.3","70.783","138.0","2011-09-09","0.00",",,S","80","H,,S","86",",,S","75",",,S"
"IN005150100","RAJKOT, IN","22.3","70.783","138.0","2011-09-10","0.04",",,S","80","H,,S","87",",,S","75",",,S"
"IN005150100","RAJKOT, IN","22.3","70.783","138.0","2011-09-11","0.08",",,S","80","H,,S","87",",,S","75",",,S"
"IN005150100","RAJKOT, IN","22.3","70.783","138.0","2011-09-12","0.28",",,S","80","H,,S","91",",,S","76",",,S"
"IN005150100","RAJKOT, IN","22.3","70.783","138.0","2011-09-13","3.19",",,S","82","H,,S","89",",,S","73",",,S"
"IN005150100","RAJKOT, IN","22.3","70.783","138.0","2011-09-14","0.00",",,S","79","H,,S","87",",,S","75",",,S"
"IN005150100","RAJKOT, IN","22.3","70.783","138.0","2011-09-15","1.77",",,S","81","H,,S","90",",,S","75",",,S"
"IN005150100","RAJKOT, IN","22.3","70.783","138.0","2011-09-16","0.00",",,S","78","H,,S","85",",,S","74",",,S"
"IN005150100","RAJKOT, IN","22.3","70.783","138.0","2011-09-17",,,"81","H,,S","89",",,S","73",",,S"
"IN005150100","RAJKOT, IN","22.3","70.783","138.0","2011-09-18",,,"81","H,,S","89",",,S","73",",,S"
"IN005150100","RAJKOT, IN","22.3","70.783","138.0","2011-09-19",,,"81","H,,S","90",",,S","73",",,S"
"IN005150100","RAJKOT, IN","22.3","70.783","138.0","2011-09-20",,,"81","H,,S","91",",,S","73",",,S"
"IN005150100","RAJKOT, IN","22.3","70.783","138.0","2011-09-21",,,"82","H,,S","91",",,S","72",",,S"
"IN005150100","RAJKOT, IN","22.3","70.783","138.0","2011-09-22",,,"82","H,,S","92",",,S","73",",,S"
"IN005150100","RAJKOT, IN","22.3","70.783","138.0","2011-09-23",,,"81","H,,S","92",",,S","73",",,S"
"IN005150100","RAJKOT, IN","22.3","70.783","138.0","2011-09-24",,,"82","H,,S","92",",,S","73",",,S"
"IN005150100","RAJKOT, IN","22.3","70.783","138.0","2011-09-25",,,"82","H,,S","91",",,S","73",",,S"
"IN005150100","RAJKOT, IN","22.3","70.783","138.0","2011-09-26",,,"82","H,,S","91",",,S","73",",,S"
"IN005150100","RAJKOT, IN","22.3","70.783","138.0","2011-09-27",,,"82","H,,S","91",",,S","72",",,S"
"IN005150100","RAJKOT, IN","22.3","70.783","138.0","2011-09-28",,,"82","H,,S","93",",,S","72",",,S"
"IN005150100","RAJKOT, IN","22.3","70.783","138.0","2011-09-29",,,"82","H,,S","92",",,S","72",",,S"
"IN005150100","RAJKOT, IN","22.3","70.783","138.0","2011-09-30",,,"83","H,,S","94",",,S","72",",,S"
"IN005150100","RAJKOT, IN","22.3","70.783","138.0","2011-10-01",,,"83","H,,S","93",",,S","71",",,S"
"IN005150100","RAJKOT, IN","22.3","70.783","138.0","2011-10-02",,,"82","H,,S","93",",,S",,
"IN005150100","RAJKOT, IN","22.3","70.783","138.0","2011-10-03",,,"81","H,,S","93",",,S","71",",,S"
"IN005150100","RAJKOT, IN","22.3","70.783","138.0","2011-10-04",,,"82","H,,S","93",",,S","71",",,S"
"IN005150100","RAJKOT, IN","22.3","70.783","138.0","2011-10-05",,,"82","H,,S","94",",,S","73",",,S"
"IN005150100","RAJKOT, IN","22.3","70.783","138.0","2011-10-06",,,"84","H,,S","95",",,S","72",",,S"
"IN005150100","RAJKOT, IN","22.3","70.783","138.0","2011-10-07",,,"80","H,,S","95",",,S","69",",,S"
"IN005150100","RAJKOT, IN","22.3","70.783","138.0","2011-10-08",,,"83","H,,S","94",",,S","70",",,S"
"IN005150100","RAJKOT, IN","22.3","70.783","138.0","2011-10-09",,,"83","H,,S","95",",,S","71",",,S"
"IN005150100","RAJKOT, IN","22.3","70.783","138.0","2011-10-10",,,"85","H,,S","98",",,S","72",",,S"
"IN005150100","RAJKOT, IN","22.3","70.783","138.0","2011-10-11",,,"86","H,,S","100",",,S","72",",,S"
"IN005150100","RAJKOT, IN","22.3","70.783","138.0","2011-10-12",,,"87","H,,S","101",",,S","72",",,S"
"IN005150100","RAJKOT, IN","22.3","70.783","138.0","2011-10-13",,,"87","H,,S","100",",,S","72",",,S"
"IN005150100","RAJKOT, IN","22.3","70.783","138.0","2011-10-14",,,"87","H,,S","99",",,S","76",",,S"
"IN005150100","RAJKOT, IN","22.3","70.783","138.0","2011-10-15",,,"89","H,,S","101",",,S","75",",,S"
"IN005150100","RAJKOT, IN","22.3","70.783","138.0","2011-10-16",,,"88","H,,S","101",",,S","76",",,S"
"IN005150100","RAJKOT, IN","22.3","70.783","138.0","2011-10-17",,,"89","H,,S","101",",,S","75",",,S"
"IN005150100","RAJKOT, IN","22.3","70.783","138.0","2011-10-18",,,"88","H,,S","100",",,S","76",",,S"
"IN005150100","RAJKOT, IN","22.3","70.783","138.0","2011-10-19",,,"86","H,,S","99",",,S","74",",,S"
"IN005150100","RAJKOT, IN","22.3","70.783","138.0","2011-10-20",,,"84","H,,S","97",",,S","72",",,S"
"IN005150100","RAJKOT, IN","22.3","70.783","138.0","2011-10-21",,,"84","H,,S","98",",,S","74",",,S"
"IN005150100","RAJKOT, IN","22.3","70.783","138.0","2011-10-22",,,"85","H,,S","98",",,S","72",",,S"
"IN005150100","RAJKOT, IN","22.3","70.783","138.0","2011-10-23",,,"83","H,,S","99",",,S","66",",,S"
"IN005150100","RAJKOT, IN","22.3","70.783","138.0","2011-10-24",,,"83","H,,S","99",",,S","67",",,S"
"IN005150100","RAJKOT, IN","22.3","70.783","138.0","2011-10-25",,,"84","H,,S","99",",,S","68",",,S"
"IN005150100","RAJKOT, IN","22.3","70.783","138.0","2011-10-26",,,"84","H,,S","98",",,S","68",",,S"
"IN005150100","RAJKOT, IN","22.3","70.783","138.0","2011-10-27",,,"83","H,,S","98",",,S","66",",,S"
"IN005150100","RAJKOT, IN","22.3","70.783","138.0","2011-10-28",,,"85","H,,S","97",",,S","68",",,S"
"IN005150100","RAJKOT, IN","22.3","70.783","138.0","2011-10-29",,,"86","H,,S","100",",,S","70",",,S"
"IN005150100","RAJKOT, IN","22.3","70.783","138.0","2011-10-30",,,"86","H,,S","96",",,S","72",",,S"
"IN005150100","RAJKOT, IN","22.3","70.783","138.0","2011-10-31",,,"85","H,,S","95",",,S","72",",,S"
"IN005150100","RAJKOT, IN","22.3","70.783","138.0","2011-11-01",,,"84","H,,S","94",",,S","73",",,S"
"IN005150100","RAJKOT, IN","22.3","70.783","138.0","2011-11-02",,,"84","H,,S","95",",,S","72",",,S"
"IN005150100","RAJKOT, IN","22.3","70.783","138.0","2011-11-03",,,"84","H,,S","96",",,S","72",",,S"
"IN005150100","RAJKOT, IN","22.3","70.783","138.0","2011-11-04",,,"85","H,,S","96",",,S","74",",,S"
"IN005150100","RAJKOT, IN","22.3","70.783","138.0","2011-11-05",,,"84","H,,S","97",",,S","72",",,S"
"IN005150100","RAJKOT, IN","22.3","70.783","138.0","2011-11-06",,,"85","H,,S","97",",,S","71",",,S"
"IN005150100","RAJKOT, IN","22.3","70.783","138.0","2011-11-07",,,"86","H,,S","97",",,S","71",",,S"
"IN005150100","RAJKOT, IN","22.3","70.783","138.0","2011-11-08",,,"86","H,,S","97",",,S","72",",,S"
"IN005150100","RAJKOT, IN","22.3","70.783","138.0","2011-11-09",,,"85","H,,S","97",",,S","73",",,S"
"IN005150100","RAJKOT, IN","22.3","70.783","138.0","2011-11-10",,,"84","H,,S","97",",,S","71",",,S"
"IN005150100","RAJKOT, IN","22.3","70.783","138.0","2011-11-11",,,"83","H,,S","95",",,S","67",",,S"
"IN005150100","RAJKOT, IN","22.3","70.783","138.0","2011-11-12",,,"83","H,,S","95",",,S","69",",,S"
"IN005150100","RAJKOT, IN","22.3","70.783","138.0","2011-11-13",,,"83","H,,S","95",",,S",,
"IN005150100","RAJKOT, IN","22.3","70.783","138.0","2011-11-14",,,"82","H,,S","95",",,S","68",",,S"
"IN005150100","RAJKOT, IN","22.3","70.783","138.0","2011-11-15",,,"81","H,,S","95",",,S","68",",,S"
"IN005150100","RAJKOT, IN","22.3","70.783","138.0","2011-11-16",,,"81","H,,S","94",",,S","66",",,S"
"IN005150100","RAJKOT, IN","22.3","70.783","138.0","2011-11-17",,,"80","H,,S","94",",,S","66",",,S"
"IN005150100","RAJKOT, IN","22.3","70.783","138.0","2011-11-18",,,"80","H,,S","95",",,S","65",",,S"
"IN005150100","RAJKOT, IN","22.3","70.783","138.0","2011-11-19",,,"80","H,,S","94",",,S","65",",,S"
"IN005150100","RAJKOT, IN","22.3","70.783","138.0","2011-11-20",,,"80","H,,S","96",",,S","63",",,S"
"IN005150100","RAJKOT, IN","22.3","70.783","138.0","2011-11-21",,,"81","H,,S","96",",,S","65",",,S"
"IN005150100","RAJKOT, IN","22.3","70.783","138.0","2011-11-22",,,"81","H,,S","94",",,S","66",",,S"
"IN005150100","RAJKOT, IN","22.3","70.783","138.0","2011-11-23",,,"79","H,,S","92",",,S","64",",,S"
"IN005150100","RAJKOT, IN","22.3","70.783","138.0","2011-11-24",,,"79","H,,S","90",",,S","64",",,S"
"IN005150100","RAJKOT, IN","22.3","70.783","138.0","2011-11-25",,,"78","H,,S","90",",,S","63",",,S"
"IN005150100","RAJKOT, IN","22.3","70.783","138.0","2011-11-26",,,"77","H,,S","90",",,S","66",",,S"
"IN005150100","RAJKOT, IN","22.3","70.783","138.0","2011-11-27",,,"79","H,,S","91",",,S","67",",,S"
"IN005150100","RAJKOT, IN","22.3","70.783","138.0","2011-11-28",,,"78","H,,S","86",",,S","70",",,S"
"IN005150100","RAJKOT, IN","22.3","70.783","138.0","2011-11-29",,,"81","H,,S","92",",,S","68",",,S"
"IN005150100","RAJKOT, IN","22.3","70.783","138.0","2011-11-30",,,"82","H,,S","94",",,S","69",",,S"
"IN005150100","RAJKOT, IN","22.3","70.783","138.0","2011-12-01",,,"82","H,,S","96",",,S",,
"IN005150100","RAJKOT, IN","22.3","70.783","138.0","2011-12-02",,,"81","H,,S","96",",,S","66",",,S"
"IN005150100","RAJKOT, IN","22.3","70.783","138.0","2011-12-03",,,"81","H,,S","97",",,S","65",",,S"
"IN005150100","RAJKOT, IN","22.3","70.783","138.0","2011-12-04",,,"81","H,,S","94",",,S","67",",,S"
"IN005150100","RAJKOT, IN","22.3","70.783","138.0","2011-12-05",,,"80","H,,S","93",",,S","69",",,S"
"IN005150100","RAJKOT, IN","22.3","70.783","138.0","2011-12-06",,,"77","H,,S","91",",,S","66",",,S"
"IN005150100","RAJKOT, IN","22.3","70.783","138.0","2011-12-07",,,"77","H,,S","91",",,S","64",",,S"
"IN005150100","RAJKOT, IN","22.3","70.783","138.0","2011-12-08",,,"77","H,,S","93",",,S","60",",,S"
"IN005150100","RAJKOT, IN","22.3","70.783","138.0","2011-12-09",,,"74","H,,S","89",",,S","59",",,S"
"IN005150100","RAJKOT, IN","22.3","70.783","138.0","2011-12-10",,,"68","H,,S","86",",,S","56",",,S"
"IN005150100","RAJKOT, IN","22.3","70.783","138.0","2011-12-11",,,"68","H,,S","85",",,S","53",",,S"
"IN005150100","RAJKOT, IN","22.3","70.783","138.0","2011-12-12",,,"69","H,,S","85",",,S","50",",,S"
"IN005150100","RAJKOT, IN","22.3","70.783","138.0","2011-12-13",,,"70","H,,S","85",",,S","51",",,S"
"IN005150100","RAJKOT, IN","22.3","70.783","138.0","2011-12-14",,,"70","H,,S","87",",,S","51",",,S"
"IN005150100","RAJKOT, IN","22.3","70.783","138.0","2011-12-15",,,"73","H,,S","87",",,S","54",",,S"
"IN005150100","RAJKOT, IN","22.3","70.783","138.0","2011-12-16",,,"72","H,,S","88",",,S","56",",,S"
"IN005150100","RAJKOT, IN","22.3","70.783","138.0","2011-12-17",,,"74","H,,S","90",",,S","58",",,S"
"IN005150100","RAJKOT, IN","22.3","70.783","138.0","2011-12-18",,,"73","H,,S","89",",,S","55",",,S"
"IN005150100","RAJKOT, IN","22.3","70.783","138.0","2011-12-19",,,"73","H,,S","88",",,S","59",",,S"
"IN005150100","RAJKOT, IN","22.3","70.783","138.0","2011-12-20",,,"69","H,,S","85",",,S","54",",,S"
"IN005150100","RAJKOT, IN","22.3","70.783","138.0","2011-12-21",,,"69","H,,S","84",",,S","53",",,S"
"IN005150100","RAJKOT, IN","22.3","70.783","138.0","2011-12-22",,,"67","H,,S","82",",,S","50",",,S"
"IN005150100","RAJKOT, IN","22.3","70.783","138.0","2011-12-23",,,"65","H,,S","82",",,S","50",",,S"
"IN005150100","RAJKOT, IN","22.3","70.783","138.0","2011-12-24",,,"66","H,,S","84",",,S","49",",,S"
"IN005150100","RAJKOT, IN","22.3","70.783","138.0","2011-12-25",,,"66","H,,S","83",",,S","50",",,S"
"IN005150100","RAJKOT, IN","22.3","70.783","138.0","2011-12-26",,,"66","H,,S","83",",,S","48",",,S"
"IN005150100","RAJKOT, IN","22.3","70.783","138.0","2011-12-27",,,"65","H,,S","82",",,S","49",",,S"
"IN005150100","RAJKOT, IN","22.3","70.783","138.0","2011-12-28",,,"67","H,,S","83",",,S","50",",,S"
"IN005150100","RAJKOT, IN","22.3","70.783","138.0","2011-12-29",,,"65","H,,S","82",",,S","53",",,S"
"IN005150100","RAJKOT, IN","22.3","70.783","138.0","2011-12-30",,,"65","H,,S","80",",,S","48",",,S"
"IN005150100","RAJKOT, IN","22.3","70.783","138.0","2011-12-31",,,"65","H,,S","81",",,S","49",",,S"
"IN005150100","RAJKOT, IN","22.3","70.783","138.0","2012-01-01",,,"64","H,,S","77",",,S","44",",,S"
"IN005150100","RAJKOT, IN","22.3","70.783","138.0","2012-01-02",,,"63","H,,S","79",",,S","46",",,S"
"IN005150100","RAJKOT, IN","22.3","70.783","138.0","2012-01-03",,,"65","H,,S","83",",,S","48",",,S"
"IN005150100","RAJKOT, IN","22.3","70.783","138.0","2012-01-04",,,"69","H,,S","84",",,S","51",",,S"
"IN005150100","RAJKOT, IN","22.3","70.783","138.0","2012-01-05",,,"71","H,,S","84",",,S","55",",,S"
"IN005150100","RAJKOT, IN","22.3","70.783","138.0","2012-01-06",,,"71","H,,S","82",",,S","57",",,S"
"IN005150100","RAJKOT, IN","22.3","70.783","138.0","2012-01-07",,,"66","H,,S","80",",,S","53",",,S"
"IN005150100","RAJKOT, IN","22.3","70.783","138.0","2012-01-08",,,"64","H,,S","79",",,S","49",",,S"
"IN005150100","RAJKOT, IN","22.3","70.783","138.0","2012-01-09",,,"62","H,,S","77",",,S","43",",,S"
"IN005150100","RAJKOT, IN","22.3","70.783","138.0","2012-01-10",,,"62","H,,S","78",",,S","45",",,S"
"IN005150100","RAJKOT, IN","22.3","70.783","138.0","2012-01-11",,,"65","H,,S","82",",,S","47",",,S"
"IN005150100","RAJKOT, IN","22.3","70.783","138.0","2012-01-12",,,"67","H,,S","81",",,S","53",",,S"
"IN005150100","RAJKOT, IN","22.3","70.783","138.0","2012-01-13",,,"67","H,,S","82",",,S","53",",,S"
"IN005150100","RAJKOT, IN","22.3","70.783","138.0","2012-01-14",,,"70","H,,S","86",",,S","58",",,S"
"IN005150100","RAJKOT, IN","22.3","70.783","138.0","2012-01-15",,,"70","H,,S","86",",,S","55",",,S"
"IN005150100","RAJKOT, IN","22.3","70.783","138.0","2012-01-16",,,"72","H,,S","86",",,S","63",",,S"
"IN005150100","RAJKOT, IN","22.3","70.783","138.0","2012-01-17",,,"68","H,,S","79",",,S","58",",,S"
"IN005150100","RAJKOT, IN","22.3","70.783","138.0","2012-01-18",,,"65","H,,S","78",",,S","52",",,S"
"IN005150100","RAJKOT, IN","22.3","70.783","138.0","2012-01-19",,,"66","H,,S","78",",,S","53",",,S"
"IN005150100","RAJKOT, IN","22.3","70.783","138.0","2012-01-20",,,"67","H,,S","79",",,S","54",",,S"
"IN005150100","RAJKOT, IN","22.3","70.783","138.0","2012-01-21",,,"67","H,,S","80",",,S","55",",,S"
"IN005150100","RAJKOT, IN","22.3","70.783","138.0","2012-01-22",,,"68","H,,S","83",",,S",,
"IN005150100","RAJKOT, IN","22.3","70.783","138.0","2012-01-23",,,"68","H,,S","82",",,S","56",",,S"
"IN005150100","RAJKOT, IN","22.3","70.783","138.0","2012-01-24",,,"71","H,,S","86",",,S","58",",,S"
"IN005150100","RAJKOT, IN","22.3","70.783","138.0","2012-01-25",,,"67","H,,S","82",",,S","55",",,S"
"IN005150100","RAJKOT, IN","22.3","70.783","138.0","2012-01-26",,,"66","H,,S","81",",,S","53",",,S"
"IN005150100","RAJKOT, IN","22.3","70.783","138.0","2012-01-27",,,"66","H,,S","81",",,S","51",",,S"
"IN005150100","RAJKOT, IN","22.3","70.783","138.0","2012-01-28",,,"66","H,,S","82",",,S","51",",,S"
"IN005150100","RAJKOT, IN","22.3","70.783","138.0","2012-01-29",,,"65","H,,S","80",",,S","50",",,S"
"IN005150100","RAJKOT, IN","22.3","70.783","138.0","2012-01-30",,,"67","H,,S","82",",,S","51",",,S"
"IN005150100","RAJKOT, IN","22.3","70.783","138.0","2012-01-31",,,"68","H,,S","83",",,S","51",",,S"
"IN005150100","RAJKOT, IN","22.3","70.783","138.0","2012-02-01",,,"68","H,,S","83",",,S","51",",,S"
"IN005150100","RAJKOT, IN","22.3","70.783","138.0","2012-02-02",,,"72","H,,S","88",",,S","54",",,S"
"IN005150100","RAJKOT, IN","22.3","70.783","138.0","2012-02-03",,,"76","H,,S","92",",,S","63",",,S"
"IN005150100","RAJKOT, IN","22.3","70.783","138.0","2012-02-04",,,"72","H,,S","85",",,S","61",",,S"
"IN005150100","RAJKOT, IN","22.3","70.783","138.0","2012-02-05",,,"69","H,,S","83",",,S","59",",,S"
"IN005150100","RAJKOT, IN","22.3","70.783","138.0","2012-02-06",,,"67","H,,S","82",",,S","53",",,S"
"IN005150100","RAJKOT, IN","22.3","70.783","138.0","2012-02-07",,,"63","H,,S","77",",,S","50",",,S"
"IN005150100","RAJKOT, IN","22.3","70.783","138.0","2012-02-08",,,"59","H,,S","75",",,S","43",",,S"
"IN005150100","RAJKOT, IN","22.3","70.783","138.0","2012-02-09",,,"62","H,,S","77",",,S","45",",,S"
"IN005150100","RAJKOT, IN","22.3","70.783","138.0","2012-02-10",,,"65","H,,S","82",",,S","49",",,S"
"IN005150100","RAJKOT, IN","22.3","70.783","138.0","2012-02-11",,,"71","H,,S","89",",,S","51",",,S"
"IN005150100","RAJKOT, IN","22.3","70.783","138.0","2012-02-12",,,"71","H,,S","87",",,S","56",",,S"
"IN005150100","RAJKOT, IN","22.3","70.783","138.0","2012-02-13",,,"72","H,,S","85",",,S","62",",,S"
"IN005150100","RAJKOT, IN","22.3","70.783","138.0","2012-02-14",,,"71","H,,S","86",",,S","58",",,S"
"IN005150100","RAJKOT, IN","22.3","70.783","138.0","2012-02-15",,,"67","H,,S","81",",,S","54",",,S"
"IN005150100","RAJKOT, IN","22.3","70.783","138.0","2012-02-16",,,"67","H,,S","82",",,S","49",",,S"
"IN005150100","RAJKOT, IN","22.3","70.783","138.0","2012-02-17",,,"70","H,,S","86",",,S","53",",,S"
"IN005150100","RAJKOT, IN","22.3","70.783","138.0","2012-02-18",,,"75","H,,S","89",",,S","62",",,S"
"IN005150100","RAJKOT, IN","22.3","70.783","138.0","2012-02-19",,,"78","H,,S","96",",,S","60",",,S"
"IN005150100","RAJKOT, IN","22.3","70.783","138.0","2012-02-20",,,"79","H,,S","95",",,S","62",",,S"
"IN005150100","RAJKOT, IN","22.3","70.783","138.0","2012-02-21",,,"80","H,,S","96",",,S","63",",,S"
"IN005150100","RAJKOT, IN","22.3","70.783","138.0","2012-02-22",,,"74","H,,S","90",",,S","61",",,S"
"IN005150100","RAJKOT, IN","22.3","70.783","138.0","2012-02-23",,,"72","H,,S","88",",,S","59",",,S"
"IN005150100","RAJKOT, IN","22.3","70.783","138.0","2012-02-24",,,"70","H,,S","86",",,S","54",",,S"
"IN005150100","RAJKOT, IN","22.3","70.783","138.0","2012-02-25",,,"71","H,,S","88",",,S","54",",,S"
"IN005150100","RAJKOT, IN","22.3","70.783","138.0","2012-02-26",,,"75","H,,S","93",",,S","55",",,S"
"IN005150100","RAJKOT, IN","22.3","70.783","138.0","2012-02-27",,,"78","H,,S","96",",,S","61",",,S"
"IN005150100","RAJKOT, IN","22.3","70.783","138.0","2012-02-28",,,"75","H,,S","92",",,S","62",",,S"
"IN005150100","RAJKOT, IN","22.3","70.783","138.0","2012-02-29",,,"75","H,,S","90",",,S","63",",,S"
"IN005150100","RAJKOT, IN","22.3","70.783","138.0","2012-03-01",,,"74","H,,S","87",",,S","62",",,S"
"IN005150100","RAJKOT, IN","22.3","70.783","138.0","2012-03-02",,,"75","H,,S","88",",,S","65",",,S"
"IN005150100","RAJKOT, IN","22.3","70.783","138.0","2012-03-03",,,"78","H,,S","96",",,S","66",",,S"
"IN005150100","RAJKOT, IN","22.3","70.783","138.0","2012-03-04",,,"80","H,,S","96",",,S","65",",,S"
"IN005150100","RAJKOT, IN","22.3","70.783","138.0","2012-03-05",,,"78","H,,S","95",",,S","63",",,S"
"IN005150100","RAJKOT, IN","22.3","70.783","138.0","2012-03-06",,,"74","H,,S","86",",,S","66",",,S"
"IN005150100","RAJKOT, IN","22.3","70.783","138.0","2012-03-07",,,"75","H,,S","88",",,S","63",",,S"
"IN005150100","RAJKOT, IN","22.3","70.783","138.0","2012-03-08",,,"73","H,,S","87",",,S","63",",,S"
"IN005150100","RAJKOT, IN","22.3","70.783","138.0","2012-03-09",,,"74","H,,S","89",",,S","56",",,S"
"IN005150100","RAJKOT, IN","22.3","70.783","138.0","2012-03-10",,,"75","H,,S","90",",,S","56",",,S"
"IN005150100","RAJKOT, IN","22.3","70.783","138.0","2012-03-11",,,"75","H,,S","91",",,S","59",",,S"
"IN005150100","RAJKOT, IN","22.3","70.783","138.0","2012-03-12",,,"75","H,,S","89",",,S","60",",,S"
"IN005150100","RAJKOT, IN","22.3","70.783","138.0","2012-03-13",,,"78","H,,S","92",",,S","62",",,S"
"IN005150100","RAJKOT, IN","22.3","70.783","138.0","2012-03-14",,,"80","H,,S","95",",,S","63",",,S"
"IN005150100","RAJKOT, IN","22.3","70.783","138.0","2012-03-15",,,"81","H,,S","98",",,S","64",",,S"
"IN005150100","RAJKOT, IN","22.3","70.783","138.0","2012-03-16",,,"80","H,,S","99",",,S","67",",,S"
"IN005150100","RAJKOT, IN","22.3","70.783","138.0","2012-03-17",,,"81","H,,S","100",",,S","66",",,S"
"IN005150100","RAJKOT, IN","22.3","70.783","138.0","2012-03-18",,,"83","H,,S","101",",,S","67",",,S"
"IN005150100","RAJKOT, IN","22.3","70.783","138.0","2012-03-19",,,"84","H,,S","101",",,S","66",",,S"
"IN005150100","RAJKOT, IN","22.3","70.783","138.0","2012-03-20",,,"79","H,,S","96",",,S","67",",,S"
"IN005150100","RAJKOT, IN","22.3","70.783","138.0","2012-03-21",,,"78","H,,S","95",",,S","62",",,S"
"IN005150100","RAJKOT, IN","22.3","70.783","138.0","2012-03-22",,,"81","H,,S","99",",,S","62",",,S"
"IN005150100","RAJKOT, IN","22.3","70.783","138.0","2012-03-23",,,"84","H,,S","103",",,S","64",",,S"
"IN005150100","RAJKOT, IN","22.3","70.783","138.0","2012-03-24",,,"83","H,,S","103",",,S","65",",,S"
"IN005150100","RAJKOT, IN","22.3","70.783","138.0","2012-03-25",,,"84","H,,S","104",",,S","65",",,S"
"IN005150100","RAJKOT, IN","22.3","70.783","138.0","2012-03-26",,,"85","H,,S","102",",,S","69",",,S"
"IN005150100","RAJKOT, IN","22.3","70.783","138.0","2012-03-27",,,"86","H,,S","103",",,S","70",",,S"
"IN005150100","RAJKOT, IN","22.3","70.783","138.0","2012-03-28",,,"89","H,,S","105",",,S","72",",,S"
"IN005150100","RAJKOT, IN","22.3","70.783","138.0","2012-03-29",,,"89","H,,S","106",",,S","74",",,S"
"IN005150100","RAJKOT, IN","22.3","70.783","138.0","2012-03-30",,,"88","H,,S","105",",,S","74",",,S"
"IN005150100","RAJKOT, IN","22.3","70.783","138.0","2012-03-31",,,"88","H,,S","106",",,S","73",",,S"
"IN005150100","RAJKOT, IN","22.3","70.783","138.0","2012-04-01",,,"88","H,,S","106",",,S","72",",,S"
"IN005150100","RAJKOT, IN","22.3","70.783","138.0","2012-04-02",,,"89","H,,S","106",",,S","72",",,S"
"IN005150100","RAJKOT, IN","22.3","70.783","138.0","2012-04-03",,,"89","H,,S","106",",,S","73",",,S"
"IN005150100","RAJKOT, IN","22.3","70.783","138.0","2012-04-04",,,"89","H,,S","108",",,S",,
"IN005150100","RAJKOT, IN","22.3","70.783","138.0","2012-04-05",,,"89","H,,S","107",",,S","73",",,S"
"IN005150100","RAJKOT, IN","22.3","70.783","138.0","2012-04-06",,,"88","H,,S","107",",,S","75",",,S"
"IN005150100","RAJKOT, IN","22.3","70.783","138.0","2012-04-07",,,"88","H,,S","106",",,S","74",",,S"
"IN005150100","RAJKOT, IN","22.3","70.783","138.0","2012-04-08",,,"88","H,,S","106",",,S","75",",,S"
"IN005150100","RAJKOT, IN","22.3","70.783","138.0","2012-04-09",,,"89","H,,S","107",",,S","73",",,S"
"IN005150100","RAJKOT, IN","22.3","70.783","138.0","2012-04-10",,,"89","H,,S","107",",,S","73",",,S"
"IN005150100","RAJKOT, IN","22.3","70.783","138.0","2012-04-11",,,"89","H,,S","106",",,S","76",",,S"
"IN005150100","RAJKOT, IN","22.3","70.783","138.0","2012-04-12",,,"87","H,,S","104",",,S","73",",,S"
"IN005150100","RAJKOT, IN","22.3","70.783","138.0","2012-04-13",,,"87","H,,S","103",",,S","73",",,S"
"IN005150100","RAJKOT, IN","22.3","70.783","138.0","2012-04-14",,,"85","H,,S","101",",,S","75",",,S"
"IN005150100","RAJKOT, IN","22.3","70.783","138.0","2012-04-15",,,"89","H,,S","105",",,S","75",",,S"
"IN005150100","RAJKOT, IN","22.3","70.783","138.0","2012-04-16",,,"89","H,,S","104",",,S","77",",,S"
"IN005150100","RAJKOT, IN","22.3","70.783","138.0","2012-04-17",,,"88","H,,S","104",",,S","75",",,S"
"IN005150100","RAJKOT, IN","22.3","70.783","138.0","2012-04-18",,,"85","H,,S",,,"76",",,S"
"IN005150100","RAJKOT, IN","22.3","70.783","138.0","2012-04-19",,,"87","H,,S","100",",,S","77",",,S"
"IN005150100","RAJKOT, IN","22.3","70.783","138.0","2012-04-20","0.01",",,S","84","H,,S",,,"72",",,S"
"IN005150100","RAJKOT, IN","22.3","70.783","138.0","2012-04-21","0.00",",,S","86","H,,S","101",",,S","76",",,S"
"IN005150100","RAJKOT, IN","22.3","70.783","138.0","2012-04-22",,,"85","H,,S","99",",,S","73",",,S"
"IN005150100","RAJKOT, IN","22.3","70.783","138.0","2012-04-23",,,"85","H,,S","98",",,S","74",",,S"
"IN005150100","RAJKOT, IN","22.3","70.783","138.0","2012-04-24",,,"86","H,,S","99",",,S","74",",,S"
"IN005150100","RAJKOT, IN","22.3","70.783","138.0","2012-04-25",,,"87","H,,S","102",",,S","75",",,S"
"IN005150100","RAJKOT, IN","22.3","70.783","138.0","2012-04-26",,,"87","H,,S","103",",,S","74",",,S"
"IN005150100","RAJKOT, IN","22.3","70.783","138.0","2012-04-27",,,"89","H,,S","104",",,S","75",",,S"
"IN005150100","RAJKOT, IN","22.3","70.783","138.0","2012-04-28",,,"88","H,,S","105",",,S","76",",,S"
"IN005150100","RAJKOT, IN","22.3","70.783","138.0","2012-04-29",,,"89","H,,S","107",",,S","75",",,S"
"IN005150100","RAJKOT, IN","22.3","70.783","138.0","2012-04-30",,,"89","H,,S","108",",,S","76",",,S"
"IN005150100","RAJKOT, IN","22.3","70.783","138.0","2012-05-01",,,"92","H,,S","108",",,S","77",",,S"
"IN005150100","RAJKOT, IN","22.3","70.783","138.0","2012-05-02",,,"92","H,,S","108",",,S","77",",,S"
"IN005150100","RAJKOT, IN","22.3","70.783","138.0","2012-05-03",,,"91","H,,S","108",",,S","77",",,S"
"IN005150100","RAJKOT, IN","22.3","70.783","138.0","2012-05-04",,,"90","H,,S","107",",,S","78",",,S"
"IN005150100","RAJKOT, IN","22.3","70.783","138.0","2012-05-05",,,"89","H,,S","105",",,S","78",",,S"
"IN005150100","RAJKOT, IN","22.3","70.783","138.0","2012-05-06",,,"88","H,,S","102",",,S","78",",,S"
"IN005150100","RAJKOT, IN","22.3","70.783","138.0","2012-05-07",,,"88","H,,S","103",",,S","78",",,S"
"IN005150100","RAJKOT, IN","22.3","70.783","138.0","2012-05-08",,,"88","H,,S","104",",,S","77",",,S"
"IN005150100","RAJKOT, IN","22.3","70.783","138.0","2012-05-09",,,"89","H,,S","106",",,S","77",",,S"
"IN005150100","RAJKOT, IN","22.3","70.783","138.0","2012-05-10",,,"88","H,,S","105",",,S","77",",,S"
"IN005150100","RAJKOT, IN","22.3","70.783","138.0","2012-05-11",,,"88","H,,S","106",",,S","78",",,S"
"IN005150100","RAJKOT, IN","22.3","70.783","138.0","2012-05-12",,,"88","H,,S","103",",,S","77",",,S"
"IN005150100","RAJKOT, IN","22.3","70.783","138.0","2012-05-13",,,"89","H,,S","104",",,S","80",",,S"
"IN005150100","RAJKOT, IN","22.3","70.783","138.0","2012-05-14",,,"89","H,,S","105",",,S","79",",,S"
"IN005150100","RAJKOT, IN","22.3","70.783","138.0","2012-05-15",,,"90","H,,S","106",",,S","78",",,S"
"IN005150100","RAJKOT, IN","22.3","70.783","138.0","2012-05-16",,,"91","H,,S","109",",,S","77",",,S"
"IN005150100","RAJKOT, IN","22.3","70.783","138.0","2012-05-17",,,"90","H,,S","107",",,S","78",",,S"
"IN005150100","RAJKOT, IN","22.3","70.783","138.0","2012-05-18",,,"88","H,,S","106",",,S","77",",,S"
"IN005150100","RAJKOT, IN","22.3","70.783","138.0","2012-05-19",,,"88","H,,S","104",",,S","77",",,S"
"IN005150100","RAJKOT, IN","22.3","70.783","138.0","2012-05-20",,,"88","H,,S","105",",,S","78",",,S"
"IN005150100","RAJKOT, IN","22.3","70.783","138.0","2012-05-21",,,"90","H,,S","106",",,S","78",",,S"
"IN005150100","RAJKOT, IN","22.3","70.783","138.0","2012-05-22",,,"91","H,,S","108",",,S","80",",,S"
"IN005150100","RAJKOT, IN","22.3","70.783","138.0","2012-05-23",,,"91","H,,S","108",",,S","79",",,S"
"IN005150100","RAJKOT, IN","22.3","70.783","138.0","2012-05-24",,,"90","H,,S","107",",,S","79",",,S"
"IN005150100","RAJKOT, IN","22.3","70.783","138.0","2012-05-25",,,"91","H,,S","105",",,S","78",",,S"
"IN005150100","RAJKOT, IN","22.3","70.783","138.0","2012-05-26",,,"89","H,,S","105",",,S","78",",,S"
"IN005150100","RAJKOT, IN","22.3","70.783","138.0","2012-05-27",,,"90","H,,S","105",",,S","79",",,S"
"IN005150100","RAJKOT, IN","22.3","70.783","138.0","2012-05-28",,,"88","H,,S","107",",,S","78",",,S"
"IN005150100","RAJKOT, IN","22.3","70.783","138.0","2012-05-29",,,"90","H,,S","107",",,S","78",",,S"
"IN005150100","RAJKOT, IN","22.3","70.783","138.0","2012-05-30",,,"90","H,,S","106",",,S","79",",,S"
"IN005150100","RAJKOT, IN","22.3","70.783","138.0","2012-05-31",,,"90","H,,S","107",",,S","79",",,S"
"IN005150100","RAJKOT, IN","22.3","70.783","138.0","2012-06-01",,,"90","H,,S","104",",,S","80",",,S"
"IN005150100","RAJKOT, IN","22.3","70.783","138.0","2012-06-02",,,"89","H,,S","103",",,S","81",",,S"
"IN005150100","RAJKOT, IN","22.3","70.783","138.0","2012-06-03",,,"90","H,,S","103",",,S","81",",,S"
"IN005150100","RAJKOT, IN","22.3","70.783","138.0","2012-06-04",,,"91","H,,S","102",",,S","81",",,S"
"IN005150100","RAJKOT, IN","22.3","70.783","138.0","2012-06-05",,,"91","H,,S","104",",,S","81",",,S"
"IN005150100","RAJKOT, IN","22.3","70.783","138.0","2012-06-06",,,"90","H,,S","103",",,S","81",",,S"
"IN005150100","RAJKOT, IN","22.3","70.783","138.0","2012-06-07",,,"89","H,,S","102",",,S","81",",,S"
"IN005150100","RAJKOT, IN","22.3","70.783","138.0","2012-06-08",,,"87","H,,S","103",",,S","81",",,S"
"IN005150100","RAJKOT, IN","22.3","70.783","138.0","2012-06-09",,,"87","H,,S","101",",,S","79",",,S"
"IN005150100","RAJKOT, IN","22.3","70.783","138.0","2012-06-10",,,"89","H,,S","100",",,S","79",",,S"
"IN005150100","RAJKOT, IN","22.3","70.783","138.0","2012-06-11",,,"90","H,,S","104",",,S","80",",,S"
"IN005150100","RAJKOT, IN","22.3","70.783","138.0","2012-06-12",,,"89","H,,S","104",",,S",,
"IN005150100","RAJKOT, IN","22.3","70.783","138.0","2012-06-13",,,"84","H,,S","101",",,S",,
"IN005150100","RAJKOT, IN","22.3","70.783","138.0","2012-06-14",,,"88","H,,S",,,"78",",,S"
"IN005150100","RAJKOT, IN","22.3","70.783","138.0","2012-06-15",,,"88","H,,S","99",",,S",,
"IN005150100","RAJKOT, IN","22.3","70.783","138.0","2012-06-16","0.03",",,S","87","H,,S","95",",,S","80",",,S"
"IN005150100","RAJKOT, IN","22.3","70.783","138.0","2012-06-17","0.75",",,S","88","H,,S","100",",,S","80",",,S"
"IN005150100","RAJKOT, IN","22.3","70.783","138.0","2012-06-18","0.00",",,S","91","H,,S","103",",,S","81",",,S"
"IN005150100","RAJKOT, IN","22.3","70.783","138.0","2012-06-19",,,"90","H,,S","101",",,S","81",",,S"
"IN005150100","RAJKOT, IN","22.3","70.783","138.0","2012-06-20",,,"88","H,,S","100",",,S","81",",,S"
"IN005150100","RAJKOT, IN","22.3","70.783","138.0","2012-06-21",,,"89","H,,S","100",",,S","80",",,S"
"IN005150100","RAJKOT, IN","22.3","70.783","138.0","2012-06-22",,,"88","H,,S","98",",,S","81",",,S"
"IN005150100","RAJKOT, IN","22.3","70.783","138.0","2012-06-23",,,"89","H,,S","100",",,S","80",",,S"
"IN005150100","RAJKOT, IN","22.3","70.783","138.0","2012-06-24",,,"89","H,,S","101",",,S","81",",,S"
"IN005150100","RAJKOT, IN","22.3","70.783","138.0","2012-06-25",,,"89","H,,S","99",",,S","81",",,S"
"IN005150100","RAJKOT, IN","22.3","70.783","138.0","2012-06-26",,,"89","H,,S","98",",,S","81",",,S"
"IN005150100","RAJKOT, IN","22.3","70.783","138.0","2012-06-27",,,"89","H,,S","100",",,S","80",",,S"
"IN005150100","RAJKOT, IN","22.3","70.783","138.0","2012-06-28",,,"90","H,,S","101",",,S","81",",,S"
"IN005150100","RAJKOT, IN","22.3","70.783","138.0","2012-06-29",,,"89","H,,S","102",",,S","80",",,S"
"IN005150100","RAJKOT, IN","22.3","70.783","138.0","2012-06-30",,,"88","H,,S","102",",,S","80",",,S"
"IN005150100","RAJKOT, IN","22.3","70.783","138.0","2012-07-01",,,"85","H,,S","102",",,S",,
"IN005150100","RAJKOT, IN","22.3","70.783","138.0","2012-07-02",,,"86","H,,S","94",",,S","75",",,S"
"IN005150100","RAJKOT, IN","22.3","70.783","138.0","2012-07-03",,,"88","H,,S","96",",,S","80",",,S"
"IN005150100","RAJKOT, IN","22.3","70.783","138.0","2012-07-04","0.39",",,S","84","H,,S","93",",,S","74",",,S"
"IN005150100","RAJKOT, IN","22.3","70.783","138.0","2012-07-05","0.00",",,S","86","H,,S","95",",,S","79",",,S"
"IN005150100","RAJKOT, IN","22.3","70.783","138.0","2012-07-06",,,"86","H,,S","96",",,S","79",",,S"
"IN005150100","RAJKOT, IN","22.3","70.783","138.0","2012-07-07",,,"83","H,,S","90",",,S",,
"IN005150100","RAJKOT, IN","22.3","70.783","138.0","2012-07-08","0.02",",,S","86","H,,S","94",",,S","79",",,S"
"IN005150100","RAJKOT, IN","22.3","70.783","138.0","2012-07-09","0.00",",,S","88","H,,S","98",",,S","79",",,S"
"IN005150100","RAJKOT, IN","22.3","70.783","138.0","2012-07-10",,,"86","H,,S","93",",,S","80",",,S"
"IN005150100","RAJKOT, IN","22.3","70.783","138.0","2012-07-11","0.04",",,S","82","H,,S",,,"80",",,S"
"IN005150100","RAJKOT, IN","22.3","70.783","138.0","2012-07-12","0.01",",,S","84","H,,S","94",",,S","78",",,S"
"IN005150100","RAJKOT, IN","22.3","70.783","138.0","2012-07-13","0.12",",,S","84","H,,S","91",",,S","78",",,S"
"IN005150100","RAJKOT, IN","22.3","70.783","138.0","2012-07-14","0.08",",,S","83","H,,S","92",",,S","78",",,S"
"IN005150100","RAJKOT, IN","22.3","70.783","138.0","2012-07-15","0.04",",,S","85","H,,S","91",",,S","76",",,S"
"IN005150100","RAJKOT, IN","22.3","70.783","138.0","2012-07-16","0.00",",,S","84","H,,S","92",",,S","77",",,S"
"IN005150100","RAJKOT, IN","22.3","70.783","138.0","2012-07-17","0.24",",,S","85","H,,S","93",",,S","78",",,S"
"IN005150100","RAJKOT, IN","22.3","70.783","138.0","2012-07-18","0.00",",,S","85","H,,S","95",",,S","78",",,S"
"IN005150100","RAJKOT, IN","22.3","70.783","138.0","2012-07-19",,,"85","H,,S","93",",,S",,
"IN005150100","RAJKOT, IN","22.3","70.783","138.0","2012-07-20",,,"87","H,,S","96",",,S","80",",,S"
"IN005150100","RAJKOT, IN","22.3","70.783","138.0","2012-07-21",,,"88","H,,S","100",",,S","80",",,S"
"IN005150100","RAJKOT, IN","22.3","70.783","138.0","2012-07-22",,,"87","H,,S","96",",,S","79",",,S"
"IN005150100","RAJKOT, IN","22.3","70.783","138.0","2012-07-23",,,"84","H,,S","90",",,S","80",",,S"
"IN005150100","RAJKOT, IN","22.3","70.783","138.0","2012-07-24",,,"84","H,,S","90",",,S","79",",,S"
"IN005150100","RAJKOT, IN","22.3","70.783","138.0","2012-07-25","0.02",",,S","85","H,,S","93",",,S","78",",,S"
"IN005150100","RAJKOT, IN","22.3","70.783","138.0","2012-07-26","0.00",",,S","86","H,,S","95",",,S","80",",,S"
"IN005150100","RAJKOT, IN","22.3","70.783","138.0","2012-07-27",,,"86","H,,S","96",",,S","80",",,S"
"IN005150100","RAJKOT, IN","22.3","70.783","138.0","2012-07-28",,,"86","H,,S","95",",,S","80",",,S"
"IN005150100","RAJKOT, IN","22.3","70.783","138.0","2012-07-29",,,"85","H,,S","91",",,S","79",",,S"
"IN005150100","RAJKOT, IN","22.3","70.783","138.0","2012-07-30",,,"83","H,,S","87",",,S","79",",,S"
"IN005150100","RAJKOT, IN","22.3","70.783","138.0","2012-07-31",,,"82","H,,S","85",",,S","79",",,S"
"IN005150100","RAJKOT, IN","22.3","70.783","138.0","2012-08-01",,,"85","H,,S","93",",,S","79",",,S"
"IN005150100","RAJKOT, IN","22.3","70.783","138.0","2012-08-02",,,"83","H,,S","90",",,S","79",",,S"
"IN005150100","RAJKOT, IN","22.3","70.783","138.0","2012-08-03",,,"84","H,,S","91",",,S","78",",,S"
"IN005150100","RAJKOT, IN","22.3","70.783","138.0","2012-08-04","0.01",",,S","84","H,,S","89",",,S","78",",,S"
"IN005150100","RAJKOT, IN","22.3","70.783","138.0","2012-08-05","0.00",",,S","85","H,,S","93",",,S","79",",,S"
"IN005150100","RAJKOT, IN","22.3","70.783","138.0","2012-08-06",,,"85","H,,S","96",",,S","78",",,S"
"IN005150100","RAJKOT, IN","22.3","70.783","138.0","2012-08-07",,,"85","H,,S","95",",,S","78",",,S"
"IN005150100","RAJKOT, IN","22.3","70.783","138.0","2012-08-08",,,"83","H,,S","90",",,S","78",",,S"
"IN005150100","RAJKOT, IN","22.3","70.783","138.0","2012-08-09",,,"85","H,,S","93",",,S","78",",,S"
"IN005150100","RAJKOT, IN","22.3","70.783","138.0","2012-08-10",,,"85","H,,S","94",",,S","77",",,S"
"IN005150100","RAJKOT, IN","22.3","70.783","138.0","2012-08-11",,,"86","H,,S","96",",,S","76",",,S"
"IN005150100","RAJKOT, IN","22.3","70.783","138.0","2012-08-12",,,"80","H,,S","86",",,S","78",",,S"
"IN005150100","RAJKOT, IN","22.3","70.783","138.0","2012-08-13",,,"83","H,,S","90",",,S","76",",,S"
"IN005150100","RAJKOT, IN","22.3","70.783","138.0","2012-08-14",,,"85","H,,S","94",",,S","77",",,S"
"IN005150100","RAJKOT, IN","22.3","70.783","138.0","2012-08-15",,,"85","H,,S","94",",,S","76",",,S"
"IN005150100","RAJKOT, IN","22.3","70.783","138.0","2012-08-16",,,"85","H,,S","95",",,S","77",",,S"
"IN005150100","RAJKOT, IN","22.3","70.783","138.0","2012-08-17",,,"84","H,,S","94",",,S","76",",,S"
"IN005150100","RAJKOT, IN","22.3","70.783","138.0","2012-08-18",,,"83","H,,S","89",",,S","78",",,S"
"IN005150100","RAJKOT, IN","22.3","70.783","138.0","2012-08-19",,,"84","H,,S","93",",,S","76",",,S"
"IN005150100","RAJKOT, IN","22.3","70.783","138.0","2012-08-20",,,"84","H,,S","92",",,S","76",",,S"
"IN005150100","RAJKOT, IN","22.3","70.783","138.0","2012-08-21",,,"83","H,,S","91",",,S","76",",,S"
"IN005150100","RAJKOT, IN","22.3","70.783","138.0","2012-08-22",,,"82","H,,S","88",",,S","77",",,S"
"IN005150100","RAJKOT, IN","22.3","70.783","138.0","2012-08-23",,,"81","H,,S","90",",,S","77",",,S"
"IN005150100","RAJKOT, IN","22.3","70.783","138.0","2012-08-24",,,"83","H,,S","91",",,S","75",",,S"
"IN005150100","RAJKOT, IN","22.3","70.783","138.0","2012-08-25",,,"80","H,,S","87",",,S","76",",,S"
"IN005150100","RAJKOT, IN","22.3","70.783","138.0","2012-08-26",,,"80","H,,S","85",",,S","75",",,S"
"IN005150100","RAJKOT, IN","22.3","70.783","138.0","2012-08-27","0.08",",,S","81","H,,S","91",",,S","74",",,S"
"IN005150100","RAJKOT, IN","22.3","70.783","138.0","2012-08-28","0.00",",,S","83","H,,S","91",",,S","76",",,S"
"IN005150100","RAJKOT, IN","22.3","70.783","138.0","2012-08-29",,,"85","H,,S","96",",,S","77",",,S"
"IN005150100","RAJKOT, IN","22.3","70.783","138.0","2012-08-30","0.16",",,S","84","H,,S","94",",,S","78",",,S"
"IN005150100","RAJKOT, IN","22.3","70.783","138.0","2012-08-31","0.00",",,S","82","H,,S","97",",,S",,
"IN005150100","RAJKOT, IN","22.3","70.783","138.0","2012-09-01","0.91",",,S","82","H,,S","93",",,S","76",",,S"
"IN005150100","RAJKOT, IN","22.3","70.783","138.0","2012-09-02","0.55",",,S","85","H,,S","92",",,S","78",",,S"
"IN005150100","RAJKOT, IN","22.3","70.783","138.0","2012-09-03","0.00",",,S","83","H,,S","92",",,S",,
"IN005150100","RAJKOT, IN","22.3","70.783","138.0","2012-09-04","2.40",",,S","78","H,,S","87",",,S","72",",,S"
"IN005150100","RAJKOT, IN","22.3","70.783","138.0","2012-09-05","0.28",",,S","80","H,,S","89",",,S","74",",,S"
"IN005150100","RAJKOT, IN","22.3","70.783","138.0","2012-09-06","1.38",",,S","81","H,,S","88",",,S","76",",,S"
"IN005150100","RAJKOT, IN","22.3","70.783","138.0","2012-09-07","0.01",",,S","82","H,,S","91",",,S","78",",,S"
"IN005150100","RAJKOT, IN","22.3","70.783","138.0","2012-09-08","0.79",",,S","82","H,,S","89",",,S","77",",,S"
"IN005150100","RAJKOT, IN","22.3","70.783","138.0","2012-09-09","0.08",",,S","81","H,,S",,,"78",",,S"
"IN005150100","RAJKOT, IN","22.3","70.783","138.0","2012-09-10","0.43",",,S","80","H,,S","88",",,S","76",",,S"
"IN005150100","RAJKOT, IN","22.3","70.783","138.0","2012-09-11","0.59",",,S","80","H,,S","89",",,S","76",",,S"
"IN005150100","RAJKOT, IN","22.3","70.783","138.0","2012-09-12","0.04",",,S","80","H,,S","85",",,S","75",",,S"
"IN005150100","RAJKOT, IN","22.3","70.783","138.0","2012-09-13","0.02",",,S","82","H,,S","90",",,S","75",",,S"
"IN005150100","RAJKOT, IN","22.3","70.783","138.0","2012-09-14","0.04",",,S","78","H,,S","85",",,S","76",",,S"
"IN005150100","RAJKOT, IN","22.3","70.783","138.0","2012-09-15","2.36",",,S","82","H,,S","90",",,S","75",",,S"
"IN005150100","RAJKOT, IN","22.3","70.783","138.0","2012-09-16","0.00",",,S","83","H,,S","93",",,S","75",",,S"
"IN005150100","RAJKOT, IN","22.3","70.783","138.0","2012-09-17",,,"83","H,,S","92",",,S","75",",,S"
"IN005150100","RAJKOT, IN","22.3","70.783","138.0","2012-09-18",,,"83","H,,S","93",",,S","74",",,S"
"IN005150100","RAJKOT, IN","22.3","70.783","138.0","2012-09-19",,,"83","H,,S","94",",,S","75",",,S"
"IN005150100","RAJKOT, IN","22.3","70.783","138.0","2012-09-20",,,"82","H,,S","93",",,S","76",",,S"
"IN005150100","RAJKOT, IN","22.3","70.783","138.0","2012-09-21",,,"83","H,,S","94",",,S","76",",,S"
"IN005150100","RAJKOT, IN","22.3","70.783","138.0","2012-09-22",,,"83","H,,S","93",",,S","77",",,S"
"IN005150100","RAJKOT, IN","22.3","70.783","138.0","2012-09-23",,,"83","H,,S","92",",,S","75",",,S"
"IN005150100","RAJKOT, IN","22.3","70.783","138.0","2012-09-24",,,"82","H,,S","94",",,S","75",",,S"
"IN005150100","RAJKOT, IN","22.3","70.783","138.0","2012-09-25",,,"81","H,,S","94",",,S","73",",,S"
"IN005150100","RAJKOT, IN","22.3","70.783","138.0","2012-09-26",,,"83","H,,S","95",",,S","73",",,S"
"IN005150100","RAJKOT, IN","22.3","70.783","138.0","2012-09-27",,,"83","H,,S","94",",,S","73",",,S"
"IN005150100","RAJKOT, IN","22.3","70.783","138.0","2012-09-28",,,"83","H,,S","95",",,S","75",",,S"
"IN005150100","RAJKOT, IN","22.3","70.783","138.0","2012-09-29",,,"85","H,,S","96",",,S","75",",,S"
"IN005150100","RAJKOT, IN","22.3","70.783","138.0","2012-09-30",,,"87","H,,S","99",",,S","75",",,S"
"IN005150100","RAJKOT, IN","22.3","70.783","138.0","2012-10-01",,,"89","H,,S","99",",,S","78",",,S"
"IN005150100","RAJKOT, IN","22.3","70.783","138.0","2012-10-02",,,"89","H,,S","101",",,S","78",",,S"
"IN005150100","RAJKOT, IN","22.3","70.783","138.0","2012-10-03",,,"88","H,,S","99",",,S","78",",,S"
"IN005150100","RAJKOT, IN","22.3","70.783","138.0","2012-10-04",,,"86","H,,S","98",",,S","76",",,S"
"IN005150100","RAJKOT, IN","22.3","70.783","138.0","2012-10-05",,,"85","H,,S","97",",,S","75",",,S"
"IN005150100","RAJKOT, IN","22.3","70.783","138.0","2012-10-06",,,"84","H,,S","96",",,S","74",",,S"
"IN005150100","RAJKOT, IN","22.3","70.783","138.0","2012-10-07",,,"85","H,,S","94",",,S","74",",,S"
"IN005150100","RAJKOT, IN","22.3","70.783","138.0","2012-10-08",,,"85","H,,S","97",",,S","74",",,S"
"IN005150100","RAJKOT, IN","22.3","70.783","138.0","2012-10-09",,,"86","H,,S","99",",,S","73",",,S"
"IN005150100","RAJKOT, IN","22.3","70.783","138.0","2012-10-10",,,"85","H,,S","100",",,S","74",",,S"
"IN005150100","RAJKOT, IN","22.3","70.783","138.0","2012-10-11",,,"86","H,,S","99",",,S","70",",,S"
"IN005150100","RAJKOT, IN","22.3","70.783","138.0","2012-10-12",,,"85","H,,S","99",",,S","73",",,S"
"IN005150100","RAJKOT, IN","22.3","70.783","138.0","2012-10-13",,,"85","H,,S","98",",,S","76",",,S"
"IN005150100","RAJKOT, IN","22.3","70.783","138.0","2012-10-14",,,"85","H,,S","99",",,S","72",",,S"
"IN005150100","RAJKOT, IN","22.3","70.783","138.0","2012-10-15",,,"83","H,,S","99",",,S","72",",,S"
"IN005150100","RAJKOT, IN","22.3","70.783","138.0","2012-10-16",,,"83","H,,S","97",",,S","71",",,S"
"IN005150100","RAJKOT, IN","22.3","70.783","138.0","2012-10-17",,,"83","H,,S","98",",,S","71",",,S"
"IN005150100","RAJKOT, IN","22.3","70.783","138.0","2012-10-18",,,"84","H,,S","98",",,S","76",",,S"
"IN005150100","RAJKOT, IN","22.3","70.783","138.0","2012-10-19",,,"86","H,,S","98",",,S",,
"IN005150100","RAJKOT, IN","22.3","70.783","138.0","2012-10-20",,,"86","H,,S","100",",,S","74",",,S"
"IN005150100","RAJKOT, IN","22.3","70.783","138.0","2012-10-21",,,"86","H,,S","99",",,S","73",",,S"
"IN005150100","RAJKOT, IN","22.3","70.783","138.0","2012-10-22",,,"86","H,,S","98",",,S","73",",,S"
"IN005150100","RAJKOT, IN","22.3","70.783","138.0","2012-10-23",,,"86","H,,S","98",",,S","73",",,S"
"IN005150100","RAJKOT, IN","22.3","70.783","138.0","2012-10-24",,,"85","H,,S","99",",,S","71",",,S"
"IN005150100","RAJKOT, IN","22.3","70.783","138.0","2012-10-25",,,"83","H,,S","97",",,S","69",",,S"
"IN005150100","RAJKOT, IN","22.3","70.783","138.0","2012-10-26",,,"82","H,,S","97",",,S","67",",,S"
"IN005150100","RAJKOT, IN","22.3","70.783","138.0","2012-10-27",,,"83","H,,S","96",",,S","71",",,S"
"IN005150100","RAJKOT, IN","22.3","70.783","138.0","2012-10-28",,,"84","H,,S","97",",,S","71",",,S"
"IN005150100","RAJKOT, IN","22.3","70.783","138.0","2012-10-29",,,"85","H,,S","97",",,S","73",",,S"
"IN005150100","RAJKOT, IN","22.3","70.783","138.0","2012-10-30",,,"83","H,,S","96",",,S","66",",,S"
"IN005150100","RAJKOT, IN","22.3","70.783","138.0","2012-10-31",,,"81","H,,S","94",",,S","67",",,S"
"IN005150100","RAJKOT, IN","22.3","70.783","138.0","2012-11-01",,,"80","H,,S","91",",,S","67",",,S"
"IN005150100","RAJKOT, IN","22.3","70.783","138.0","2012-11-02",,,"80","H,,S","94",",,S","66",",,S"
"IN005150100","RAJKOT, IN","22.3","70.783","138.0","2012-11-03",,,"79","H,,S","94",",,S","64",",,S"
"IN005150100","RAJKOT, IN","22.3","70.783","138.0","2012-11-04",,,"78","H,,S","94",",,S","65",",,S"
"IN005150100","RAJKOT, IN","22.3","70.783","138.0","2012-11-05",,,"79","H,,S","92",",,S","63",",,S"
"IN005150100","RAJKOT, IN","22.3","70.783","138.0","2012-11-06",,,"78","H,,S","92",",,S","62",",,S"
"IN005150100","RAJKOT, IN","22.3","70.783","138.0","2012-11-07",,,"76","H,,S","92",",,S","63",",,S"
"IN005150100","RAJKOT, IN","22.3","70.783","138.0","2012-11-08",,,"80","H,,S","92",",,S","64",",,S"
"IN005150100","RAJKOT, IN","22.3","70.783","138.0","2012-11-09",,,"77","H,,S","93",",,S","68",",,S"
"IN005150100","RAJKOT, IN","22.3","70.783","138.0","2012-11-10",,,"80","H,,S","93",",,S","69",",,S"
"IN005150100","RAJKOT, IN","22.3","70.783","138.0","2012-11-11",,,"80","H,,S","94",",,S","68",",,S"
"IN005150100","RAJKOT, IN","22.3","70.783","138.0","2012-11-12",,,"80","H,,S","93",",,S",,
"IN005150100","RAJKOT, IN","22.3","70.783","138.0","2012-11-13",,,"80","H,,S","94",",,S","65",",,S"
"IN005150100","RAJKOT, IN","22.3","70.783","138.0","2012-11-14",,,"80","H,,S","94",",,S","63",",,S"
"IN005150100","RAJKOT, IN","22.3","70.783","138.0","2012-11-15",,,"80","H,,S","94",",,S","65",",,S"
"IN005150100","RAJKOT, IN","22.3","70.783","138.0","2012-11-16",,,"80","H,,S","93",",,S","66",",,S"
"IN005150100","RAJKOT, IN","22.3","70.783","138.0","2012-11-17",,,"78","H,,S","92",",,S","62",",,S"
"IN005150100","RAJKOT, IN","22.3","70.783","138.0","2012-11-18",,,"78","H,,S","92",",,S","64",",,S"
"IN005150100","RAJKOT, IN","22.3","70.783","138.0","2012-11-19",,,"78","H,,S","93",",,S","61",",,S"
"IN005150100","RAJKOT, IN","22.3","70.783","138.0","2012-11-20",,,"78","H,,S","91",",,S","63",",,S"
"IN005150100","RAJKOT, IN","22.3","70.783","138.0","2012-11-21",,,"76","H,,S","90",",,S","62",",,S"
"IN005150100","RAJKOT, IN","22.3","70.783","138.0","2012-11-22",,,"75","H,,S","89",",,S","60",",,S"
"IN005150100","RAJKOT, IN","22.3","70.783","138.0","2012-11-23",,,"74","H,,S","89",",,S","62",",,S"
"IN005150100","RAJKOT, IN","22.3","70.783","138.0","2012-11-24",,,"74","H,,S","90",",,S",,
"IN005150100","RAJKOT, IN","22.3","70.783","138.0","2012-11-25",,,"76","H,,S","91",",,S","63",",,S"
"IN005150100","RAJKOT, IN","22.3","70.783","138.0","2012-11-26",,,"75","H,,S","91",",,S","60",",,S"
"IN005150100","RAJKOT, IN","22.3","70.783","138.0","2012-11-27",,,"76","H,,S","93",",,S","60",",,S"
"IN005150100","RAJKOT, IN","22.3","70.783","138.0","2012-11-28",,,"75","H,,S","91",",,S","59",",,S"
"IN005150100","RAJKOT, IN","22.3","70.783","138.0","2012-11-29",,,"76","H,,S","89",",,S","59",",,S"
"IN005150100","RAJKOT, IN","22.3","70.783","138.0","2012-11-30",,,"72","H,,S","88",",,S","61",",,S"
"IN005150100","RAJKOT, IN","22.3","70.783","138.0","2012-12-01",,,"70","H,,S","86",",,S","55",",,S"
"IN005150100","RAJKOT, IN","22.3","70.783","138.0","2012-12-02",,,"71","H,,S","88",",,S","56",",,S"
"IN005150100","RAJKOT, IN","22.3","70.783","138.0","2012-12-03",,,"74","H,,S","90",",,S","58",",,S"
"IN005150100","RAJKOT, IN","22.3","70.783","138.0","2012-12-04",,,"79","H,,S","91",",,S","66",",,S"
"IN005150100","RAJKOT, IN","22.3","70.783","138.0","2012-12-05",,,"78","H,,S","91",",,S","67",",,S"
"IN005150100","RAJKOT, IN","22.3","70.783","138.0","2012-12-06",,,"78","H,,S","92",",,S","65",",,S"
"IN005150100","RAJKOT, IN","22.3","70.783","138.0","2012-12-07",,,"79","H,,S","95",",,S","64",",,S"
"IN005150100","RAJKOT, IN","22.3","70.783","138.0","2012-12-08",,,"78","H,,S","91",",,S","65",",,S"
"IN005150100","RAJKOT, IN","22.3","70.783","138.0","2012-12-09",,,"77","H,,S","89",",,S",,
"IN005150100","RAJKOT, IN","22.3","70.783","138.0","2012-12-10",,,"75","H,,S","87",",,S","66",",,S"
"IN005150100","RAJKOT, IN","22.3","70.783","138.0","2012-12-11",,,"74","H,,S","87",",,S","64",",,S"
"IN005150100","RAJKOT, IN","22.3","70.783","138.0","2012-12-12",,,"75","H,,S","88",",,S","64",",,S"
"IN005150100","RAJKOT, IN","22.3","70.783","138.0","2012-12-13",,,"75","H,,S","88",",,S","63",",,S"
"IN005150100","RAJKOT, IN","22.3","70.783","138.0","2012-12-14",,,"76","H,,S","88",",,S","67",",,S"
"IN005150100","RAJKOT, IN","22.3","70.783","138.0","2012-12-15",,,"74","H,,S","87",",,S","66",",,S"
"IN005150100","RAJKOT, IN","22.3","70.783","138.0","2012-12-16",,,"73","H,,S","88",",,S","59",",,S"
"IN005150100","RAJKOT, IN","22.3","70.783","138.0","2012-12-17",,,"72","H,,S",,,"61",",,S"
"IN005150100","RAJKOT, IN","22.3","70.783","138.0","2012-12-18",,,"75","H,,S","90",",,S","62",",,S"
"IN005150100","RAJKOT, IN","22.3","70.783","138.0","2012-12-19",,,"72","H,,S","88",",,S","60",",,S"
"IN005150100","RAJKOT, IN","22.3","70.783","138.0","2012-12-20",,,"73","H,,S","87",",,S","58",",,S"
"IN005150100","RAJKOT, IN","22.3","70.783","138.0","2012-12-21",,,"72","H,,S","87",",,S","56",",,S"
"IN005150100","RAJKOT, IN","22.3","70.783","138.0","2012-12-22",,,"74","H,,S","90",",,S","58",",,S"
"IN005150100","RAJKOT, IN","22.3","70.783","138.0","2012-12-23",,,"74","H,,S","89",",,S","59",",,S"
"IN005150100","RAJKOT, IN","22.3","70.783","138.0","2012-12-24",,,"73","H,,S","88",",,S","59",",,S"
"IN005150100","RAJKOT, IN","22.3","70.783","138.0","2012-12-25",,,"74","H,,S","88",",,S","56",",,S"
"IN005150100","RAJKOT, IN","22.3","70.783","138.0","2012-12-26",,,"74","H,,S","88",",,S","59",",,S"
"IN005150100","RAJKOT, IN","22.3","70.783","138.0","2012-12-27",,,"73","H,,S","89",",,S","61",",,S"
"IN005150100","RAJKOT, IN","22.3","70.783","138.0","2012-12-28",,,"69","H,,S","83",",,S","55",",,S"
"IN005150100","RAJKOT, IN","22.3","70.783","138.0","2012-12-29",,,"65","H,,S","79",",,S","53",",,S"
"IN005150100","RAJKOT, IN","22.3","70.783","138.0","2012-12-30",,,"64","H,,S","80",",,S","50",",,S"
"IN005150100","RAJKOT, IN","22.3","70.783","138.0","2012-12-31",,,"66","H,,S","82",",,S","49",",,S"
"IN005150100","RAJKOT, IN","22.3","70.783","138.0","2013-01-01",,,"63","H,,S","80",",,S","51",",,S"
"IN005150100","RAJKOT, IN","22.3","70.783","138.0","2013-01-02",,,"65","H,,S","81",",,S","50",",,S"
"IN005150100","RAJKOT, IN","22.3","70.783","138.0","2013-01-03",,,"64","H,,S","82",",,S","46",",,S"
"IN005150100","RAJKOT, IN","22.3","70.783","138.0","2013-01-04",,,"65","H,,S","81",",,S","50",",,S"
"IN005150100","RAJKOT, IN","22.3","70.783","138.0","2013-01-05",,,"65","H,,S","81",",,S","49",",,S"
"IN005150100","RAJKOT, IN","22.3","70.783","138.0","2013-01-06",,,"64","H,,S","81",",,S","47",",,S"
"IN005150100","RAJKOT, IN","22.3","70.783","138.0","2013-01-07",,,"65","H,,S","79",",,S","48",",,S"
"IN005150100","RAJKOT, IN","22.3","70.783","138.0","2013-01-08",,,"65","H,,S","80",",,S","52",",,S"
"IN005150100","RAJKOT, IN","22.3","70.783","138.0","2013-01-09",,,"67","H,,S","84",",,S","51",",,S"
"IN005150100","RAJKOT, IN","22.3","70.783","138.0","2013-01-10",,,"71","H,,S","87",",,S",,
"IN005150100","RAJKOT, IN","22.3","70.783","138.0","2013-01-11",,,"73","H,,S","89",",,S","57",",,S"
"IN005150100","RAJKOT, IN","22.3","70.783","138.0","2013-01-12",,,"74","H,,S","91",",,S","58",",,S"
"IN005150100","RAJKOT, IN","22.3","70.783","138.0","2013-01-13",,,"74","H,,S","88",",,S","62",",,S"
"IN005150100","RAJKOT, IN","22.3","70.783","138.0","2013-01-14",,,"73","H,,S","88",",,S","62",",,S"
"IN005150100","RAJKOT, IN","22.3","70.783","138.0","2013-01-15",,,"72","H,,S","85",",,S","60",",,S"
"IN005150100","RAJKOT, IN","22.3","70.783","138.0","2013-01-16",,,"72","H,,S","84",",,S","62",",,S"
"IN005150100","RAJKOT, IN","22.3","70.783","138.0","2013-01-17",,,"69","H,,S","83",",,S","60",",,S"
"IN005150100","RAJKOT, IN","22.3","70.783","138.0","2013-01-18",,,"64","H,,S","83",",,S","51",",,S"
"IN005150100","RAJKOT, IN","22.3","70.783","138.0","2013-01-19",,,"64","H,,S","79",",,S","51",",,S"
"IN005150100","RAJKOT, IN","22.3","70.783","138.0","2013-01-20",,,"64","H,,S","79",",,S","51",",,S"
"IN005150100","RAJKOT, IN","22.3","70.783","138.0","2013-01-21",,,"65","H,,S","80",",,S","49",",,S"
"IN005150100","RAJKOT, IN","22.3","70.783","138.0","2013-01-22",,,"67","H,,S","83",",,S","51",",,S"
"IN005150100","RAJKOT, IN","22.3","70.783","138.0","2013-01-23",,,"68","H,,S","86",",,S","51",",,S"
"IN005150100","RAJKOT, IN","22.3","70.783","138.0","2013-01-24",,,"67","H,,S","83",",,S","51",",,S"
"IN005150100","RAJKOT, IN","22.3","70.783","138.0","2013-01-25",,,"68","H,,S","83",",,S","54",",,S"
"IN005150100","RAJKOT, IN","22.3","70.783","138.0","2013-01-26",,,"70","H,,S","84",",,S","53",",,S"
"IN005150100","RAJKOT, IN","22.3","70.783","138.0","2013-01-27",,,"72","H,,S","86",",,S","54",",,S"
"IN005150100","RAJKOT, IN","22.3","70.783","138.0","2013-01-28",,,"72","H,,S","87",",,S","56",",,S"
"IN005150100","RAJKOT, IN","22.3","70.783","138.0","2013-01-29",,,"73","H,,S","88",",,S","57",",,S"
"IN005150100","RAJKOT, IN","22.3","70.783","138.0","2013-01-30",,,"77","H,,S","91",",,S","62",",,S"
"IN005150100","RAJKOT, IN","22.3","70.783","138.0","2013-01-31",,,"77","H,,S","92",",,S","63",",,S"
"IN005150100","RAJKOT, IN","22.3","70.783","138.0","2013-02-01",,,"77","H,,S","93",",,S","63",",,S"
"IN005150100","RAJKOT, IN","22.3","70.783","138.0","2013-02-02",,,"76","H,,S","91",",,S","63",",,S"
"IN005150100","RAJKOT, IN","22.3","70.783","138.0","2013-02-03",,,"76","H,,S","91",",,S","65",",,S"
"IN005150100","RAJKOT, IN","22.3","70.783","138.0","2013-02-04",,,"72","H,,S","85",",,S","64",",,S"
"IN005150100","RAJKOT, IN","22.3","70.783","138.0","2013-02-05",,,"69","H,,S","82",",,S",,
"IN005150100","RAJKOT, IN","22.3","70.783","138.0","2013-02-06",,,"65","H,,S","78",",,S","51",",,S"
"IN005150100","RAJKOT, IN","22.3","70.783","138.0","2013-02-07",,,"66","H,,S","82",",,S","49",",,S"
"IN005150100","RAJKOT, IN","22.3","70.783","138.0","2013-02-08",,,"69","H,,S","86",",,S","54",",,S"
"IN005150100","RAJKOT, IN","22.3","70.783","138.0","2013-02-09",,,"71","H,,S","89",",,S","55",",,S"
"IN005150100","RAJKOT, IN","22.3","70.783","138.0","2013-02-10",,,"75","H,,S","93",",,S","60",",,S"
"IN005150100","RAJKOT, IN","22.3","70.783","138.0","2013-02-11",,,"77","H,,S","94",",,S","61",",,S"
"IN005150100","RAJKOT, IN","22.3","70.783","138.0","2013-02-12",,,"81","H,,S","96",",,S","66",",,S"
"IN005150100","RAJKOT, IN","22.3","70.783","138.0","2013-02-13",,,"81","H,,S","97",",,S","66",",,S"
"IN005150100","RAJKOT, IN","22.3","70.783","138.0","2013-02-14",,,"79","H,,S","97",",,S","65",",,S"
"IN005150100","RAJKOT, IN","22.3","70.783","138.0","2013-02-15",,,"76","H,,S","91",",,S",,
"IN005150100","RAJKOT, IN","22.3","70.783","138.0","2013-02-16",,,"68","H,,S","78",",,S","58",",,S"
"IN005150100","RAJKOT, IN","22.3","70.783","138.0","2013-02-17",,,"71","H,,S",,,"56",",,S"
"IN005150100","RAJKOT, IN","22.3","70.783","138.0","2013-02-18",,,"74","H,,S","86",",,S","56",",,S"
"IN005150100","RAJKOT, IN","22.3","70.783","138.0","2013-02-19",,,"76","H,,S","90",",,S","59",",,S"
"IN005150100","RAJKOT, IN","22.3","70.783","138.0","2013-02-20",,,"78","H,,S","92",",,S","60",",,S"
"IN005150100","RAJKOT, IN","22.3","70.783","138.0","2013-02-21",,,"80","H,,S","96",",,S","62",",,S"
"IN005150100","RAJKOT, IN","22.3","70.783","138.0","2013-02-22",,,"76","H,,S","93",",,S","61",",,S"
"IN005150100","RAJKOT, IN","22.3","70.783","138.0","2013-02-23",,,"75","H,,S","89",",,S","63",",,S"
"IN005150100","RAJKOT, IN","22.3","70.783","138.0","2013-02-24",,,"73","H,,S","87",",,S","60",",,S"
"IN005150100","RAJKOT, IN","22.3","70.783","138.0","2013-02-25",,,"76","H,,S","92",",,S","59",",,S"
"IN005150100","RAJKOT, IN","22.3","70.783","138.0","2013-02-26",,,"75","H,,S","91",",,S","60",",,S"
"IN005150100","RAJKOT, IN","22.3","70.783","138.0","2013-02-27",,,"73","H,,S","88",",,S","61",",,S"
"IN005150100","RAJKOT, IN","22.3","70.783","138.0","2013-02-28",,,"75","H,,S","91",",,S","56",",,S"
"IN005150100","RAJKOT, IN","22.3","70.783","138.0","2013-03-01",,,"77","H,,S","94",",,S","60",",,S"
"IN005150100","RAJKOT, IN","22.3","70.783","138.0","2013-03-02",,,"79","H,,S","97",",,S","61",",,S"
"IN005150100","RAJKOT, IN","22.3","70.783","138.0","2013-03-03",,,"81","H,,S","100",",,S","61",",,S"
"IN005150100","RAJKOT, IN","22.3","70.783","138.0","2013-03-04",,,"83","H,,S","101",",,S","63",",,S"
"IN005150100","RAJKOT, IN","22.3","70.783","138.0","2013-03-05",,,"85","H,,S","102",",,S","66",",,S"
"IN005150100","RAJKOT, IN","22.3","70.783","138.0","2013-03-06",,,"87","H,,S","103",",,S","65",",,S"
"IN005150100","RAJKOT, IN","22.3","70.783","138.0","2013-03-07",,,"88","H,,S","104",",,S","73",",,S"
"IN005150100","RAJKOT, IN","22.3","70.783","138.0","2013-03-08",,,"89","H,,S","105",",,S","73",",,S"
"IN005150100","RAJKOT, IN","22.3","70.783","138.0","2013-03-09",,,"84","H,,S","100",",,S","70",",,S"
"IN005150100","RAJKOT, IN","22.3","70.783","138.0","2013-03-10",,,"81","H,,S","97",",,S","69",",,S"
"IN005150100","RAJKOT, IN","22.3","70.783","138.0","2013-03-11",,,"80","H,,S","96",",,S","66",",,S"
"IN005150100","RAJKOT, IN","22.3","70.783","138.0","2013-03-12",,,"80","H,,S","97",",,S","66",",,S"
"IN005150100","RAJKOT, IN","22.3","70.783","138.0","2013-03-13",,,"80","H,,S","95",",,S","64",",,S"
"IN005150100","RAJKOT, IN","22.3","70.783","138.0","2013-03-14",,,"81","H,,S","96",",,S","69",",,S"
"IN005150100","RAJKOT, IN","22.3","70.783","138.0","2013-03-15",,,"83","H,,S","97",",,S","67",",,S"
"IN005150100","RAJKOT, IN","22.3","70.783","138.0","2013-03-16",,,"85","H,,S","100",",,S","67",",,S"
"IN005150100","RAJKOT, IN","22.3","70.783","138.0","2013-03-17",,,"86","H,,S","100",",,S","69",",,S"
"IN005150100","RAJKOT, IN","22.3","70.783","138.0","2013-03-18",,,"86","H,,S","100",",,S","69",",,S"
"IN005150100","RAJKOT, IN","22.3","70.783","138.0","2013-03-19",,,"85","H,,S","101",",,S","70",",,S"
"IN005150100","RAJKOT, IN","22.3","70.783","138.0","2013-03-20",,,"83","H,,S","95",",,S","70",",,S"
"IN005150100","RAJKOT, IN","22.3","70.783","138.0","2013-03-21",,,"82","H,,S","99",",,S","67",",,S"
"IN005150100","RAJKOT, IN","22.3","70.783","138.0","2013-03-22",,,"82","H,,S",,,"72",",,S"
"IN005150100","RAJKOT, IN","22.3","70.783","138.0","2013-03-23",,,"81","H,,S","97",",,S","70",",,S"
"IN005150100","RAJKOT, IN","22.3","70.783","138.0","2013-03-24",,,"82","H,,S","95",",,S","71",",,S"
"IN005150100","RAJKOT, IN","22.3","70.783","138.0","2013-03-25",,,"84","H,,S","99",",,S","69",",,S"
"IN005150100","RAJKOT, IN","22.3","70.783","138.0","2013-03-26",,,"83","H,,S","98",",,S","72",",,S"
"IN005150100","RAJKOT, IN","22.3","70.783","138.0","2013-03-27",,,"81","H,,S","94",",,S","72",",,S"
"IN005150100","RAJKOT, IN","22.3","70.783","138.0","2013-03-28",,,"80","H,,S","94",",,S","70",",,S"
"IN005150100","RAJKOT, IN","22.3","70.783","138.0","2013-03-29",,,"79","H,,S","96",",,S",,
"IN005150100","RAJKOT, IN","22.3","70.783","138.0","2013-03-30",,,"83","H,,S","97",",,S","70",",,S"
"IN005150100","RAJKOT, IN","22.3","70.783","138.0","2013-03-31",,,"84","H,,S","99",",,S","71",",,S"
"IN005150100","RAJKOT, IN","22.3","70.783","138.0","2013-04-01",,,"83","H,,S","99",",,S","70",",,S"
"IN005150100","RAJKOT, IN","22.3","70.783","138.0","2013-04-02",,,"80","H,,S","96",",,S","69",",,S"
"IN005150100","RAJKOT, IN","22.3","70.783","138.0","2013-04-03",,,"81","H,,S","95",",,S","69",",,S"
"IN005150100","RAJKOT, IN","22.3","70.783","138.0","2013-04-04",,,"86","H,,S","100",",,S","72",",,S"
"IN005150100","RAJKOT, IN","22.3","70.783","138.0","2013-04-05",,,"88","H,,S","103",",,S","73",",,S"
"IN005150100","RAJKOT, IN","22.3","70.783","138.0","2013-04-06",,,"87","H,,S","103",",,S","74",",,S"
"IN005150100","RAJKOT, IN","22.3","70.783","138.0","2013-04-07",,,"83","H,,S","100",",,S","70",",,S"
"IN005150100","RAJKOT, IN","22.3","70.783","138.0","2013-04-08",,,"82","H,,S","96",",,S","70",",,S"
"IN005150100","RAJKOT, IN","22.3","70.783","138.0","2013-04-09",,,"84","H,,S","98",",,S","74",",,S"
"IN005150100","RAJKOT, IN","22.3","70.783","138.0","2013-04-10",,,"83","H,,S","97",",,S","71",",,S"
"IN005150100","RAJKOT, IN","22.3","70.783","138.0","2013-04-11",,,"84","H,,S","99",",,S","70",",,S"
"IN005150100","RAJKOT, IN","22.3","70.783","138.0","2013-04-12",,,"87","H,,S","101",",,S","73",",,S"
"IN005150100","RAJKOT, IN","22.3","70.783","138.0","2013-04-13",,,"87","H,,S","105",",,S","72",",,S"
"IN005150100","RAJKOT, IN","22.3","70.783","138.0","2013-04-14",,,"88","H,,S","105",",,S","74",",,S"
"IN005150100","RAJKOT, IN","22.3","70.783","138.0","2013-04-15",,,"87","H,,S","106",",,S","74",",,S"
"IN005150100","RAJKOT, IN","22.3","70.783","138.0","2013-04-16",,,"87","H,,S","104",",,S","74",",,S"
"IN005150100","RAJKOT, IN","22.3","70.783","138.0","2013-04-17",,,"85","H,,S","104",",,S","74",",,S"
"IN005150100","RAJKOT, IN","22.3","70.783","138.0","2013-04-18",,,"85","H,,S","105",",,S","74",",,S"
"IN005150100","RAJKOT, IN","22.3","70.783","138.0","2013-04-19",,,"84","H,,S","100",",,S","76",",,S"
"IN005150100","RAJKOT, IN","22.3","70.783","138.0","2013-04-20",,,"81","H,,S","98",",,S","71",",,S"
"IN005150100","RAJKOT, IN","22.3","70.783","138.0","2013-04-21",,,"85","H,,S","98",",,S","72",",,S"
"IN005150100","RAJKOT, IN","22.3","70.783","138.0","2013-04-22",,,"84","H,,S","98",",,S","76",",,S"
"IN005150100","RAJKOT, IN","22.3","70.783","138.0","2013-04-23",,,"88","H,,S","100",",,S","75",",,S"
"IN005150100","RAJKOT, IN","22.3","70.783","138.0","2013-04-24",,,"90","H,,S","105",",,S","78",",,S"
"IN005150100","RAJKOT, IN","22.3","70.783","138.0","2013-04-25",,,"92","H,,S","106",",,S","78",",,S"
"IN005150100","RAJKOT, IN","22.3","70.783","138.0","2013-04-26",,,"89","H,,S","103",",,S","76",",,S"
"IN005150100","RAJKOT, IN","22.3","70.783","138.0","2013-04-27",,,"90","H,,S","107",",,S","75",",,S"
"IN005150100","RAJKOT, IN","22.3","70.783","138.0","2013-04-28",,,"90","H,,S","105",",,S","76",",,S"
"IN005150100","RAJKOT, IN","22.3","70.783","138.0","2013-04-29",,,"89","H,,S","105",",,S","76",",,S"
"IN005150100","RAJKOT, IN","22.3","70.783","138.0","2013-04-30",,,"90","H,,S","104",",,S","76",",,S"
"IN005150100","RAJKOT, IN","22.3","70.783","138.0","2013-05-01",,,"92","H,,S","108",",,S","78",",,S"
"IN005150100","RAJKOT, IN","22.3","70.783","138.0","2013-05-02",,,"91","H,,S","107",",,S","76",",,S"
"IN005150100","RAJKOT, IN","22.3","70.783","138.0","2013-05-03",,,"90","H,,S","106",",,S","76",",,S"
"IN005150100","RAJKOT, IN","22.3","70.783","138.0","2013-05-04",,,"91","H,,S","106",",,S","79",",,S"
"IN005150100","RAJKOT, IN","22.3","70.783","138.0","2013-05-05",,,"89","H,,S","104",",,S","76",",,S"
"IN005150100","RAJKOT, IN","22.3","70.783","138.0","2013-05-06",,,"90","H,,S","105",",,S","78",",,S"
"IN005150100","RAJKOT, IN","22.3","70.783","138.0","2013-05-07",,,"90","H,,S","106",",,S","77",",,S"
"IN005150100","RAJKOT, IN","22.3","70.783","138.0","2013-05-08",,,"90","H,,S","107",",,S","76",",,S"
"IN005150100","RAJKOT, IN","22.3","70.783","138.0","2013-05-09",,,"89","H,,S","107",",,S","75",",,S"
"IN005150100","RAJKOT, IN","22.3","70.783","138.0","2013-05-10",,,"90","H,,S","107",",,S","76",",,S"
"IN005150100","RAJKOT, IN","22.3","70.783","138.0","2013-05-11",,,"89","H,,S","103",",,S","77",",,S"
"IN005150100","RAJKOT, IN","22.3","70.783","138.0","2013-05-12",,,"90","H,,S","105",",,S","78",",,S"
"IN005150100","RAJKOT, IN","22.3","70.783","138.0","2013-05-13",,,"90","H,,S","107",",,S","77",",,S"
"IN005150100","RAJKOT, IN","22.3","70.783","138.0","2013-05-14",,,"91","H,,S","108",",,S","78",",,S"
"IN005150100","RAJKOT, IN","22.3","70.783","138.0","2013-05-15",,,"89","H,,S","108",",,S","77",",,S"
"IN005150100","RAJKOT, IN","22.3","70.783","138.0","2013-05-16",,,"92","H,,S","109",",,S","77",",,S"
"IN005150100","RAJKOT, IN","22.3","70.783","138.0","2013-05-17",,,"91","H,,S","109",",,S","79",",,S"
"IN005150100","RAJKOT, IN","22.3","70.783","138.0","2013-05-18",,,"92","H,,S","110",",,S","78",",,S"
"IN005150100","RAJKOT, IN","22.3","70.783","138.0","2013-05-19",,,"93","H,,S","110",",,S","78",",,S"
"IN005150100","RAJKOT, IN","22.3","70.783","138.0","2013-05-20",,,"93","H,,S","110",",,S","77",",,S"
"IN005150100","RAJKOT, IN","22.3","70.783","138.0","2013-05-21",,,"93","H,,S","109",",,S","79",",,S"
"IN005150100","RAJKOT, IN","22.3","70.783","138.0","2013-05-22",,,"92","H,,S","109",",,S","79",",,S"
"IN005150100","RAJKOT, IN","22.3","70.783","138.0","2013-05-23",,,"92","H,,S","108",",,S","79",",,S"
"IN005150100","RAJKOT, IN","22.3","70.783","138.0","2013-05-24",,,"92","H,,S","107",",,S","80",",,S"
"IN005150100","RAJKOT, IN","22.3","70.783","138.0","2013-05-25",,,"91","H,,S","105",",,S","81",",,S"
"IN005150100","RAJKOT, IN","22.3","70.783","138.0","2013-05-26",,,"91","H,,S","104",",,S","82",",,S"
"IN005150100","RAJKOT, IN","22.3","70.783","138.0","2013-05-27",,,"92","H,,S","105",",,S","81",",,S"
"IN005150100","RAJKOT, IN","22.3","70.783","138.0","2013-05-28",,,"91","H,,S","104",",,S","82",",,S"
"IN005150100","RAJKOT, IN","22.3","70.783","138.0","2013-05-29",,,"90","H,,S","102",",,S","81",",,S"
"IN005150100","RAJKOT, IN","22.3","70.783","138.0","2013-05-30",,,"90","H,,S","103",",,S","80",",,S"
"IN005150100","RAJKOT, IN","22.3","70.783","138.0","2013-05-31",,,"90","H,,S","103",",,S","80",",,S"
"IN005150100","RAJKOT, IN","22.3","70.783","138.0","2013-06-01",,,"91","H,,S","104",",,S","81",",,S"
"IN005150100","RAJKOT, IN","22.3","70.783","138.0","2013-06-02",,,"92","H,,S","105",",,S","81",",,S"
"IN005150100","RAJKOT, IN","22.3","70.783","138.0","2013-06-03",,,"88","H,,S","104",",,S",,
"IN005150100","RAJKOT, IN","22.3","70.783","138.0","2013-06-04",,,"89","H,,S","103",",,S","81",",,S"
"IN005150100","RAJKOT, IN","22.3","70.783","138.0","2013-06-05",,,"91","H,,S","103",",,S","81",",,S"
"IN005150100","RAJKOT, IN","22.3","70.783","138.0","2013-06-06",,,"90","H,,S","104",",,S","81",",,S"
"IN005150100","RAJKOT, IN","22.3","70.783","138.0","2013-06-07",,,"88","H,,S","102",",,S",,
"IN005150100","RAJKOT, IN","22.3","70.783","138.0","2013-06-08",,,"88","H,,S","99",",,S","74",",,S"
"IN005150100","RAJKOT, IN","22.3","70.783","138.0","2013-06-09",,,"88","H,,S","99",",,S","79",",,S"
"IN005150100","RAJKOT, IN","22.3","70.783","138.0","2013-06-10",,,"82","H,,S","90",",,S",,
"IN005150100","RAJKOT, IN","22.3","70.783","138.0","2013-06-11","5.16",",,S","81","H,,S","86",",,S","75",",,S"
"IN005150100","RAJKOT, IN","22.3","70.783","138.0","2013-06-12","0.04",",,S","84","H,,S","93",",,S","76",",,S"
"IN005150100","RAJKOT, IN","22.3","70.783","138.0","2013-06-13","0.08",",,S","85","H,,S","93",",,S","79",",,S"
"IN005150100","RAJKOT, IN","22.3","70.783","138.0","2013-06-14","0.00",",,S","87","H,,S","99",",,S","79",",,S"
"IN005150100","RAJKOT, IN","22.3","70.783","138.0","2013-06-15",,,"89","H,,S","99",",,S","80",",,S"
"IN005150100","RAJKOT, IN","22.3","70.783","138.0","2013-06-16",,,"83","H,,S","92",",,S",,
"IN005150100","RAJKOT, IN","22.3","70.783","138.0","2013-06-17","1.69",",,S","80","H,,S","85",",,S","72",",,S"
"IN005150100","RAJKOT, IN","22.3","70.783","138.0","2013-06-18","0.02",",,S","86","H,,S","95",",,S","79",",,S"
"IN005150100","RAJKOT, IN","22.3","70.783","138.0","2013-06-19","0.00",",,S","87","H,,S","98",",,S","79",",,S"
"IN005150100","RAJKOT, IN","22.3","70.783","138.0","2013-06-20","0.35",",,S","87","H,,S","98",",,S","78",",,S"
"IN005150100","RAJKOT, IN","22.3","70.783","138.0","2013-06-21","0.00",",,S","87","H,,S","97",",,S","80",",,S"
"IN005150100","RAJKOT, IN","22.3","70.783","138.0","2013-06-22",,,"87","H,,S","97",",,S","79",",,S"
"IN005150100","RAJKOT, IN","22.3","70.783","138.0","2013-06-23",,,"88","H,,S","98",",,S","79",",,S"
"IN005150100","RAJKOT, IN","22.3","70.783","138.0","2013-06-24",,,"86","H,,S","99",",,S","79",",,S"
"IN005150100","RAJKOT, IN","22.3","70.783","138.0","2013-06-25",,,"86","H,,S","97",",,S","79",",,S"
"IN005150100","RAJKOT, IN","22.3","70.783","138.0","2013-06-26",,,"87","H,,S","97",",,S","80",",,S"
"IN005150100","RAJKOT, IN","22.3","70.783","138.0","2013-06-27",,,"85","H,,S","94",",,S","79",",,S"
"IN005150100","RAJKOT, IN","22.3","70.783","138.0","2013-06-28",,,"85","H,,S","98",",,S","78",",,S"
"IN005150100","RAJKOT, IN","22.3","70.783","138.0","2013-06-29",,,"84","H,,S","93",",,S","78",",,S"
"IN005150100","RAJKOT, IN","22.3","70.783","138.0","2013-06-30","0.04",",,S","86","H,,S","95",",,S","78",",,S"
"IN005150100","RAJKOT, IN","22.3","70.783","138.0","2013-07-01","0.00",",,S","85","H,,S","93",",,S","79",",,S"
"IN005150100","RAJKOT, IN","22.3","70.783","138.0","2013-07-02","0.04",",,S","87","H,,S","98",",,S","80",",,S"
"IN005150100","RAJKOT, IN","22.3","70.783","138.0","2013-07-03","0.00",",,S","88","H,,S","98",",,S","79",",,S"
"IN005150100","RAJKOT, IN","22.3","70.783","138.0","2013-07-04","0.00",",,S","83","H,,S","86",",,S","80",",,S"
"IN005150100","RAJKOT, IN","22.3","70.783","138.0","2013-07-05","0.12",",,S","81","H,,S","86",",,S","79",",,S"
"IN005150100","RAJKOT, IN","22.3","70.783","138.0","2013-07-06","0.02",",,S","80","H,,S","88",",,S",,
"IN005150100","RAJKOT, IN","22.3","70.783","138.0","2013-07-07","1.46",",,S","81","H,,S","89",",,S","76",",,S"
"IN005150100","RAJKOT, IN","22.3","70.783","138.0","2013-07-08","0.20",",,S","83","H,,S","91",",,S","77",",,S"
"IN005150100","RAJKOT, IN","22.3","70.783","138.0","2013-07-09","0.04",",,S","82","H,,S","89",",,S","77",",,S"
"IN005150100","RAJKOT, IN","22.3","70.783","138.0","2013-07-10","0.04",",,S","82","H,,S","87",",,S","76",",,S"
"IN005150100","RAJKOT, IN","22.3","70.783","138.0","2013-07-11","0.24",",,S","83","H,,S","91",",,S","76",",,S"
"IN005150100","RAJKOT, IN","22.3","70.783","138.0","2013-07-12","0.08",",,S","78","H,,S","82",",,S","76",",,S"
"IN005150100","RAJKOT, IN","22.3","70.783","138.0","2013-07-13","1.50",",,S","77","H,,S","83",",,S","73",",,S"
"IN005150100","RAJKOT, IN","22.3","70.783","138.0","2013-07-14","0.51",",,S","82","H,,S","90",",,S","75",",,S"
"IN005150100","RAJKOT, IN","22.3","70.783","138.0","2013-07-15","0.01",",,S","83","H,,S","89",",,S","76",",,S"
"IN005150100","RAJKOT, IN","22.3","70.783","138.0","2013-07-16","0.00",",,S","80","H,,S","85",",,S","77",",,S"
"IN005150100","RAJKOT, IN","22.3","70.783","138.0","2013-07-17",,,"82","H,,S","88",",,S","76",",,S"
"IN005150100","RAJKOT, IN","22.3","70.783","138.0","2013-07-18",,,"80","H,,S","87",",,S","77",",,S"
"IN005150100","RAJKOT, IN","22.3","70.783","138.0","2013-07-19",,,"81","H,,S","88",",,S","76",",,S"
"IN005150100","RAJKOT, IN","22.3","70.783","138.0","2013-07-20",,,"81","H,,S","89",",,S","76",",,S"
"IN005150100","RAJKOT, IN","22.3","70.783","138.0","2013-07-21",,,"80","H,,S","88",",,S","77",",,S"
"IN005150100","RAJKOT, IN","22.3","70.783","138.0","2013-07-22",,,"82","H,,S","89",",,S","76",",,S"
"IN005150100","RAJKOT, IN","22.3","70.783","138.0","2013-07-23","0.00",",,S","82","H,,S","87",",,S","78",",,S"
"IN005150100","RAJKOT, IN","22.3","70.783","138.0","2013-07-24","0.28",",,S","81","H,,S","86",",,S","76",",,S"
"IN005150100","RAJKOT, IN","22.3","70.783","138.0","2013-07-25","0.39",",,S","80","H,,S","85",",,S","76",",,S"
"IN005150100","RAJKOT, IN","22.3","70.783","138.0","2013-07-26","0.39",",,S","80","H,,S","85",",,S","76",",,S"
"IN005150100","RAJKOT, IN","22.3","70.783","138.0","2013-07-27","0.04",",,S","80","H,,S","86",",,S","77",",,S"
"IN005150100","RAJKOT, IN","22.3","70.783","138.0","2013-07-28","0.24",",,S","79","H,,S","84",",,S","77",",,S"
"IN005150100","RAJKOT, IN","22.3","70.783","138.0","2013-07-29","0.59",",,S","77","H,,S","83",",,S","74",",,S"
"IN005150100","RAJKOT, IN","22.3","70.783","138.0","2013-07-30","0.55",",,S","80","H,,S","86",",,S","74",",,S"
"IN005150100","RAJKOT, IN","22.3","70.783","138.0","2013-07-31","0.02",",,S","80","H,,S","86",",,S","76",",,S"
"IN005150100","RAJKOT, IN","22.3","70.783","138.0","2013-08-01","0.08",",,S","80","H,,S","84",",,S","76",",,S"
"IN005150100","RAJKOT, IN","22.3","70.783","138.0","2013-08-02","0.24",",,S","76","H,,S","82",",,S",,
"IN005150100","RAJKOT, IN","22.3","70.783","138.0","2013-08-03","1.30",",,S","78","H,,S","85",",,S","73",",,S"
"IN005150100","RAJKOT, IN","22.3","70.783","138.0","2013-08-04","0.08",",,S","80","H,,S","86",",,S","73",",,S"
"IN005150100","RAJKOT, IN","22.3","70.783","138.0","2013-08-05","0.01",",,S","81","H,,S","90",",,S","76",",,S"
"IN005150100","RAJKOT, IN","22.3","70.783","138.0","2013-08-06","0.01",",,S","79","H,,S","88",",,S","75",",,S"
"IN005150100","RAJKOT, IN","22.3","70.783","138.0","2013-08-07","0.63",",,S","81","H,,S","87",",,S","75",",,S"
"IN005150100","RAJKOT, IN","22.3","70.783","138.0","2013-08-08","0.12",",,S","81","H,,S","88",",,S","75",",,S"
"IN005150100","RAJKOT, IN","22.3","70.783","138.0","2013-08-09","0.00",",,S","78","H,,S","82",",,S","76",",,S"
"IN005150100","RAJKOT, IN","22.3","70.783","138.0","2013-08-10","0.79",",,S","78","H,,S","85",",,S","74",",,S"
"IN005150100","RAJKOT, IN","22.3","70.783","138.0","2013-08-11","0.47",",,S","80","H,,S","86",",,S","74",",,S"
"IN005150100","RAJKOT, IN","22.3","70.783","138.0","2013-08-12","0.04",",,S","80","H,,S","87",",,S","75",",,S"
"IN005150100","RAJKOT, IN","22.3","70.783","138.0","2013-08-13","0.04",",,S","80","H,,S","85",",,S","76",",,S"
"IN005150100","RAJKOT, IN","22.3","70.783","138.0","2013-08-14","0.02",",,S","78","H,,S","85",",,S","76",",,S"
"IN005150100","RAJKOT, IN","22.3","70.783","138.0","2013-08-15","2.05",",,S","79","H,,S","84",",,S","74",",,S"
"IN005150100","RAJKOT, IN","22.3","70.783","138.0","2013-08-16","0.20",",,S","82","H,,S","89",",,S","74",",,S"
"IN005150100","RAJKOT, IN","22.3","70.783","138.0","2013-08-17","0.04",",,S","81","H,,S","89",",,S","76",",,S"
"IN005150100","RAJKOT, IN","22.3","70.783","138.0","2013-08-18","0.43",",,S","82","H,,S","90",",,S","75",",,S"
"IN005150100","RAJKOT, IN","22.3","70.783","138.0","2013-08-19","0.00",",,S","81","H,,S","90",",,S","75",",,S"
"IN005150100","RAJKOT, IN","22.3","70.783","138.0","2013-08-20",,,"82","H,,S","90",",,S","76",",,S"
"IN005150100","RAJKOT, IN","22.3","70.783","138.0","2013-08-21",,,"82","H,,S","91",",,S","76",",,S"
"IN005150100","RAJKOT, IN","22.3","70.783","138.0","2013-08-22",,,"82","H,,S","91",",,S","74",",,S"
"IN005150100","RAJKOT, IN","22.3","70.783","138.0","2013-08-23",,,"82","H,,S","91",",,S","74",",,S"
"IN005150100","RAJKOT, IN","22.3","70.783","138.0","2013-08-24",,,"80","H,,S","85",",,S","76",",,S"
"IN005150100","RAJKOT, IN","22.3","70.783","138.0","2013-08-25",,,"81","H,,S","91",",,S","75",",,S"
"IN005150100","RAJKOT, IN","22.3","70.783","138.0","2013-08-26",,,"82","H,,S","91",",,S","74",",,S"
"IN005150100","RAJKOT, IN","22.3","70.783","138.0","2013-08-27",,,"82","H,,S","92",",,S","74",",,S"
"IN005150100","RAJKOT, IN","22.3","70.783","138.0","2013-08-28",,,"82","H,,S","91",",,S","75",",,S"
"IN005150100","RAJKOT, IN","22.3","70.783","138.0","2013-08-29",,,"82","H,,S","91",",,S","75",",,S"
"IN005150100","RAJKOT, IN","22.3","70.783","138.0","2013-08-30",,,"83","H,,S","92",",,S","75",",,S"
"IN005150100","RAJKOT, IN","22.3","70.783","138.0","2013-08-31","0.16",",,S","81","H,,S","88",",,S","75",",,S"
"IN005150100","RAJKOT, IN","22.3","70.783","138.0","2013-09-01","0.00",",,S","81","H,,S","90",",,S","74",",,S"
"IN005150100","RAJKOT, IN","22.3","70.783","138.0","2013-09-02","0.12",",,S","83","H,,S","92",",,S","74",",,S"
"IN005150100","RAJKOT, IN","22.3","70.783","138.0","2013-09-03","0.00",",,S","82","H,,S","92",",,S","74",",,S"
"IN005150100","RAJKOT, IN","22.3","70.783","138.0","2013-09-04",,,"82","H,,S","93",",,S","75",",,S"
"IN005150100","RAJKOT, IN","22.3","70.783","138.0","2013-09-05",,,"83","H,,S",,,"74",",,S"
"IN005150100","RAJKOT, IN","22.3","70.783","138.0","2013-09-06",,,"82","H,,S","94",",,S","74",",,S"
"IN005150100","RAJKOT, IN","22.3","70.783","138.0","2013-09-07",,,"82","H,,S","92",",,S","75",",,S"
"IN005150100","RAJKOT, IN","22.3","70.783","138.0","2013-09-08",,,"83","H,,S","93",",,S","74",",,S"
"IN005150100","RAJKOT, IN","22.3","70.783","138.0","2013-09-09",,,"84","H,,S","95",",,S","74",",,S"
"IN005150100","RAJKOT, IN","22.3","70.783","138.0","2013-09-10",,,"85","H,,S","97",",,S","74",",,S"
"IN005150100","RAJKOT, IN","22.3","70.783","138.0","2013-09-11",,,"85","H,,S","98",",,S","75",",,S"
"IN005150100","RAJKOT, IN","22.3","70.783","138.0","2013-09-12",,,"84","H,,S","92",",,S","77",",,S"
"IN005150100","RAJKOT, IN","22.3","70.783","138.0","2013-09-13",,,"83","H,,S","99",",,S","76",",,S"
"IN005150100","RAJKOT, IN","22.3","70.783","138.0","2013-09-14",,,"85","H,,S","97",",,S","74",",,S"
"IN005150100","RAJKOT, IN","22.3","70.783","138.0","2013-09-15",,,"85","H,,S","97",",,S","78",",,S"
"IN005150100","RAJKOT, IN","22.3","70.783","138.0","2013-09-16",,,"85","H,,S","97",",,S","76",",,S"
"IN005150100","RAJKOT, IN","22.3","70.783","138.0","2013-09-17",,,"85","H,,S","96",",,S","76",",,S"
"IN005150100","RAJKOT, IN","22.3","70.783","138.0","2013-09-18",,,"85","H,,S","96",",,S","76",",,S"
"IN005150100","RAJKOT, IN","22.3","70.783","138.0","2013-09-19",,,"86","H,,S","98",",,S","77",",,S"
"IN005150100","RAJKOT, IN","22.3","70.783","138.0","2013-09-20",,,"85","H,,S","98",",,S","76",",,S"
"IN005150100","RAJKOT, IN","22.3","70.783","138.0","2013-09-21",,,"85","H,,S","96",",,S","77",",,S"
"IN005150100","RAJKOT, IN","22.3","70.783","138.0","2013-09-22","0.01",",,S","81","H,,S","93",",,S",,
"IN005150100","RAJKOT, IN","22.3","70.783","138.0","2013-09-23","1.93",",,S","78","H,,S","84",",,S","74",",,S"
"IN005150100","RAJKOT, IN","22.3","70.783","138.0","2013-09-24","1.38",",,S","80","H,,S","88",",,S","72",",,S"
"IN005150100","RAJKOT, IN","22.3","70.783","138.0","2013-09-25","2.17",",,S","77","H,,S","83",",,S","72",",,S"
"IN005150100","RAJKOT, IN","22.3","70.783","138.0","2013-09-26","15.43",",,S","75","H,,S",,,"73",",,S"
"IN005150100","RAJKOT, IN","22.3","70.783","138.0","2013-09-27","4.69",",,S","78","H,,S","81",",,S","73",",,S"
"IN005150100","RAJKOT, IN","22.3","70.783","138.0","2013-09-28","0.00",",,S","82","H,,S","90",",,S","76",",,S"
"IN005150100","RAJKOT, IN","22.3","70.783","138.0","2013-09-29",,,"83","H,,S","92",",,S","76",",,S"
"IN005150100","RAJKOT, IN","22.3","70.783","138.0","2013-09-30",,,"83","H,,S","92",",,S","76",",,S"
"IN005150100","RAJKOT, IN","22.3","70.783","138.0","2013-10-01","0.12",",,S","80","H,,S","87",",,S","74",",,S"
"IN005150100","RAJKOT, IN","22.3","70.783","138.0","2013-10-02","0.04",",,S","84","H,,S","93",",,S","75",",,S"
"IN005150100","RAJKOT, IN","22.3","70.783","138.0","2013-10-03","0.00",",,S","85","H,,S","95",",,S","78",",,S"
"IN005150100","RAJKOT, IN","22.3","70.783","138.0","2013-10-04",,,"84","H,,S","97",",,S",,
"IN005150100","RAJKOT, IN","22.3","70.783","138.0","2013-10-05",,,"84","H,,S","95",",,S","76",",,S"
"IN005150100","RAJKOT, IN","22.3","70.783","138.0","2013-10-06",,,"83","H,,S","94",",,S","76",",,S"
"IN005150100","RAJKOT, IN","22.3","70.783","138.0","2013-10-07",,,"83","H,,S","92",",,S","75",",,S"
"IN005150100","RAJKOT, IN","22.3","70.783","138.0","2013-10-08",,,"79","H,,S","91",",,S",,
"IN005150100","RAJKOT, IN","22.3","70.783","138.0","2013-10-09",,,"80","H,,S","86",",,S","72",",,S"
"IN005150100","RAJKOT, IN","22.3","70.783","138.0","2013-10-10","0.67",",,S","78","H,,S","86",",,S",,
"IN005150100","RAJKOT, IN","22.3","70.783","138.0","2013-10-11","0.03",",,S","83","H,,S","92",",,S","75",",,S"
"IN005150100","RAJKOT, IN","22.3","70.783","138.0","2013-10-12","0.00",",,S","83","H,,S","92",",,S","74",",,S"
"IN005150100","RAJKOT, IN","22.3","70.783","138.0","2013-10-13",,,"83","H,,S",,,"73",",,S"
"IN005150100","RAJKOT, IN","22.3","70.783","138.0","2013-10-14",,,"84","H,,S","95",",,S","75",",,S"
"IN005150100","RAJKOT, IN","22.3","70.783","138.0","2013-10-15",,,"84","H,,S","94",",,S","77",",,S"
"IN005150100","RAJKOT, IN","22.3","70.783","138.0","2013-10-16",,,"83","H,,S","95",",,S","75",",,S"
"IN005150100","RAJKOT, IN","22.3","70.783","138.0","2013-10-17",,,"83","H,,S","94",",,S","74",",,S"
"IN005150100","RAJKOT, IN","22.3","70.783","138.0","2013-10-18",,,"85","H,,S","97",",,S","74",",,S"
"IN005150100","RAJKOT, IN","22.3","70.783","138.0","2013-10-19",,,"86","H,,S","97",",,S","73",",,S"
"IN005150100","RAJKOT, IN","22.3","70.783","138.0","2013-10-20",,,"85","H,,S","97",",,S","74",",,S"
"IN005150100","RAJKOT, IN","22.3","70.783","138.0","2013-10-21",,,"84","H,,S","96",",,S","75",",,S"
"IN005150100","RAJKOT, IN","22.3","70.783","138.0","2013-10-22",,,"83","H,,S","95",",,S","72",",,S"
"IN005150100","RAJKOT, IN","22.3","70.783","138.0","2013-10-23",,,"82","H,,S","96",",,S","67",",,S"
"IN005150100","RAJKOT, IN","22.3","70.783","138.0","2013-10-24",,,"82","H,,S","96",",,S","69",",,S"
"IN005150100","RAJKOT, IN","22.3","70.783","138.0","2013-10-25",,,"82","H,,S","94",",,S","69",",,S"
"IN005150100","RAJKOT, IN","22.3","70.783","138.0","2013-10-26",,,"83","H,,S","95",",,S","71",",,S"
"IN005150100","RAJKOT, IN","22.3","70.783","138.0","2013-10-27",,,"82","H,,S","96",",,S","69",",,S"
"IN005150100","RAJKOT, IN","22.3","70.783","138.0","2013-10-28",,,"81","H,,S","96",",,S","67",",,S"
"IN005150100","RAJKOT, IN","22.3","70.783","138.0","2013-10-29",,,"81","H,,S","94",",,S","71",",,S"
"IN005150100","RAJKOT, IN","22.3","70.783","138.0","2013-10-30",,,"80","H,,S","93",",,S","69",",,S"
"IN005150100","RAJKOT, IN","22.3","70.783","138.0","2013-10-31",,,"80","H,,S","93",",,S","69",",,S"
"IN005150100","RAJKOT, IN","22.3","70.783","138.0","2013-11-01",,,"81","H,,S","92",",,S","70",",,S"
"IN005150100","RAJKOT, IN","22.3","70.783","138.0","2013-11-02",,,"82","H,,S","94",",,S","69",",,S"
"IN005150100","RAJKOT, IN","22.3","70.783","138.0","2013-11-03",,,"83","H,,S","95",",,S",,
"IN005150100","RAJKOT, IN","22.3","70.783","138.0","2013-11-04",,,"82","H,,S","94",",,S","70",",,S"
"IN005150100","RAJKOT, IN","22.3","70.783","138.0","2013-11-05",,,"83","H,,S","95",",,S","69",",,S"
"IN005150100","RAJKOT, IN","22.3","70.783","138.0","2013-11-06",,,"81","H,,S","93",",,S","72",",,S"
"IN005150100","RAJKOT, IN","22.3","70.783","138.0","2013-11-07",,,"80","H,,S","92",",,S","70",",,S"
"IN005150100","RAJKOT, IN","22.3","70.783","138.0","2013-11-08",,,"78","H,,S","91",",,S","69",",,S"
"IN005150100","RAJKOT, IN","22.3","70.783","138.0","2013-11-09",,,"75","H,,S","88",",,S","65",",,S"
"IN005150100","RAJKOT, IN","22.3","70.783","138.0","2013-11-10",,,"75","H,,S","88",",,S","63",",,S"
"IN005150100","RAJKOT, IN","22.3","70.783","138.0","2013-11-11",,,"74","H,,S","88",",,S","62",",,S"
"IN005150100","RAJKOT, IN","22.3","70.783","138.0","2013-11-12",,,"74","H,,S","88",",,S","61",",,S"
"IN005150100","RAJKOT, IN","22.3","70.783","138.0","2013-11-13",,,"75","H,,S","89",",,S","61",",,S"
"IN005150100","RAJKOT, IN","22.3","70.783","138.0","2013-11-14",,,"75","H,,S","89",",,S","61",",,S"
"IN005150100","RAJKOT, IN","22.3","70.783","138.0","2013-11-15",,,"76","H,,S","88",",,S","63",",,S"
"IN005150100","RAJKOT, IN","22.3","70.783","138.0","2013-11-16",,,"75","H,,S","87",",,S","67",",,S"
"IN005150100","RAJKOT, IN","22.3","70.783","138.0","2013-11-17",,,"73","H,,S","87",",,S","58",",,S"
"IN005150100","RAJKOT, IN","22.3","70.783","138.0","2013-11-18",,,"75","H,,S","90",",,S","62",",,S"
"IN005150100","RAJKOT, IN","22.3","70.783","138.0","2013-11-19",,,"74","H,,S","92",",,S","59",",,S"
"IN005150100","RAJKOT, IN","22.3","70.783","138.0","2013-11-20",,,"74","H,,S","89",",,S","59",",,S"
"IN005150100","RAJKOT, IN","22.3","70.783","138.0","2013-11-21",,,"75","H,,S","91",",,S","60",",,S"
"IN005150100","RAJKOT, IN","22.3","70.783","138.0","2013-11-22",,,"76","H,,S","90",",,S","60",",,S"
"IN005150100","RAJKOT, IN","22.3","70.783","138.0","2013-11-23",,,"76","H,,S","92",",,S","65",",,S"
"IN005150100","RAJKOT, IN","22.3","70.783","138.0","2013-11-24",,,"78","H,,S","92",",,S","67",",,S"
"IN005150100","RAJKOT, IN","22.3","70.783","138.0","2013-11-25",,,"78","H,,S","91",",,S","66",",,S"
"IN005150100","RAJKOT, IN","22.3","70.783","138.0","2013-11-26",,,"77","H,,S","91",",,S","64",",,S"
"IN005150100","RAJKOT, IN","22.3","70.783","138.0","2013-11-27",,,"77","H,,S","91",",,S","65",",,S"
"IN005150100","RAJKOT, IN","22.3","70.783","138.0","2013-11-28",,,"79","H,,S","93",",,S","64",",,S"
"IN005150100","RAJKOT, IN","22.3","70.783","138.0","2013-11-29",,,"77","H,,S","90",",,S","68",",,S"
"IN005150100","RAJKOT, IN","22.3","70.783","138.0","2013-11-30",,,"76","H,,S","89",",,S","66",",,S"
"IN005150100","RAJKOT, IN","22.3","70.783","138.0","2013-12-01",,,"76","H,,S","90",",,S","61",",,S"
"IN005150100","RAJKOT, IN","22.3","70.783","138.0","2013-12-02",,,"74","H,,S","89",",,S","63",",,S"
"IN005150100","RAJKOT, IN","22.3","70.783","138.0","2013-12-03",,,"72","H,,S","88",",,S","58",",,S"
"IN005150100","RAJKOT, IN","22.3","70.783","138.0","2013-12-04",,,"75","H,,S","90",",,S","57",",,S"
"IN005150100","RAJKOT, IN","22.3","70.783","138.0","2013-12-05",,,"75","H,,S","90",",,S","64",",,S"
"IN005150100","RAJKOT, IN","22.3","70.783","138.0","2013-12-06",,,"74","H,,S","89",",,S","61",",,S"
"IN005150100","RAJKOT, IN","22.3","70.783","138.0","2013-12-07",,,"73","H,,S","89",",,S","58",",,S"
"IN005150100","RAJKOT, IN","22.3","70.783","138.0","2013-12-08",,,"71","H,,S","86",",,S","59",",,S"
"IN005150100","RAJKOT, IN","22.3","70.783","138.0","2013-12-09",,,"72","H,,S","86",",,S","59",",,S"
"IN005150100","RAJKOT, IN","22.3","70.783","138.0","2013-12-10",,,"74","H,,S","89",",,S","57",",,S"
"IN005150100","RAJKOT, IN","22.3","70.783","138.0","2013-12-11",,,"73","H,,S","87",",,S","58",",,S"
"IN005150100","RAJKOT, IN","22.3","70.783","138.0","2013-12-12",,,"73","H,,S","87",",,S","59",",,S"
"IN005150100","RAJKOT, IN","22.3","70.783","138.0","2013-12-13",,,"72","H,,S","87",",,S","58",",,S"
"IN005150100","RAJKOT, IN","22.3","70.783","138.0","2013-12-14",,,"73","H,,S","89",",,S","56",",,S"
"IN005150100","RAJKOT, IN","22.3","70.783","138.0","2013-12-15",,,"69","H,,S","84",",,S","57",",,S"
"IN005150100","RAJKOT, IN","22.3","70.783","138.0","2013-12-16",,,"70","H,,S","83",",,S","57",",,S"
"IN005150100","RAJKOT, IN","22.3","70.783","138.0","2013-12-17",,,"70","H,,S","84",",,S","58",",,S"
"IN005150100","RAJKOT, IN","22.3","70.783","138.0","2013-12-18",,,"70","H,,S","86",",,S","58",",,S"
"IN005150100","RAJKOT, IN","22.3","70.783","138.0","2013-12-19",,,"72","H,,S","86",",,S",,
"IN005150100","RAJKOT, IN","22.3","70.783","138.0","2013-12-20",,,"69","H,,S","84",",,S",,
"IN005150100","RAJKOT, IN","22.3","70.783","138.0","2013-12-21",,,"66","H,,S","81",",,S",,
"IN005150100","RAJKOT, IN","22.3","70.783","138.0","2013-12-22",,,"67","H,,S","83",",,S","51",",,S"
"IN005150100","RAJKOT, IN","22.3","70.783","138.0","2013-12-23",,,"66","H,,S","80",",,S",,
"IN005150100","RAJKOT, IN","22.3","70.783","138.0","2013-12-24",,,"65","H,,S","79",",,S","51",",,S"
"IN005150100","RAJKOT, IN","22.3","70.783","138.0","2013-12-25",,,"67","H,,S","81",",,S",,
"IN005150100","RAJKOT, IN","22.3","70.783","138.0","2013-12-26",,,"66","H,,S","81",",,S",,
"IN005150100","RAJKOT, IN","22.3","70.783","138.0","2013-12-27",,,"62","H,,S","80",",,S",,
"IN005150100","RAJKOT, IN","22.3","70.783","138.0","2013-12-28",,,"61","H,,S","78",",,S",,
"IN005150100","RAJKOT, IN","22.3","70.783","138.0","2013-12-29",,,"63","H,,S","80",",,S",,
"IN005150100","RAJKOT, IN","22.3","70.783","138.0","2013-12-30",,,"62","H,,S","78",",,S",,
"IN005150100","RAJKOT, IN","22.3","70.783","138.0","2013-12-31",,,"58","H,,S","74",",,S",,
"IN005150100","RAJKOT, IN","22.3","70.783","138.0","2014-01-01",,,"60","H,,S","75",",,S",,
"IN005150100","RAJKOT, IN","22.3","70.783","138.0","2014-01-02",,,"64","H,,S","76",",,S",,
"IN005150100","RAJKOT, IN","22.3","70.783","138.0","2014-01-03",,,"67","H,,S","81",",,S",,
"IN005150100","RAJKOT, IN","22.3","70.783","138.0","2014-01-04",,,"65","H,,S","78",",,S",,
"IN005150100","RAJKOT, IN","22.3","70.783","138.0","2014-01-05",,,"64","H,,S","81",",,S",,
"IN005150100","RAJKOT, IN","22.3","70.783","138.0","2014-01-06",,,"63","H,,S","79",",,S",,
"IN005150100","RAJKOT, IN","22.3","70.783","138.0","2014-01-07",,,"67","H,,S","83",",,S",,
"IN005150100","RAJKOT, IN","22.3","70.783","138.0","2014-01-08",,,"70","H,,S","87",",,S",,
"IN005150100","RAJKOT, IN","22.3","70.783","138.0","2014-01-09",,,"62","H,,S","78",",,S",,
"IN005150100","RAJKOT, IN","22.3","70.783","138.0","2014-01-10",,,"61","H,,S","74",",,S",,
"IN005150100","RAJKOT, IN","22.3","70.783","138.0","2014-01-11",,,"60","H,,S","73",",,S",,
"IN005150100","RAJKOT, IN","22.3","70.783","138.0","2014-01-12",,,"62","H,,S","76",",,S",,
"IN005150100","RAJKOT, IN","22.3","70.783","138.0","2014-01-13",,,"62","H,,S","78",",,S",,
"IN005150100","RAJKOT, IN","22.3","70.783","138.0","2014-01-14",,,"64","H,,S","80",",,S",,
"IN005150100","RAJKOT, IN","22.3","70.783","138.0","2014-01-15",,,"63","H,,S","79",",,S",,
"IN005150100","RAJKOT, IN","22.3","70.783","138.0","2014-01-16",,,"64","H,,S","80",",,S",,
"IN005150100","RAJKOT, IN","22.3","70.783","138.0","2014-01-17",,,"63","H,,S","78",",,S",,
"IN005150100","RAJKOT, IN","22.3","70.783","138.0","2014-01-18",,,"65","H,,S","79",",,S",,
"IN005150100","RAJKOT, IN","22.3","70.783","138.0","2014-01-19",,,"66","H,,S","81",",,S",,
"IN005150100","RAJKOT, IN","22.3","70.783","138.0","2014-01-20",,,"67","H,,S","81",",,S",,
"IN005150100","RAJKOT, IN","22.3","70.783","138.0","2014-01-21",,,"67","H,,S","81",",,S",,
"IN005150100","RAJKOT, IN","22.3","70.783","138.0","2014-01-22",,,"67","H,,S","81",",,S",,
"IN005150100","RAJKOT, IN","22.3","70.783","138.0","2014-01-23",,,"67","H,,S","82",",,S",,
"IN005150100","RAJKOT, IN","22.3","70.783","138.0","2014-01-24",,,"67","H,,S","81",",,S",,
"IN005150100","RAJKOT, IN","22.3","70.783","138.0","2014-01-25",,,"68","H,,S","83",",,S",,
"IN005150100","RAJKOT, IN","22.3","70.783","138.0","2014-01-26",,,"71","H,,S","86",",,S",,
"IN005150100","RAJKOT, IN","22.3","70.783","138.0","2014-01-27",,,"73","H,,S","85",",,S",,
"IN005150100","RAJKOT, IN","22.3","70.783","138.0","2014-01-28",,,"73","H,,S","88",",,S",,
"IN005150100","RAJKOT, IN","22.3","70.783","138.0","2014-01-29",,,"73","H,,S","89",",,S",,
"IN005150100","RAJKOT, IN","22.3","70.783","138.0","2014-01-30",,,"75","H,,S","89",",,S",,
"IN005150100","RAJKOT, IN","22.3","70.783","138.0","2014-01-31",,,"76","H,,S","90",",,S",,
"IN005150100","RAJKOT, IN","22.3","70.783","138.0","2014-02-01",,,"77","H,,S","92",",,S",,
"IN005150100","RAJKOT, IN","22.3","70.783","138.0","2014-02-02",,,"78","H,,S","91",",,S",,
"IN005150100","RAJKOT, IN","22.3","70.783","138.0","2014-02-03",,,"76","H,,S","90",",,S",,
"IN005150100","RAJKOT, IN","22.3","70.783","138.0","2014-02-04",,,"74","H,,S","88",",,S",,
"IN005150100","RAJKOT, IN","22.3","70.783","138.0","2014-02-05",,,"73","H,,S","89",",,S",,
"IN005150100","RAJKOT, IN","22.3","70.783","138.0","2014-02-06",,,"75","H,,S","90",",,S",,
"IN005150100","RAJKOT, IN","22.3","70.783","138.0","2014-02-07",,,"73","H,,S","86",",,S",,
"IN005150100","RAJKOT, IN","22.3","70.783","138.0","2014-02-08",,,"66","H,,S","79",",,S",,
"IN005150100","RAJKOT, IN","22.3","70.783","138.0","2014-02-09",,,"67","H,,S","81",",,S",,
"IN005150100","RAJKOT, IN","22.3","70.783","138.0","2014-02-10",,,"67","H,,S","82",",,S",,
"IN005150100","RAJKOT, IN","22.3","70.783","138.0","2014-02-11",,,"67","H,,S","81",",,S",,
"IN005150100","RAJKOT, IN","22.3","70.783","138.0","2014-02-12",,,"70","H,,S","83",",,S",,
"IN005150100","RAJKOT, IN","22.3","70.783","138.0","2014-02-13",,,"70","H,,S","82",",,S",,
"IN005150100","RAJKOT, IN","22.3","70.783","138.0","2014-02-14",,,"70","H,,S","82",",,S",,
"IN005150100","RAJKOT, IN","22.3","70.783","138.0","2014-02-15",,,"69","H,,S","81",",,S",,
"IN005150100","RAJKOT, IN","22.3","70.783","138.0","2014-02-16",,,"66","H,,S","80",",,S",,
"IN005150100","RAJKOT, IN","22.3","70.783","138.0","2014-02-17",,,"71","H,,S","83",",,S",,
"IN005150100","RAJKOT, IN","22.3","70.783","138.0","2014-02-18",,,"72","H,,S","86",",,S",,
"IN005150100","RAJKOT, IN","22.3","70.783","138.0","2014-02-19",,,"73","H,,S","88",",,S",,
"IN005150100","RAJKOT, IN","22.3","70.783","138.0","2014-02-20",,,"73","H,,S","85",",,S",,
"IN005150100","RAJKOT, IN","22.3","70.783","138.0","2014-02-21",,,"71","H,,S","82",",,S",,
"IN005150100","RAJKOT, IN","22.3","70.783","138.0","2014-02-22",,,"72","H,,S","87",",,S",,
"IN005150100","RAJKOT, IN","22.3","70.783","138.0","2014-02-23",,,"73","H,,S","87",",,S",,
"IN005150100","RAJKOT, IN","22.3","70.783","138.0","2014-02-24",,,"74","H,,S","87",",,S",,
"IN005150100","RAJKOT, IN","22.3","70.783","138.0","2014-02-25",,,"76","H,,S","91",",,S",,
"IN005150100","RAJKOT, IN","22.3","70.783","138.0","2014-02-26",,,"75","H,,S","90",",,S",,
"IN005150100","RAJKOT, IN","22.3","70.783","138.0","2014-02-27",,,"73","H,,S","88",",,S",,
"IN005150100","RAJKOT, IN","22.3","70.783","138.0","2014-02-28",,,"71","H,,S","84",",,S",,
"IN005150100","RAJKOT, IN","22.3","70.783","138.0","2014-03-01",,,"71","H,,S","85",",,S",,
"IN005150100","RAJKOT, IN","22.3","70.783","138.0","2014-03-02",,,"74","H,,S","87",",,S",,
"IN005150100","RAJKOT, IN","22.3","70.783","138.0","2014-03-03",,,"74","H,,S","89",",,S",,
"IN005150100","RAJKOT, IN","22.3","70.783","138.0","2014-03-04",,,"75","H,,S","90",",,S",,
"IN005150100","RAJKOT, IN","22.3","70.783","138.0","2014-03-05",,,"78","H,,S","91",",,S",,
"IN005150100","RAJKOT, IN","22.3","70.783","138.0","2014-03-06",,,"79","H,,S","93",",,S","64",",,S"
"IN005150100","RAJKOT, IN","22.3","70.783","138.0","2014-03-07",,,"81","H,,S","93",",,S",,
"IN005150100","RAJKOT, IN","22.3","70.783","138.0","2014-03-08",,,"82","H,,S","94",",,S",,
"IN005150100","RAJKOT, IN","22.3","70.783","138.0","2014-03-09",,,"80","H,,S","93",",,S",,
"IN005150100","RAJKOT, IN","22.3","70.783","138.0","2014-03-10",,,"82","H,,S","95",",,S",,
"IN005150100","RAJKOT, IN","22.3","70.783","138.0","2014-03-11",,,"80","H,,S","94",",,S",,
"IN005150100","RAJKOT, IN","22.3","70.783","138.0","2014-03-12",,,"79","H,,S","94",",,S",,
"IN005150100","RAJKOT, IN","22.3","70.783","138.0","2014-03-13",,,"80","H,,S","95",",,S",,
"IN005150100","RAJKOT, IN","22.3","70.783","138.0","2014-03-14",,,"85","H,,S","99",",,S",,
"IN005150100","RAJKOT, IN","22.3","70.783","138.0","2014-03-15",,,"85","H,,S","100",",,S",,
"IN005150100","RAJKOT, IN","22.3","70.783","138.0","2014-03-16",,,"86","H,,S","101",",,S",,
"IN005150100","RAJKOT, IN","22.3","70.783","138.0","2014-03-17",,,"81","H,,S","97",",,S",,
"IN005150100","RAJKOT, IN","22.3","70.783","138.0","2014-03-18",,,"79","H,,S","92",",,S",,
"IN005150100","RAJKOT, IN","22.3","70.783","138.0","2014-03-19",,,"81","H,,S","97",",,S",,
"IN005150100","RAJKOT, IN","22.3","70.783","138.0","2014-03-20",,,"81","H,,S","100",",,S",,
"IN005150100","RAJKOT, IN","22.3","70.783","138.0","2014-03-21",,,"77","H,,S","95",",,S",,
"IN005150100","RAJKOT, IN","22.3","70.783","138.0","2014-03-22",,,"81","H,,S","98",",,S",,
"IN005150100","RAJKOT, IN","22.3","70.783","138.0","2014-03-23",,,"82","H,,S","99",",,S",,
"IN005150100","RAJKOT, IN","22.3","70.783","138.0","2014-03-24",,,"81","H,,S","98",",,S",,
"IN005150100","RAJKOT, IN","22.3","70.783","138.0","2014-03-25",,,"81","H,,S","95",",,S",,
"IN005150100","RAJKOT, IN","22.3","70.783","138.0","2014-03-26",,,"82","H,,S","97",",,S",,
"IN005150100","RAJKOT, IN","22.3","70.783","138.0","2014-03-27",,,"84","H,,S","102",",,S",,
"IN005150100","RAJKOT, IN","22.3","70.783","138.0","2014-03-28",,,"82","H,,S","99",",,S",,
"IN005150100","RAJKOT, IN","22.3","70.783","138.0","2014-03-29",,,"82","H,,S","97",",,S",,
"IN005150100","RAJKOT, IN","22.3","70.783","138.0","2014-03-30",,,"83","H,,S","98",",,S",,
"IN005150100","RAJKOT, IN","22.3","70.783","138.0","2014-03-31",,,"82","H,,S","99",",,S",,
"IN005150100","RAJKOT, IN","22.3","70.783","138.0","2014-04-01",,,"82","H,,S","99",",,S",,
"IN005150100","RAJKOT, IN","22.3","70.783","138.0","2014-04-02",,,"82","H,,S","100",",,S",,
"IN005150100","RAJKOT, IN","22.3","70.783","138.0","2014-04-03",,,"83","H,,S","99",",,S",,
"IN005150100","RAJKOT, IN","22.3","70.783","138.0","2014-04-04",,,"86","H,,S","104",",,S",,
"IN005150100","RAJKOT, IN","22.3","70.783","138.0","2014-04-05",,,"86","H,,S","104",",,S",,
"IN005150100","RAJKOT, IN","22.3","70.783","138.0","2014-04-06",,,"84","H,,S","101",",,S",,
"IN005150100","RAJKOT, IN","22.3","70.783","138.0","2014-04-07",,,"86","H,,S","100",",,S",,
"IN005150100","RAJKOT, IN","22.3","70.783","138.0","2014-04-08",,,"86","H,,S","101",",,S",,
"IN005150100","RAJKOT, IN","22.3","70.783","138.0","2014-04-09",,,"85","H,,S","100",",,S",,
"IN005150100","RAJKOT, IN","22.3","70.783","138.0","2014-04-10",,,"83","H,,S","100",",,S",,
"IN005150100","RAJKOT, IN","22.3","70.783","138.0","2014-04-11",,,"84","H,,S","100",",,S",,
"IN005150100","RAJKOT, IN","22.3","70.783","138.0","2014-04-12",,,"83","H,,S","100",",,S",,
"IN005150100","RAJKOT, IN","22.3","70.783","138.0","2014-04-13",,,"86","H,,S","102",",,S",,
"IN005150100","RAJKOT, IN","22.3","70.783","138.0","2014-04-14",,,"85","H,,S","101",",,S",,
"IN005150100","RAJKOT, IN","22.3","70.783","138.0","2014-04-15",,,"87","H,,S","102",",,S",,
"IN005150100","RAJKOT, IN","22.3","70.783","138.0","2014-04-16",,,"87","H,,S","105",",,S",,
"IN005150100","RAJKOT, IN","22.3","70.783","138.0","2014-04-17",,,"88","H,,S","104",",,S",,
"IN005150100","RAJKOT, IN","22.3","70.783","138.0","2014-04-18",,,"86","H,,S","103",",,S",,
"IN005150100","RAJKOT, IN","22.3","70.783","138.0","2014-04-19",,,"87","H,,S","101",",,S",,
"IN005150100","RAJKOT, IN","22.3","70.783","138.0","2014-04-20",,,"85","H,,S","102",",,S",,
"IN005150100","RAJKOT, IN","22.3","70.783","138.0","2014-04-21","0.24",",,S","86","H,,S",,,,
"IN005150100","RAJKOT, IN","22.3","70.783","138.0","2014-04-22","0.03",",,S","90","H,,S","105",",,S",,
"IN005150100","RAJKOT, IN","22.3","70.783","138.0","2014-04-23","0.00",",,S","92","H,,S","106",",,S",,
"IN005150100","RAJKOT, IN","22.3","70.783","138.0","2014-04-24",,,"90","H,,S","106",",,S",,
"IN005150100","RAJKOT, IN","22.3","70.783","138.0","2014-04-25",,,"88","H,,S","105",",,S",,
"IN005150100","RAJKOT, IN","22.3","70.783","138.0","2014-04-26",,,"90","H,,S","105",",,S",,
"IN005150100","RAJKOT, IN","22.3","70.783","138.0","2014-04-27",,,"92","H,,S","108",",,S",,
"IN005150100","RAJKOT, IN","22.3","70.783","138.0","2014-04-28",,,"95","H,,S","109",",,S",,
"IN005150100","RAJKOT, IN","22.3","70.783","138.0","2014-04-29",,,"93","H,,S","109",",,S",,
"IN005150100","RAJKOT, IN","22.3","70.783","138.0","2014-04-30",,,"92","H,,S","109",",,S",,
"IN005150100","RAJKOT, IN","22.3","70.783","138.0","2014-05-01",,,"91","H,,S","108",",,S",,
"IN005150100","RAJKOT, IN","22.3","70.783","138.0","2014-05-02",,,"91","H,,S","107",",,S","76",",,S"
"IN005150100","RAJKOT, IN","22.3","70.783","138.0","2014-05-03",,,"90","H,,S","107",",,S",,
"IN005150100","RAJKOT, IN","22.3","70.783","138.0","2014-05-04",,,"90","H,,S","106",",,S",,
"IN005150100","RAJKOT, IN","22.3","70.783","138.0","2014-05-05",,,"90","H,,S","106",",,S",,
"IN005150100","RAJKOT, IN","22.3","70.783","138.0","2014-05-06",,,"94","H,,S","109",",,S",,
"IN005150100","RAJKOT, IN","22.3","70.783","138.0","2014-05-07",,,"96","H,,S","110",",,S",,
"IN005150100","RAJKOT, IN","22.3","70.783","138.0","2014-05-08",,,"94","H,,S","108",",,S",,
"IN005150100","RAJKOT, IN","22.3","70.783","138.0","2014-05-09",,,"90","H,,S","107",",,S","75",",,S"
"IN005150100","RAJKOT, IN","22.3","70.783","138.0","2014-05-10",,,"88","H,,S","105",",,S",,
"IN005150100","RAJKOT, IN","22.3","70.783","138.0","2014-05-11",,,"86","H,,S","104",",,S",,
"IN005150100","RAJKOT, IN","22.3","70.783","138.0","2014-05-12",,,"88","H,,S","101",",,S",,
"IN005150100","RAJKOT, IN","22.3","70.783","138.0","2014-05-13",,,"88","H,,S","101",",,S",,
"IN005150100","RAJKOT, IN","22.3","70.783","138.0","2014-05-14",,,"86","H,,S","101",",,S",,
"IN005150100","RAJKOT, IN","22.3","70.783","138.0","2014-05-15",,,"87","H,,S","101",",,S",,
"IN005150100","RAJKOT, IN","22.3","70.783","138.0","2014-05-16",,,"89","H,,S","100",",,S",,
"IN005150100","RAJKOT, IN","22.3","70.783","138.0","2014-05-17",,,"89","H,,S","102",",,S",,
"IN005150100","RAJKOT, IN","22.3","70.783","138.0","2014-05-18",,,"90","H,,S","102",",,S",,
"IN005150100","RAJKOT, IN","22.3","70.783","138.0","2014-05-19",,,"90","H,,S","105",",,S",,
"IN005150100","RAJKOT, IN","22.3","70.783","138.0","2014-05-20",,,"87","H,,S","102",",,S",,
"IN005150100","RAJKOT, IN","22.3","70.783","138.0","2014-05-21",,,"91","H,,S","107",",,S",,
"IN005150100","RAJKOT, IN","22.3","70.783","138.0","2014-05-22",,,"92","H,,S","108",",,S",,
"IN005150100","RAJKOT, IN","22.3","70.783","138.0","2014-05-23",,,"92","H,,S","109",",,S",,
"IN005150100","RAJKOT, IN","22.3","70.783","138.0","2014-05-24",,,"92","H,,S","108",",,S",,
"IN005150100","RAJKOT, IN","22.3","70.783","138.0","2014-05-25",,,"92","H,,S","108",",,S",,
"IN005150100","RAJKOT, IN","22.3","70.783","138.0","2014-05-26",,,"93","H,,S","109",",,S",,
"IN005150100","RAJKOT, IN","22.3","70.783","138.0","2014-05-27",,,"95","H,,S","113",",,S",,
"IN005150100","RAJKOT, IN","22.3","70.783","138.0","2014-05-28",,,"94","H,,S","111",",,S",,
"IN005150100","RAJKOT, IN","22.3","70.783","138.0","2014-05-29",,,"93","H,,S","110",",,S","80",",,S"
"IN005150100","RAJKOT, IN","22.3","70.783","138.0","2014-05-30",,,"92","H,,S","109",",,S",,
"IN005150100","RAJKOT, IN","22.3","70.783","138.0","2014-05-31",,,"92","H,,S","108",",,S",,
"IN005150100","RAJKOT, IN","22.3","70.783","138.0","2014-06-01",,,"92","H,,S","109",",,S",,
"IN005150100","RAJKOT, IN","22.3","70.783","138.0","2014-06-02",,,"93","H,,S","108",",,S",,
"IN005150100","RAJKOT, IN","22.3","70.783","138.0","2014-06-03",,,"94","H,,S","110",",,S",,
"IN005150100","RAJKOT, IN","22.3","70.783","138.0","2014-06-04",,,"96","H,,S","112",",,S",,
"IN005150100","RAJKOT, IN","22.3","70.783","138.0","2014-06-05",,,"95","H,,S","113",",,S",,
"IN005150100","RAJKOT, IN","22.3","70.783","138.0","2014-06-06",,,"94","H,,S","110",",,S",,
"IN005150100","RAJKOT, IN","22.3","70.783","138.0","2014-06-07",,,"94","H,,S","112",",,S",,
"IN005150100","RAJKOT, IN","22.3","70.783","138.0","2014-06-08",,,"93","H,,S","109",",,S",,
"IN005150100","RAJKOT, IN","22.3","70.783","138.0","2014-06-09",,,"92","H,,S","106",",,S",,
"IN005150100","RAJKOT, IN","22.3","70.783","138.0","2014-06-10",,,"94","H,,S","107",",,S",,
"IN005150100","RAJKOT, IN","22.3","70.783","138.0","2014-06-11",,,"92","H,,S","103",",,S",,
"IN005150100","RAJKOT, IN","22.3","70.783","138.0","2014-06-12",,,"91","H,,S","101",",,S",,
"IN005150100","RAJKOT, IN","22.3","70.783","138.0","2014-06-13",,,"89","H,,S","100",",,S",,
"IN005150100","RAJKOT, IN","22.3","70.783","138.0","2014-06-14",,,"87","H,,S","97",",,S",,
"IN005150100","RAJKOT, IN","22.3","70.783","138.0","2014-06-15",,,"88","H,,S","100",",,S",,
"IN005150100","RAJKOT, IN","22.3","70.783","138.0","2014-06-16",,,"89","H,,S","101",",,S",,
"IN005150100","RAJKOT, IN","22.3","70.783","138.0","2014-06-17",,,"89","H,,S","99",",,S",,
"IN005150100","RAJKOT, IN","22.3","70.783","138.0","2014-06-18",,,"90","H,,S","101",",,S",,
"IN005150100","RAJKOT, IN","22.3","70.783","138.0","2014-06-19",,,"90","H,,S","101",",,S",,
"IN005150100","RAJKOT, IN","22.3","70.783","138.0","2014-06-20",,,"90","H,,S","102",",,S",,
"IN005150100","RAJKOT, IN","22.3","70.783","138.0","2014-06-21",,,"90","H,,S","101",",,S",,
"IN005150100","RAJKOT, IN","22.3","70.783","138.0","2014-06-22",,,"89","H,,S","99",",,S",,
"IN005150100","RAJKOT, IN","22.3","70.783","138.0","2014-06-23",,,"90","H,,S","100",",,S",,
"IN005150100","RAJKOT, IN","22.3","70.783","138.0","2014-06-24",,,"90","H,,S","101",",,S",,
"IN005150100","RAJKOT, IN","22.3","70.783","138.0","2014-06-25",,,"90","H,,S","100",",,S",,
"IN005150100","RAJKOT, IN","22.3","70.783","138.0","2014-06-26",,,"90","H,,S","101",",,S",,
"IN005150100","RAJKOT, IN","22.3","70.783","138.0","2014-06-27",,,"90","H,,S","103",",,S",,
"IN005150100","RAJKOT, IN","22.3","70.783","138.0","2014-06-28",,,"90","H,,S","102",",,S",,
"IN005150100","RAJKOT, IN","22.3","70.783","138.0","2014-06-29",,,"89","H,,S","101",",,S",,
"IN005150100","RAJKOT, IN","22.3","70.783","138.0","2014-06-30",,,"89","H,,S","101",",,S",,
"IN005150100","RAJKOT, IN","22.3","70.783","138.0","2014-07-01",,,"89","H,,S","100",",,S",,
"IN005150100","RAJKOT, IN","22.3","70.783","138.0","2014-07-02","0.02",",,S","89","H,,S","100",",,S",,
"IN005150100","RAJKOT, IN","22.3","70.783","138.0","2014-07-03","0.00",",,S","89","H,,S","100",",,S",,
"IN005150100","RAJKOT, IN","22.3","70.783","138.0","2014-07-04",,,"90","H,,S","101",",,S",,
"IN005150100","RAJKOT, IN","22.3","70.783","138.0","2014-07-05",,,"89","H,,S","101",",,S",,
"IN005150100","RAJKOT, IN","22.3","70.783","138.0","2014-07-06",,,"90","H,,S","101",",,S",,
"IN005150100","RAJKOT, IN","22.3","70.783","138.0","2014-07-07",,,"90","H,,S","101",",,S",,
"IN005150100","RAJKOT, IN","22.3","70.783","138.0","2014-07-08",,,"90","H,,S","100",",,S",,
"IN005150100","RAJKOT, IN","22.3","70.783","138.0","2014-07-09",,,"90","H,,S","101",",,S",,
"IN005150100","RAJKOT, IN","22.3","70.783","138.0","2014-07-10",,,"87","H,,S","102",",,S",,
"IN005150100","RAJKOT, IN","22.3","70.783","138.0","2014-07-11","0.00",",,S","86","H,,S","96",",,S",,
"IN005150100","RAJKOT, IN","22.3","70.783","138.0","2014-07-12",,,"85","H,,S","99",",,S",,
"IN005150100","RAJKOT, IN","22.3","70.783","138.0","2014-07-13","0.87",",,S","84","H,,S","93",",,S",,
"IN005150100","RAJKOT, IN","22.3","70.783","138.0","2014-07-14","0.04",",,S","85","H,,S","98",",,S",,
"IN005150100","RAJKOT, IN","22.3","70.783","138.0","2014-07-15","0.20",",,S","85","H,,S","96",",,S",,
"IN005150100","RAJKOT, IN","22.3","70.783","138.0","2014-07-16","0.00",",,S","82","H,,S","95",",,S",,
"IN005150100","RAJKOT, IN","22.3","70.783","138.0","2014-07-17","0.67",",,S","82","H,,S","87",",,S",,
"IN005150100","RAJKOT, IN","22.3","70.783","138.0","2014-07-18","0.12",",,S","80","H,,S","84",",,S",,
"IN005150100","RAJKOT, IN","22.3","70.783","138.0","2014-07-19","2.99",",,S","84","H,,S","91",",,S",,
"IN005150100","RAJKOT, IN","22.3","70.783","138.0","2014-07-20","0.00",",,S","86","H,,S","95",",,S",,
"IN005150100","RAJKOT, IN","22.3","70.783","138.0","2014-07-21",,,"86","H,,S","96",",,S",,
"IN005150100","RAJKOT, IN","22.3","70.783","138.0","2014-07-22",,,"87","H,,S","96",",,S",,
"IN005150100","RAJKOT, IN","22.3","70.783","138.0","2014-07-23",,,"85","H,,S","93",",,S",,
"IN005150100","RAJKOT, IN","22.3","70.783","138.0","2014-07-24","0.51",",,S","79","H,,S","81",",,S",,
"IN005150100","RAJKOT, IN","22.3","70.783","138.0","2014-07-25","0.83",",,S","81","H,,S","87",",,S",,
"IN005150100","RAJKOT, IN","22.3","70.783","138.0","2014-07-26","0.12",",,S","81","H,,S","87",",,S",,
"IN005150100","RAJKOT, IN","22.3","70.783","138.0","2014-07-27","0.00",",,S","83","H,,S","88",",,S",,
"IN005150100","RAJKOT, IN","22.3","70.783","138.0","2014-07-28",,,"81","H,,S","88",",,S",,
"IN005150100","RAJKOT, IN","22.3","70.783","138.0","2014-07-29",,,"82","H,,S","87",",,S",,
"IN005150100","RAJKOT, IN","22.3","70.783","138.0","2014-07-30",,,"82","H,,S","87",",,S",,
"IN005150100","RAJKOT, IN","22.3","70.783","138.0","2014-07-31","0.08",",,S","80","H,,S","86",",,S",,
"IN005150100","RAJKOT, IN","22.3","70.783","138.0","2014-08-01","0.43",",,S","83","H,,S","91",",,S",,
"IN005150100","RAJKOT, IN","22.3","70.783","138.0","2014-08-02","0.12",",,S","80","H,,S","87",",,S",,
"IN005150100","RAJKOT, IN","22.3","70.783","138.0","2014-08-03","0.39",",,S","83","H,,S","90",",,S",,
"IN005150100","RAJKOT, IN","22.3","70.783","138.0","2014-08-04","0.00",",,S","82","H,,S","89",",,S",,
"IN005150100","RAJKOT, IN","22.3","70.783","138.0","2014-08-05","0.01",",,S","81","H,,S","89",",,S",,
"IN005150100","RAJKOT, IN","22.3","70.783","138.0","2014-08-06","0.28",",,S","80","H,,S","86",",,S",,
"IN005150100","RAJKOT, IN","22.3","70.783","138.0","2014-08-07","0.08",",,S","80","H,,S","87",",,S",,
"IN005150100","RAJKOT, IN","22.3","70.783","138.0","2014-08-08","0.02",",,S","80","H,,S","84",",,S",,
"IN005150100","RAJKOT, IN","22.3","70.783","138.0","2014-08-09","0.16",",,S","83","H,,S","89",",,S",,
"IN005150100","RAJKOT, IN","22.3","70.783","138.0","2014-08-10","0.00",",,S","82","H,,S","91",",,S",,
"IN005150100","RAJKOT, IN","22.3","70.783","138.0","2014-08-11",,,"82","H,,S","90",",,S",,
"IN005150100","RAJKOT, IN","22.3","70.783","138.0","2014-08-12",,,"81","H,,S","87",",,S",,
"IN005150100","RAJKOT, IN","22.3","70.783","138.0","2014-08-13",,,"81","H,,S","89",",,S",,
"IN005150100","RAJKOT, IN","22.3","70.783","138.0","2014-08-14","0.12",",,S","82","H,,S","88",",,S",,
"IN005150100","RAJKOT, IN","22.3","70.783","138.0","2014-08-15","0.12",",,S","81","H,,S","89",",,S",,
"IN005150100","RAJKOT, IN","22.3","70.783","138.0","2014-08-16","0.08",",,S","83","H,,S","90",",,S",,
"IN005150100","RAJKOT, IN","22.3","70.783","138.0","2014-08-17","0.00",",,S","83","H,,S","91",",,S",,
"IN005150100","RAJKOT, IN","22.3","70.783","138.0","2014-08-18","0.20",",,S","83","H,,S","92",",,S",,
"IN005150100","RAJKOT, IN","22.3","70.783","138.0","2014-08-19","0.00",",,S","84","H,,S","94",",,S",,
"IN005150100","RAJKOT, IN","22.3","70.783","138.0","2014-08-20",,,"85","H,,S","95",",,S",,
"IN005150100","RAJKOT, IN","22.3","70.783","138.0","2014-08-21",,,"84","H,,S","96",",,S",,
"IN005150100","RAJKOT, IN","22.3","70.783","138.0","2014-08-22",,,"85","H,,S","94",",,S",,
"IN005150100","RAJKOT, IN","22.3","70.783","138.0","2014-08-23",,,"82","H,,S","95",",,S",,
"IN005150100","RAJKOT, IN","22.3","70.783","138.0","2014-08-24",,,"82","H,,S","88",",,S",,
"IN005150100","RAJKOT, IN","22.3","70.783","138.0","2014-08-25",,,"83","H,,S","91",",,S",,
"IN005150100","RAJKOT, IN","22.3","70.783","138.0","2014-08-26",,,"83","H,,S","92",",,S",,
"IN005150100","RAJKOT, IN","22.3","70.783","138.0","2014-08-27",,,"79","H,,S","88",",,S",,
"IN005150100","RAJKOT, IN","22.3","70.783","138.0","2014-08-28",,,"82","H,,S","90",",,S",,
"IN005150100","RAJKOT, IN","22.3","70.783","138.0","2014-08-29",,,"83","H,,S","94",",,S",,
"IN005150100","RAJKOT, IN","22.3","70.783","138.0","2014-08-30",,,"80","H,,S","85",",,S",,
"IN005150100","RAJKOT, IN","22.3","70.783","138.0","2014-08-31",,,"82","H,,S","91",",,S",,
"IN005150100","RAJKOT, IN","22.3","70.783","138.0","2014-09-01","1.26",",,S","79","H,,S","86",",,S",,
"IN005150100","RAJKOT, IN","22.3","70.783","138.0","2014-09-02","0.39",",,S","83","H,,S","90",",,S",,
"IN005150100","RAJKOT, IN","22.3","70.783","138.0","2014-09-03","0.00",",,S","83","H,,S","90",",,S",,
"IN005150100","RAJKOT, IN","22.3","70.783","138.0","2014-09-04","0.71",",,S","79","H,,S",,,,
"IN005150100","RAJKOT, IN","22.3","70.783","138.0","2014-09-05","0.51",",,S","82","H,,S","89",",,S",,
"IN005150100","RAJKOT, IN","22.3","70.783","138.0","2014-09-06","0.00",",,S","83","H,,S","90",",,S",,
"IN005150100","RAJKOT, IN","22.3","70.783","138.0","2014-09-07",,,"83","H,,S","92",",,S",,
"IN005150100","RAJKOT, IN","22.3","70.783","138.0","2014-09-08",,,"80","H,,S","84",",,S",,
"IN005150100","RAJKOT, IN","22.3","70.783","138.0","2014-09-09","0.47",",,S","80","H,,S","85",",,S",,
"IN005150100","RAJKOT, IN","22.3","70.783","138.0","2014-09-10","0.01",",,S","81","H,,S","87",",,S",,
"IN005150100","RAJKOT, IN","22.3","70.783","138.0","2014-09-11","0.00",",,S","80","H,,S","84",",,S",,
"IN005150100","RAJKOT, IN","22.3","70.783","138.0","2014-09-12","0.01",",,S","80","H,,S","85",",,S",,
"IN005150100","RAJKOT, IN","22.3","70.783","138.0","2014-09-13","0.04",",,S","82","H,,S","90",",,S",,
"IN005150100","RAJKOT, IN","22.3","70.783","138.0","2014-09-14","0.00",",,S","82","H,,S","91",",,S",,
"IN005150100","RAJKOT, IN","22.3","70.783","138.0","2014-09-15","0.02",",,S","82","H,,S","90",",,S",,
"IN005150100","RAJKOT, IN","22.3","70.783","138.0","2014-09-16","0.00",",,S","83","H,,S","92",",,S",,
"IN005150100","RAJKOT, IN","22.3","70.783","138.0","2014-09-17","0.00",",,S","83","H,,S","93",",,S",,
"IN005150100","RAJKOT, IN","22.3","70.783","138.0","2014-09-18",,,"83","H,,S","93",",,S",,
"IN005150100","RAJKOT, IN","22.3","70.783","138.0","2014-09-19",,,"83","H,,S","93",",,S",,
"IN005150100","RAJKOT, IN","22.3","70.783","138.0","2014-09-20",,,"83","H,,S","93",",,S",,
"IN005150100","RAJKOT, IN","22.3","70.783","138.0","2014-09-21",,,"84","H,,S","94",",,S",,
"IN005150100","RAJKOT, IN","22.3","70.783","138.0","2014-09-22",,,"84","H,,S","94",",,S",,
"IN005150100","RAJKOT, IN","22.3","70.783","138.0","2014-09-23",,,"84","H,,S","94",",,S",,
"IN005150100","RAJKOT, IN","22.3","70.783","138.0","2014-09-24",,,"84","H,,S","93",",,S",,
"IN005150100","RAJKOT, IN","22.3","70.783","138.0","2014-09-25",,,"85","H,,S","95",",,S",,
"IN005150100","RAJKOT, IN","22.3","70.783","138.0","2014-09-26",,,"84","H,,S","96",",,S",,
"IN005150100","RAJKOT, IN","22.3","70.783","138.0","2014-09-27",,,"84","H,,S","96",",,S",,
"IN005150100","RAJKOT, IN","22.3","70.783","138.0","2014-09-28",,,"84","H,,S","95",",,S",,
"IN005150100","RAJKOT, IN","22.3","70.783","138.0","2014-09-29",,,"84","H,,S","95",",,S",,
"IN005150100","RAJKOT, IN","22.3","70.783","138.0","2014-09-30",,,"83","H,,S","95",",,S",,
"IN005150100","RAJKOT, IN","22.3","70.783","138.0","2014-10-01",,,"84","H,,S","96",",,S",,
"IN005150100","RAJKOT, IN","22.3","70.783","138.0","2014-10-02",,,"87","H,,S","96",",,S",,
"IN005150100","RAJKOT, IN","22.3","70.783","138.0","2014-10-03",,,"86","H,,S","97",",,S",,
"IN005150100","RAJKOT, IN","22.3","70.783","138.0","2014-10-04",,,"86","H,,S","96",",,S",,
"IN005150100","RAJKOT, IN","22.3","70.783","138.0","2014-10-05",,,"85","H,,S","96",",,S",,
"IN005150100","RAJKOT, IN","22.3","70.783","138.0","2014-10-06",,,"84","H,,S","95",",,S",,
"IN005150100","RAJKOT, IN","22.3","70.783","138.0","2014-10-07",,,"85","H,,S","96",",,S",,
"IN005150100","RAJKOT, IN","22.3","70.783","138.0","2014-10-08",,,"85","H,,S","96",",,S",,
"IN005150100","RAJKOT, IN","22.3","70.783","138.0","2014-10-09",,,"87","H,,S","99",",,S",,
"IN005150100","RAJKOT, IN","22.3","70.783","138.0","2014-10-10",,,"90","H,,S","101",",,S",,
"IN005150100","RAJKOT, IN","22.3","70.783","138.0","2014-10-11",,,"90","H,,S","102",",,S",,
"IN005150100","RAJKOT, IN","22.3","70.783","138.0","2014-10-12",,,"87","H,,S","101",",,S",,
"IN005150100","RAJKOT, IN","22.3","70.783","138.0","2014-10-13",,,"87","H,,S","102",",,S",,
"IN005150100","RAJKOT, IN","22.3","70.783","138.0","2014-10-14",,,"86","H,,S","100",",,S",,
"IN005150100","RAJKOT, IN","22.3","70.783","138.0","2014-10-15",,,"84","H,,S","98",",,S",,
"IN005150100","RAJKOT, IN","22.3","70.783","138.0","2014-10-16",,,"84","H,,S","98",",,S",,
"IN005150100","RAJKOT, IN","22.3","70.783","138.0","2014-10-17",,,"85","H,,S","99",",,S",,
"IN005150100","RAJKOT, IN","22.3","70.783","138.0","2014-10-18",,,"84","H,,S","98",",,S",,
"IN005150100","RAJKOT, IN","22.3","70.783","138.0","2014-10-19",,,"85","H,,S","99",",,S",,
"IN005150100","RAJKOT, IN","22.3","70.783","138.0","2014-10-20",,,"85","H,,S","99",",,S",,
"IN005150100","RAJKOT, IN","22.3","70.783","138.0","2014-10-21",,,"87","H,,S","101",",,S",,
"IN005150100","RAJKOT, IN","22.3","70.783","138.0","2014-10-22",,,"89","H,,S","99",",,S",,
"IN005150100","RAJKOT, IN","22.3","70.783","138.0","2014-10-23",,,"88","H,,S","99",",,S",,
"IN005150100","RAJKOT, IN","22.3","70.783","138.0","2014-10-24",,,"87","H,,S","99",",,S",,
"IN005150100","RAJKOT, IN","22.3","70.783","138.0","2014-10-25",,,"85","H,,S","98",",,S",,
"IN005150100","RAJKOT, IN","22.3","70.783","138.0","2014-10-26",,,"82","H,,S","91",",,S","72",",,S"
"IN005150100","RAJKOT, IN","22.3","70.783","138.0","2014-10-27",,,"84","H,,S","96",",,S",,
"IN005150100","RAJKOT, IN","22.3","70.783","138.0","2014-10-28",,,"83","H,,S","95",",,S",,
"IN005150100","RAJKOT, IN","22.3","70.783","138.0","2014-10-29",,,"85","H,,S","96",",,S",,
"IN005150100","RAJKOT, IN","22.3","70.783","138.0","2014-10-30",,,"83","H,,S","91",",,S",,
"IN005150100","RAJKOT, IN","22.3","70.783","138.0","2014-10-31",,,"83","H,,S","95",",,S",,
"IN005150100","RAJKOT, IN","22.3","70.783","138.0","2014-11-01",,,"84","H,,S","97",",,S",,
"IN005150100","RAJKOT, IN","22.3","70.783","138.0","2014-11-02",,,"85","H,,S","98",",,S",,
"IN005150100","RAJKOT, IN","22.3","70.783","138.0","2014-11-03",,,"84","H,,S","98",",,S",,
"IN005150100","RAJKOT, IN","22.3","70.783","138.0","2014-11-04",,,"82","H,,S","95",",,S",,
"IN005150100","RAJKOT, IN","22.3","70.783","138.0","2014-11-05",,,"80","H,,S","94",",,S",,
"IN005150100","RAJKOT, IN","22.3","70.783","138.0","2014-11-06",,,"79","H,,S","93",",,S",,
"IN005150100","RAJKOT, IN","22.3","70.783","138.0","2014-11-07",,,"81","H,,S","94",",,S",,
"IN005150100","RAJKOT, IN","22.3","70.783","138.0","2014-11-08",,,"81","H,,S","95",",,S",,
"IN005150100","RAJKOT, IN","22.3","70.783","138.0","2014-11-09",,,"82","H,,S","94",",,S",,
"IN005150100","RAJKOT, IN","22.3","70.783","138.0","2014-11-10",,,"81","H,,S","95",",,S",,
"IN005150100","RAJKOT, IN","22.3","70.783","138.0","2014-11-11",,,"81","H,,S","94",",,S",,
"IN005150100","RAJKOT, IN","22.3","70.783","138.0","2014-11-12",,,"83","H,,S","97",",,S","69",",,S"
"IN005150100","RAJKOT, IN","22.3","70.783","138.0","2014-11-13",,,"83","H,,S","98",",,S",,
"IN005150100","RAJKOT, IN","22.3","70.783","138.0","2014-11-14",,,"83","H,,S","94",",,S",,
"IN005150100","RAJKOT, IN","22.3","70.783","138.0","2014-11-15",,,"83","H,,S","94",",,S",,
"IN005150100","RAJKOT, IN","22.3","70.783","138.0","2014-11-16",,,"82","H,,S","92",",,S",,
"IN005150100","RAJKOT, IN","22.3","70.783","138.0","2014-11-17",,,"83","H,,S","94",",,S",,
"IN005150100","RAJKOT, IN","22.3","70.783","138.0","2014-11-18","0.08",",,S","85","H,,S","95",",,S",,
"IN005150100","RAJKOT, IN","22.3","70.783","138.0","2014-11-19","0.00",",,S","85","H,,S","96",",,S",,
"IN005150100","RAJKOT, IN","22.3","70.783","138.0","2014-11-20",,,"82","H,,S","94",",,S",,
"IN005150100","RAJKOT, IN","22.3","70.783","138.0","2014-11-21",,,"79","H,,S","93",",,S",,
"IN005150100","RAJKOT, IN","22.3","70.783","138.0","2014-11-22",,,"79","H,,S","92",",,S",,
"IN005150100","RAJKOT, IN","22.3","70.783","138.0","2014-11-23",,,"78","H,,S","91",",,S",,
"IN005150100","RAJKOT, IN","22.3","70.783","138.0","2014-11-24",,,"77","H,,S","93",",,S",,
"IN005150100","RAJKOT, IN","22.3","70.783","138.0","2014-11-25",,,"79","H,,S","93",",,S",,
"IN005150100","RAJKOT, IN","22.3","70.783","138.0","2014-11-26",,,"77","H,,S","92",",,S",,
"IN005150100","RAJKOT, IN","22.3","70.783","138.0","2014-11-27",,,"77","H,,S","91",",,S",,
"IN005150100","RAJKOT, IN","22.3","70.783","138.0","2014-11-28",,,"78","H,,S","90",",,S",,
"IN005150100","RAJKOT, IN","22.3","70.783","138.0","2014-11-29",,,"78","H,,S","90",",,S",,
"IN005150100","RAJKOT, IN","22.3","70.783","138.0","2014-11-30",,,"77","H,,S","90",",,S",,
"IN005150100","RAJKOT, IN","22.3","70.783","138.0","2014-12-01",,,"78","H,,S","91",",,S",,
"IN005150100","RAJKOT, IN","22.3","70.783","138.0","2014-12-02",,,"76","H,,S","92",",,S",,
"IN005150100","RAJKOT, IN","22.3","70.783","138.0","2014-12-03",,,"75","H,,S","92",",,S",,
"IN005150100","RAJKOT, IN","22.3","70.783","138.0","2014-12-04",,,"75","H,,S",,,,
"IN005150100","RAJKOT, IN","22.3","70.783","138.0","2014-12-05",,,"77","H,,S","91",",,S",,
"IN005150100","RAJKOT, IN","22.3","70.783","138.0","2014-12-06",,,"76","H,,S","90",",,S",,
"IN005150100","RAJKOT, IN","22.3","70.783","138.0","2014-12-07",,,"77","H,,S","90",",,S",,
"IN005150100","RAJKOT, IN","22.3","70.783","138.0","2014-12-08",,,"74","H,,S","90",",,S",,
"IN005150100","RAJKOT, IN","22.3","70.783","138.0","2014-12-09",,,"73","H,,S","90",",,S",,
"IN005150100","RAJKOT, IN","22.3","70.783","138.0","2014-12-10",,,"71","H,,S","88",",,S",,
"IN005150100","RAJKOT, IN","22.3","70.783","138.0","2014-12-11",,,"71","H,,S","89",",,S",,
"IN005150100","RAJKOT, IN","22.3","70.783","138.0","2014-12-12",,,"73","H,,S","85",",,S",,
"IN005150100","RAJKOT, IN","22.3","70.783","138.0","2014-12-13",,,"67","H,,S","82",",,S",,
"IN005150100","RAJKOT, IN","22.3","70.783","138.0","2014-12-14",,,"63","H,,S","81",",,S",,
"IN005150100","RAJKOT, IN","22.3","70.783","138.0","2014-12-15",,,"64","H,,S","80",",,S",,
"IN005150100","RAJKOT, IN","22.3","70.783","138.0","2014-12-16",,,"67","H,,S","81",",,S",,
"IN005150100","RAJKOT, IN","22.3","70.783","138.0","2014-12-17",,,"66","H,,S","80",",,S",,
"IN005150100","RAJKOT, IN","22.3","70.783","138.0","2014-12-18",,,"67","H,,S","81",",,S",,
"IN005150100","RAJKOT, IN","22.3","70.783","138.0","2014-12-19",,,"69","H,,S","83",",,S",,
"IN005150100","RAJKOT, IN","22.3","70.783","138.0","2014-12-20",,,"69","H,,S","82",",,S",,
"IN005150100","RAJKOT, IN","22.3","70.783","138.0","2014-12-21",,,"68","H,,S","84",",,S",,
"IN005150100","RAJKOT, IN","22.3","70.783","138.0","2014-12-22",,,"70","H,,S","86",",,S",,
"IN005150100","RAJKOT, IN","22.3","70.783","138.0","2014-12-23",,,"68","H,,S","82",",,S",,
"IN005150100","RAJKOT, IN","22.3","70.783","138.0","2014-12-24",,,"69","H,,S","84",",,S",,
"IN005150100","RAJKOT, IN","22.3","70.783","138.0","2014-12-25",,,"69","H,,S","84",",,S",,
"IN005150100","RAJKOT, IN","22.3","70.783","138.0","2014-12-26",,,"68","H,,S","83",",,S",,
"IN005150100","RAJKOT, IN","22.3","70.783","138.0","2014-12-27",,,"69","H,,S","82",",,S",,
"IN005150100","RAJKOT, IN","22.3","70.783","138.0","2014-12-28",,,"68","H,,S","81",",,S",,
"IN005150100","RAJKOT, IN","22.3","70.783","138.0","2014-12-29",,,"67","H,,S","81",",,S",,
"IN005150100","RAJKOT, IN","22.3","70.783","138.0","2014-12-30",,,"64","H,,S","80",",,S",,
"IN005150100","RAJKOT, IN","22.3","70.783","138.0","2014-12-31",,,"63","H,,S","79",",,S",,
"IN005150100","RAJKOT, IN","22.3","70.783","138.0","2015-01-01",,,"63","H,,S","73",",,S",,
"IN005150100","RAJKOT, IN","22.3","70.783","138.0","2015-01-02",,,"69","H,,S","81",",,S",,
"IN005150100","RAJKOT, IN","22.3","70.783","138.0","2015-01-03",,,"70","H,,S","82",",,S","58",",,S"
"IN005150100","RAJKOT, IN","22.3","70.783","138.0","2015-01-04",,,"70","H,,S","82",",,S",,
"IN005150100","RAJKOT, IN","22.3","70.783","138.0","2015-01-05",,,"70","H,,S","85",",,S",,
"IN005150100","RAJKOT, IN","22.3","70.783","138.0","2015-01-06",,,"72","H,,S","89",",,S",,
"IN005150100","RAJKOT, IN","22.3","70.783","138.0","2015-01-07",,,"69","H,,S","83",",,S",,
"IN005150100","RAJKOT, IN","22.3","70.783","138.0","2015-01-08",,,"73","H,,S","87",",,S",,
"IN005150100","RAJKOT, IN","22.3","70.783","138.0","2015-01-09",,,"74","H,,S","89",",,S",,
"IN005150100","RAJKOT, IN","22.3","70.783","138.0","2015-01-10",,,"72","H,,S","87",",,S",,
"IN005150100","RAJKOT, IN","22.3","70.783","138.0","2015-01-11",,,"70","H,,S","88",",,S",,
"IN005150100","RAJKOT, IN","22.3","70.783","138.0","2015-01-12",,,"70","H,,S","87",",,S",,
"IN005150100","RAJKOT, IN","22.3","70.783","138.0","2015-01-13",,,"70","H,,S","86",",,S",,
"IN005150100","RAJKOT, IN","22.3","70.783","138.0","2015-01-14",,,"71","H,,S","83",",,S",,
"IN005150100","RAJKOT, IN","22.3","70.783","138.0","2015-01-15",,,"67","H,,S","82",",,S",,
"IN005150100","RAJKOT, IN","22.3","70.783","138.0","2015-01-16",,,"66","H,,S","81",",,S",,
"IN005150100","RAJKOT, IN","22.3","70.783","138.0","2015-01-17",,,"69","H,,S","83",",,S",,
"IN005150100","RAJKOT, IN","22.3","70.783","138.0","2015-01-18",,,"69","H,,S","83",",,S",,
"IN005150100","RAJKOT, IN","22.3","70.783","138.0","2015-01-19",,,"68","H,,S","83",",,S",,
"IN005150100","RAJKOT, IN","22.3","70.783","138.0","2015-01-20",,,"73","H,,S","85",",,S",,
"IN005150100","RAJKOT, IN","22.3","70.783","138.0","2015-01-21",,,"72","H,,S","82",",,S",,
"IN005150100","RAJKOT, IN","22.3","70.783","138.0","2015-01-22",,,"68","H,,S","80",",,S",,
"IN005150100","RAJKOT, IN","22.3","70.783","138.0","2015-01-23",,,"68","H,,S","81",",,S",,
"IN005150100","RAJKOT, IN","22.3","70.783","138.0","2015-01-24",,,"67","H,,S","79",",,S",,
"IN005150100","RAJKOT, IN","22.3","70.783","138.0","2015-01-25",,,"65","H,,S","79",",,S",,
"IN005150100","RAJKOT, IN","22.3","70.783","138.0","2015-01-26",,,"64","H,,S","80",",,S",,
"IN005150100","RAJKOT, IN","22.3","70.783","138.0","2015-01-27",,,"63","H,,S","78",",,S",,
"IN005150100","RAJKOT, IN","22.3","70.783","138.0","2015-01-28",,,"63","H,,S","77",",,S",,
"IN005150100","RAJKOT, IN","22.3","70.783","138.0","2015-01-29",,,"67","H,,S","83",",,S",,
"IN005150100","RAJKOT, IN","22.3","70.783","138.0","2015-01-30",,,"70","H,,S","85",",,S",,
"IN005150100","RAJKOT, IN","22.3","70.783","138.0","2015-01-31",,,"73","H,,S","91",",,S",,
"IN005150100","RAJKOT, IN","22.3","70.783","138.0","2015-02-01",,,"72","H,,S","89",",,S",,
"IN005150100","RAJKOT, IN","22.3","70.783","138.0","2015-02-02",,,"71","H,,S",,,,
"IN005150100","RAJKOT, IN","22.3","70.783","138.0","2015-02-03",,,"72","H,,S","87",",,S",,
"IN005150100","RAJKOT, IN","22.3","70.783","138.0","2015-02-04",,,"73","H,,S","87",",,S",,
"IN005150100","RAJKOT, IN","22.3","70.783","138.0","2015-02-05",,,"73","H,,S","88",",,S",,
"IN005150100","RAJKOT, IN","22.3","70.783","138.0","2015-02-06",,,"73","H,,S","89",",,S",,
"IN005150100","RAJKOT, IN","22.3","70.783","138.0","2015-02-07",,,"72","H,,S","89",",,S",,
"IN005150100","RAJKOT, IN","22.3","70.783","138.0","2015-02-08",,,"70","H,,S","84",",,S",,
"IN005150100","RAJKOT, IN","22.3","70.783","138.0","2015-02-09",,,"72","H,,S","87",",,S",,
"IN005150100","RAJKOT, IN","22.3","70.783","138.0","2015-02-10",,,"74","H,,S","89",",,S",,
"IN005150100","RAJKOT, IN","22.3","70.783","138.0","2015-02-11",,,"72","H,,S","89",",,S",,
"IN005150100","RAJKOT, IN","22.3","70.783","138.0","2015-02-12",,,"73","H,,S","89",",,S",,
"IN005150100","RAJKOT, IN","22.3","70.783","138.0","2015-02-13",,,"76","H,,S","95",",,S",,
"IN005150100","RAJKOT, IN","22.3","70.783","138.0","2015-02-14",,,"76","H,,S","94",",,S",,
"IN005150100","RAJKOT, IN","22.3","70.783","138.0","2015-02-15",,,"77","H,,S","93",",,S",,
"IN005150100","RAJKOT, IN","22.3","70.783","138.0","2015-02-16",,,"79","H,,S","96",",,S",,
"IN005150100","RAJKOT, IN","22.3","70.783","138.0","2015-02-17",,,"79","H,,S","94",",,S",,
"IN005150100","RAJKOT, IN","22.3","70.783","138.0","2015-02-18",,,"78","H,,S","94",",,S",,
"IN005150100","RAJKOT, IN","22.3","70.783","138.0","2015-02-19",,,"78","H,,S","94",",,S",,
"IN005150100","RAJKOT, IN","22.3","70.783","138.0","2015-02-20",,,"79","H,,S","96",",,S",,
"IN005150100","RAJKOT, IN","22.3","70.783","138.0","2015-02-21",,,"83","H,,S","98",",,S",,
"IN005150100","RAJKOT, IN","22.3","70.783","138.0","2015-02-22",,,"86","H,,S","101",",,S",,
"IN005150100","RAJKOT, IN","22.3","70.783","138.0","2015-02-23",,,"84","H,,S","100",",,S",,
"IN005150100","RAJKOT, IN","22.3","70.783","138.0","2015-02-24",,,"78","H,,S","93",",,S",,
"IN005150100","RAJKOT, IN","22.3","70.783","138.0","2015-02-25",,,"72","H,,S","85",",,S",,
"IN005150100","RAJKOT, IN","22.3","70.783","138.0","2015-02-26",,,"70","H,,S","85",",,S",,
"IN005150100","RAJKOT, IN","22.3","70.783","138.0","2015-02-27",,,"73","H,,S","87",",,S",,
"IN005150100","RAJKOT, IN","22.3","70.783","138.0","2015-02-28",,,"75","H,,S","88",",,S",,
"IN005150100","RAJKOT, IN","22.3","70.783","138.0","2015-03-01","0.51",",,S","66","H,,S","79",",,S",,
"IN005150100","RAJKOT, IN","22.3","70.783","138.0","2015-03-02","0.08",",,S","67","H,,S","79",",,S",,
"IN005150100","RAJKOT, IN","22.3","70.783","138.0","2015-03-03","0.00",",,S","71","H,,S","81",",,S",,
"IN005150100","RAJKOT, IN","22.3","70.783","138.0","2015-03-04",,,"73","H,,S","84",",,S",,
"IN005150100","RAJKOT, IN","22.3","70.783","138.0","2015-03-05",,,"76","H,,S","90",",,S",,
"IN005150100","RAJKOT, IN","22.3","70.783","138.0","2015-03-06",,,"78","H,,S","92",",,S",,
"IN005150100","RAJKOT, IN","22.3","70.783","138.0","2015-03-07",,,"77","H,,S","91",",,S",,
"IN005150100","RAJKOT, IN","22.3","70.783","138.0","2015-03-08",,,"76","H,,S","91",",,S",,
"IN005150100","RAJKOT, IN","22.3","70.783","138.0","2015-03-09",,,"76","H,,S","92",",,S",,
"IN005150100","RAJKOT, IN","22.3","70.783","138.0","2015-03-10",,,"76","H,,S","92",",,S",,
"IN005150100","RAJKOT, IN","22.3","70.783","138.0","2015-03-11",,,"80","H,,S","97",",,S",,
"IN005150100","RAJKOT, IN","22.3","70.783","138.0","2015-03-12",,,"81","H,,S","95",",,S","67",",,S"
"IN005150100","RAJKOT, IN","22.3","70.783","138.0","2015-03-13","0.02",",,S","80","H,,S","94",",,S","69",",,S"
"IN005150100","RAJKOT, IN","22.3","70.783","138.0","2015-03-14","0.02",",,S","78","H,,S","90",",,S","69",",,S"
"IN005150100","RAJKOT, IN","22.3","70.783","138.0","2015-03-15","0.00",",,S","75","H,,S","89",",,S","65",",,S"
"IN005150100","RAJKOT, IN","22.3","70.783","138.0","2015-03-16",,,"76","H,,S","88",",,S","62",",,S"
"IN005150100","RAJKOT, IN","22.3","70.783","138.0","2015-03-17",,,"79","H,,S","93",",,S","62",",,S"
"IN005150100","RAJKOT, IN","22.3","70.783","138.0","2015-03-18",,,"81","H,,S","96",",,S","64",",,S"
"IN005150100","RAJKOT, IN","22.3","70.783","138.0","2015-03-19",,,"84","H,,S","98",",,S","66",",,S"
"IN005150100","RAJKOT, IN","22.3","70.783","138.0","2015-03-20",,,"86","H,,S","100",",,S","69",",,S"
"IN005150100","RAJKOT, IN","22.3","70.783","138.0","2015-03-21",,,"87","H,,S","103",",,S","71",",,S"
"IN005150100","RAJKOT, IN","22.3","70.783","138.0","2015-03-22",,,"90","H,,S","105",",,S","74",",,S"
"IN005150100","RAJKOT, IN","22.3","70.783","138.0","2015-03-23",,,"90","H,,S","107",",,S","77",",,S"
"IN005150100","RAJKOT, IN","22.3","70.783","138.0","2015-03-24",,,"87","H,,S","105",",,S","74",",,S"
"IN005150100","RAJKOT, IN","22.3","70.783","138.0","2015-03-25",,,"89","H,,S","107",",,S","71",",,S"
"IN005150100","RAJKOT, IN","22.3","70.783","138.0","2015-03-26",,,"92","H,,S","105",",,S","77",",,S"
"IN005150100","RAJKOT, IN","22.3","70.783","138.0","2015-03-27",,,"93","H,,S","109",",,S","80",",,S"
"IN005150100","RAJKOT, IN","22.3","70.783","138.0","2015-03-28",,,"89","H,,S","105",",,S","77",",,S"
"IN005150100","RAJKOT, IN","22.3","70.783","138.0","2015-03-29",,,"85","H,,S","95",",,S",,
"IN005150100","RAJKOT, IN","22.3","70.783","138.0","2015-03-30",,,"82","H,,S","100",",,S","74",",,S"
"IN005150100","RAJKOT, IN","22.3","70.783","138.0","2015-03-31",,,"83","H,,S","99",",,S","70",",,S"
"IN005150100","RAJKOT, IN","22.3","70.783","138.0","2015-04-01",,,"85","H,,S","101",",,S","72",",,S"
"IN005150100","RAJKOT, IN","22.3","70.783","138.0","2015-04-02",,,"86","H,,S","101",",,S","75",",,S"
"IN005150100","RAJKOT, IN","22.3","70.783","138.0","2015-04-03",,,"86","H,,S","101",",,S","73",",,S"
"IN005150100","RAJKOT, IN","22.3","70.783","138.0","2015-04-04",,,"83","H,,S","96",",,S","75",",,S"
"IN005150100","RAJKOT, IN","22.3","70.783","138.0","2015-04-05",,,"83","H,,S","97",",,S","73",",,S"
"IN005150100","RAJKOT, IN","22.3","70.783","138.0","2015-04-06",,,"84","H,,S","99",",,S","72",",,S"
"IN005150100","RAJKOT, IN","22.3","70.783","138.0","2015-04-07",,,"86","H,,S","100",",,S","74",",,S"
"IN005150100","RAJKOT, IN","22.3","70.783","138.0","2015-04-08",,,"90","H,,S","103",",,S","76",",,S"
"IN005150100","RAJKOT, IN","22.3","70.783","138.0","2015-04-09",,,"90","H,,S","106",",,S","78",",,S"
"IN005150100","RAJKOT, IN","22.3","70.783","138.0","2015-04-10",,,"87","H,,S","102",",,S","75",",,S"
"IN005150100","RAJKOT, IN","22.3","70.783","138.0","2015-04-11",,,"87","H,,S","102",",,S","76",",,S"
"IN005150100","RAJKOT, IN","22.3","70.783","138.0","2015-04-12",,,"85","H,,S","100",",,S","73",",,S"
"IN005150100","RAJKOT, IN","22.3","70.783","138.0","2015-04-13",,,"86","H,,S","101",",,S","76",",,S"
"IN005150100","RAJKOT, IN","22.3","70.783","138.0","2015-04-14",,,"87","H,,S","100",",,S","75",",,S"
"IN005150100","RAJKOT, IN","22.3","70.783","138.0","2015-04-15",,,"89","H,,S","101",",,S","77",",,S"
"IN005150100","RAJKOT, IN","22.3","70.783","138.0","2015-04-16",,,"92","H,,S","105",",,S","79",",,S"
"IN005150100","RAJKOT, IN","22.3","70.783","138.0","2015-04-17",,,"93","H,,S","109",",,S","81",",,S"
"IN005150100","RAJKOT, IN","22.3","70.783","138.0","2015-04-18",,,"92","H,,S","109",",,S","79",",,S"
"IN005150100","RAJKOT, IN","22.3","70.783","138.0","2015-04-19",,,"93","H,,S","110",",,S","78",",,S"
"IN005150100","RAJKOT, IN","22.3","70.783","138.0","2015-04-20",,,"95","H,,S","110",",,S","80",",,S"
"IN005150100","RAJKOT, IN","22.3","70.783","138.0","2015-04-21",,,"94","H,,S","110",",,S","80",",,S"
"IN005150100","RAJKOT, IN","22.3","70.783","138.0","2015-04-22",,,"92","H,,S","108",",,S","79",",,S"
"IN005150100","RAJKOT, IN","22.3","70.783","138.0","2015-04-23",,,"91","H,,S","107",",,S","79",",,S"
"IN005150100","RAJKOT, IN","22.3","70.783","138.0","2015-04-24",,,"89","H,,S","108",",,S","76",",,S"
"IN005150100","RAJKOT, IN","22.3","70.783","138.0","2015-04-25",,,"91","H,,S","108",",,S","76",",,S"
"IN005150100","RAJKOT, IN","22.3","70.783","138.0","2015-04-26",,,"92","H,,S","110",",,S","75",",,S"
"IN005150100","RAJKOT, IN","22.3","70.783","138.0","2015-04-27",,,"92","H,,S","111",",,S","77",",,S"
"IN005150100","RAJKOT, IN","22.3","70.783","138.0","2015-04-28",,,"91","H,,S","108",",,S","77",",,S"
"IN005150100","RAJKOT, IN","22.3","70.783","138.0","2015-04-29",,,"92","H,,S","112",",,S","77",",,S"
"IN005150100","RAJKOT, IN","22.3","70.783","138.0","2015-04-30",,,"92","H,,S","110",",,S","77",",,S"
"IN005150100","RAJKOT, IN","22.3","70.783","138.0","2015-05-01",,,"91","H,,S",,,"77",",,S"
"IN005150100","RAJKOT, IN","22.3","70.783","138.0","2015-05-02",,,"93","H,,S","112",",,S","79",",,S"
"IN005150100","RAJKOT, IN","22.3","70.783","138.0","2015-05-03",,,"92","H,,S","111",",,S","77",",,S"
"IN005150100","RAJKOT, IN","22.3","70.783","138.0","2015-05-04",,,"92","H,,S","109",",,S","77",",,S"
"IN005150100","RAJKOT, IN","22.3","70.783","138.0","2015-05-05",,,"90","H,,S","109",",,S","77",",,S"
"IN005150100","RAJKOT, IN","22.3","70.783","138.0","2015-05-06",,,"90","H,,S","109",",,S","76",",,S"
"IN005150100","RAJKOT, IN","22.3","70.783","138.0","2015-05-07",,,"91","H,,S","108",",,S","77",",,S"
"IN005150100","RAJKOT, IN","22.3","70.783","138.0","2015-05-08",,,"91","H,,S","107",",,S","78",",,S"
"IN005150100","RAJKOT, IN","22.3","70.783","138.0","2015-05-09",,,"88","H,,S",,,"76",",,S"
"IN005150100","RAJKOT, IN","22.3","70.783","138.0","2015-05-10",,,"91","H,,S","108",",,S","78",",,S"
"IN005150100","RAJKOT, IN","22.3","70.783","138.0","2015-05-11",,,"90","H,,S","108",",,S","79",",,S"
"IN005150100","RAJKOT, IN","22.3","70.783","138.0","2015-05-12",,,"91","H,,S","107",",,S","80",",,S"
"IN005150100","RAJKOT, IN","22.3","70.783","138.0","2015-05-13",,,"90","H,,S","107",",,S","80",",,S"
"IN005150100","RAJKOT, IN","22.3","70.783","138.0","2015-05-14",,,"92","H,,S","107",",,S","80",",,S"
"IN005150100","RAJKOT, IN","22.3","70.783","138.0","2015-05-15",,,"94","H,,S","109",",,S","80",",,S"
"IN005150100","RAJKOT, IN","22.3","70.783","138.0","2015-05-16",,,"94","H,,S","112",",,S","79",",,S"
"IN005150100","RAJKOT, IN","22.3","70.783","138.0","2015-05-17",,,"94","H,,S","111",",,S","80",",,S"
"IN005150100","RAJKOT, IN","22.3","70.783","138.0","2015-05-18",,,"94","H,,S","110",",,S","80",",,S"
"IN005150100","RAJKOT, IN","22.3","70.783","138.0","2015-05-19",,,"93","H,,S","109",",,S","79",",,S"
"IN005150100","RAJKOT, IN","22.3","70.783","138.0","2015-05-20",,,"93","H,,S","109",",,S","81",",,S"
"IN005150100","RAJKOT, IN","22.3","70.783","138.0","2015-05-21",,,"93","H,,S","110",",,S","81",",,S"
"IN005150100","RAJKOT, IN","22.3","70.783","138.0","2015-05-22",,,"92","H,,S","108",",,S","80",",,S"
"IN005150100","RAJKOT, IN","22.3","70.783","138.0","2015-05-23",,,"93","H,,S","108",",,S","82",",,S"
"IN005150100","RAJKOT, IN","22.3","70.783","138.0","2015-05-24",,,"93","H,,S","108",",,S","82",",,S"
"IN005150100","RAJKOT, IN","22.3","70.783","138.0","2015-05-25",,,"93","H,,S","107",",,S","82",",,S"
"IN005150100","RAJKOT, IN","22.3","70.783","138.0","2015-05-26",,,"92","H,,S","108",",,S","82",",,S"
"IN005150100","RAJKOT, IN","22.3","70.783","138.0","2015-05-27",,,"93","H,,S","108",",,S","82",",,S"
"IN005150100","RAJKOT, IN","22.3","70.783","138.0","2015-05-28",,,"92","H,,S","110",",,S",,
"IN005150100","RAJKOT, IN","22.3","70.783","138.0","2015-05-29",,,"93","H,,S","108",",,S","81",",,S"
"IN005150100","RAJKOT, IN","22.3","70.783","138.0","2015-05-30",,,"93","H,,S","109",",,S","80",",,S"
"IN005150100","RAJKOT, IN","22.3","70.783","138.0","2015-05-31",,,"93","H,,S","110",",,S","78",",,S"
"IN005150100","RAJKOT, IN","22.3","70.783","138.0","2015-06-01",,,"91","H,,S","105",",,S","79",",,S"
"IN005150100","RAJKOT, IN","22.3","70.783","138.0","2015-06-02",,,"90","H,,S","104",",,S",,
"IN005150100","RAJKOT, IN","22.3","70.783","138.0","2015-06-03",,,"87","H,,S","103",",,S","78",",,S"
"IN005150100","RAJKOT, IN","22.3","70.783","138.0","2015-06-04",,,"89","H,,S","104",",,S","77",",,S"
"IN005150100","RAJKOT, IN","22.3","70.783","138.0","2015-06-05",,,"92","H,,S","106",",,S","81",",,S"
"IN005150100","RAJKOT, IN","22.3","70.783","138.0","2015-06-06",,,"94","H,,S","107",",,S","82",",,S"
"IN005150100","RAJKOT, IN","22.3","70.783","138.0","2015-06-07",,,"92","H,,S","107",",,S","83",",,S"
"IN005150100","RAJKOT, IN","22.3","70.783","138.0","2015-06-08",,,"90","H,,S","101",",,S","79",",,S"
"IN005150100","RAJKOT, IN","22.3","70.783","138.0","2015-06-09",,,"88","H,,S","102",",,S",,
"IN005150100","RAJKOT, IN","22.3","70.783","138.0","2015-06-10","1.02",",,S","85","H,,S","99",",,S","77",",,S"
"IN005150100","RAJKOT, IN","22.3","70.783","138.0","2015-06-11","1.38",",,S","87","H,,S","99",",,S","79",",,S"
"IN005150100","RAJKOT, IN","22.3","70.783","138.0","2015-06-12","0.00",",,S","87","H,,S","102",",,S","81",",,S"
"IN005150100","RAJKOT, IN","22.3","70.783","138.0","2015-06-13","0.02",",,S","84","H,,S","97",",,S",,
"IN005150100","RAJKOT, IN","22.3","70.783","138.0","2015-06-14","1.30",",,S","86","H,,S","98",",,S","76",",,S"
"IN005150100","RAJKOT, IN","22.3","70.783","138.0","2015-06-15","0.08",",,S","85","H,,S","99",",,S","79",",,S"
"IN005150100","RAJKOT, IN","22.3","70.783","138.0","2015-06-16","1.26",",,S","85","H,,S","98",",,S","74",",,S"
"IN005150100","RAJKOT, IN","22.3","70.783","138.0","2015-06-17","0.24",",,S","87","H,,S","97",",,S","79",",,S"
"IN005150100","RAJKOT, IN","22.3","70.783","138.0","2015-06-18","0.00",",,S","85","H,,S","98",",,S","80",",,S"
"IN005150100","RAJKOT, IN","22.3","70.783","138.0","2015-06-19","0.43",",,S","87","H,,S","98",",,S","80",",,S"
"IN005150100","RAJKOT, IN","22.3","70.783","138.0","2015-06-20","0.00",",,S","89","H,,S","99",",,S","81",",,S"
"IN005150100","RAJKOT, IN","22.3","70.783","138.0","2015-06-21",,,"87","H,,S",,,"81",",,S"
"IN005150100","RAJKOT, IN","22.3","70.783","138.0","2015-06-22",,,"84","H,,S",,,,
"IN005150100","RAJKOT, IN","22.3","70.783","138.0","2015-06-23",,,"83","H,,S","90",",,S",,
"IN005150100","RAJKOT, IN","22.3","70.783","138.0","2015-06-24","6.57",",,S","80","H,,S",,,"76",",,S"
"IN005150100","RAJKOT, IN","22.3","70.783","138.0","2015-06-25","4.84",",,S","84","H,,S","90",",,S","79",",,S"
"IN005150100","RAJKOT, IN","22.3","70.783","138.0","2015-06-26","0.00",",,S","86","H,,S","94",",,S","80",",,S"
"IN005150100","RAJKOT, IN","22.3","70.783","138.0","2015-06-27",,,"87","H,,S","96",",,S","80",",,S"
"IN005150100","RAJKOT, IN","22.3","70.783","138.0","2015-06-28",,,"87","H,,S","98",",,S","81",",,S"
"IN005150100","RAJKOT, IN","22.3","70.783","138.0","2015-06-29",,,"87","H,,S","96",",,S","79",",,S"
"IN005150100","RAJKOT, IN","22.3","70.783","138.0","2015-06-30",,,"89","H,,S","98",",,S","79",",,S"
"IN005150100","RAJKOT, IN","22.3","70.783","138.0","2015-07-01",,,"88","H,,S","99",",,S","80",",,S"
"IN005150100","RAJKOT, IN","22.3","70.783","138.0","2015-07-02",,,"88","H,,S","98",",,S","80",",,S"
"IN005150100","RAJKOT, IN","22.3","70.783","138.0","2015-07-03",,,"88","H,,S","99",",,S","79",",,S"
"IN005150100","RAJKOT, IN","22.3","70.783","138.0","2015-07-04",,,"88","H,,S","98",",,S","80",",,S"
"IN005150100","RAJKOT, IN","22.3","70.783","138.0","2015-07-05",,,"87","H,,S","96",",,S","81",",,S"
"IN005150100","RAJKOT, IN","22.3","70.783","138.0","2015-07-06",,,"87","H,,S","95",",,S","81",",,S"
"IN005150100","RAJKOT, IN","22.3","70.783","138.0","2015-07-07",,,"87","H,,S","96",",,S","81",",,S"
"IN005150100","RAJKOT, IN","22.3","70.783","138.0","2015-07-08",,,"86","H,,S","94",",,S","81",",,S"
"IN005150100","RAJKOT, IN","22.3","70.783","138.0","2015-07-09","0.00",",,S","87","H,,S","97",",,S","80",",,S"
"IN005150100","RAJKOT, IN","22.3","70.783","138.0","2015-07-10",,,"88","H,,S","97",",,S","80",",,S"
"IN005150100","RAJKOT, IN","22.3","70.783","138.0","2015-07-11",,,"87","H,,S","96",",,S","81",",,S"
"IN005150100","RAJKOT, IN","22.3","70.783","138.0","2015-07-12",,,"87","H,,S","96",",,S","80",",,S"
"IN005150100","RAJKOT, IN","22.3","70.783","138.0","2015-07-13",,,"88","H,,S","98",",,S","79",",,S"
"IN005150100","RAJKOT, IN","22.3","70.783","138.0","2015-07-14",,,"87","H,,S","98",",,S","80",",,S"
"IN005150100","RAJKOT, IN","22.3","70.783","138.0","2015-07-15",,,"87","H,,S","98",",,S","79",",,S"
"IN005150100","RAJKOT, IN","22.3","70.783","138.0","2015-07-16",,,"87","H,,S","96",",,S","80",",,S"
"IN005150100","RAJKOT, IN","22.3","70.783","138.0","2015-07-17",,,"87","H,,S","97",",,S","81",",,S"
"IN005150100","RAJKOT, IN","22.3","70.783","138.0","2015-07-18",,,"87","H,,S","96",",,S",,
"IN005150100","RAJKOT, IN","22.3","70.783","138.0","2015-07-19",,,"87","H,,S","94",",,S","81",",,S"
"IN005150100","RAJKOT, IN","22.3","70.783","138.0","2015-07-20","0.00",",,S","85","H,,S","92",",,S","78",",,S"
"IN005150100","RAJKOT, IN","22.3","70.783","138.0","2015-07-21",,,"86","H,,S","96",",,S","79",",,S"
"IN005150100","RAJKOT, IN","22.3","70.783","138.0","2015-07-22","0.24",",,S","82","H,,S","94",",,S",,
"IN005150100","RAJKOT, IN","22.3","70.783","138.0","2015-07-23","2.91",",,S","83","H,,S","90",",,S","76",",,S"
"IN005150100","RAJKOT, IN","22.3","70.783","138.0","2015-07-24","0.01",",,S","83","H,,S","89",",,S","79",",,S"
"IN005150100","RAJKOT, IN","22.3","70.783","138.0","2015-07-25","0.00",",,S","79","H,,S","84",",,S",,
"IN005150100","RAJKOT, IN","22.3","70.783","138.0","2015-07-26","1.42",",,S","79","H,,S","84",",,S","76",",,S"
"IN005150100","RAJKOT, IN","22.3","70.783","138.0","2015-07-27","1.14",",,S","77","H,,S","79",",,S",,
"IN005150100","RAJKOT, IN","22.3","70.783","138.0","2015-07-28","2.24",",,S","78","H,,S","80",",,S","76",",,S"
"IN005150100","RAJKOT, IN","22.3","70.783","138.0","2015-07-29","0.98",",,S","81","H,,S","87",",,S","76",",,S"
"IN005150100","RAJKOT, IN","22.3","70.783","138.0","2015-07-30","0.00",",,S","82","H,,S","88",",,S","77",",,S"
"IN005150100","RAJKOT, IN","22.3","70.783","138.0","2015-07-31",,,"82","H,,S","88",",,S","78",",,S"
"IN005150100","RAJKOT, IN","22.3","70.783","138.0","2015-08-01",,,"83","H,,S","90",",,S","78",",,S"
"IN005150100","RAJKOT, IN","22.3","70.783","138.0","2015-08-02",,,"83","H,,S","90",",,S","78",",,S"
"IN005150100","RAJKOT, IN","22.3","70.783","138.0","2015-08-03",,,"83","H,,S","91",",,S","78",",,S"
"IN005150100","RAJKOT, IN","22.3","70.783","138.0","2015-08-04",,,"83","H,,S","91",",,S","77",",,S"
"IN005150100","RAJKOT, IN","22.3","70.783","138.0","2015-08-05",,,"83","H,,S","89",",,S","77",",,S"
"IN005150100","RAJKOT, IN","22.3","70.783","138.0","2015-08-06",,,"84","H,,S","93",",,S","77",",,S"
"IN005150100","RAJKOT, IN","22.3","70.783","138.0","2015-08-07",,,"85","H,,S","94",",,S","78",",,S"
"IN005150100","RAJKOT, IN","22.3","70.783","138.0","2015-08-08",,,"85","H,,S","95",",,S","77",",,S"
"IN005150100","RAJKOT, IN","22.3","70.783","138.0","2015-08-09",,,"84","H,,S","91",",,S","77",",,S"
"IN005150100","RAJKOT, IN","22.3","70.783","138.0","2015-08-10",,,"84","H,,S","90",",,S","78",",,S"
"IN005150100","RAJKOT, IN","22.3","70.783","138.0","2015-08-11",,,"84","H,,S","92",",,S","78",",,S"
"IN005150100","RAJKOT, IN","22.3","70.783","138.0","2015-08-12",,,"84","H,,S","92",",,S","78",",,S"
"IN005150100","RAJKOT, IN","22.3","70.783","138.0","2015-08-13",,,"83","H,,S","91",",,S","78",",,S"
"IN005150100","RAJKOT, IN","22.3","70.783","138.0","2015-08-14",,,"81","H,,S","92",",,S","77",",,S"
"IN005150100","RAJKOT, IN","22.3","70.783","138.0","2015-08-15",,,"82","H,,S","89",",,S","77",",,S"
"IN005150100","RAJKOT, IN","22.3","70.783","138.0","2015-08-16",,,"82","H,,S","91",",,S","76",",,S"
"IN005150100","RAJKOT, IN","22.3","70.783","138.0","2015-08-17",,,"83","H,,S","90",",,S","77",",,S"
"IN005150100","RAJKOT, IN","22.3","70.783","138.0","2015-08-18",,,"82","H,,S","88",",,S","77",",,S"
"IN005150100","RAJKOT, IN","22.3","70.783","138.0","2015-08-19",,,"83","H,,S","90",",,S","76",",,S"
"IN005150100","RAJKOT, IN","22.3","70.783","138.0","2015-08-20","0.00",",,S","82","H,,S","88",",,S","77",",,S"
"IN005150100","RAJKOT, IN","22.3","70.783","138.0","2015-08-21","0.08",",,S","85","H,,S","94",",,S","77",",,S"
"IN005150100","RAJKOT, IN","22.3","70.783","138.0","2015-08-22","0.00",",,S","83","H,,S","90",",,S","78",",,S"
"IN005150100","RAJKOT, IN","22.3","70.783","138.0","2015-08-23",,,"83","H,,S","91",",,S","78",",,S"
"IN005150100","RAJKOT, IN","22.3","70.783","138.0","2015-08-24",,,"84","H,,S","94",",,S","77",",,S"
"IN005150100","RAJKOT, IN","22.3","70.783","138.0","2015-08-25",,,"84","H,,S","94",",,S","77",",,S"
"IN005150100","RAJKOT, IN","22.3","70.783","138.0","2015-08-26",,,"85","H,,S","95",",,S","78",",,S"
"IN005150100","RAJKOT, IN","22.3","70.783","138.0","2015-08-27",,,"85","H,,S","94",",,S","77",",,S"
"IN005150100","RAJKOT, IN","22.3","70.783","138.0","2015-08-28",,,"83","H,,S","95",",,S",,
"IN005150100","RAJKOT, IN","22.3","70.783","138.0","2015-08-29","0.00",",,S","85","H,,S","96",",,S","77",",,S"
"IN005150100","RAJKOT, IN","22.3","70.783","138.0","2015-08-30",,,"86","H,,S","96",",,S","77",",,S"
"IN005150100","RAJKOT, IN","22.3","70.783","138.0","2015-08-31",,,"85","H,,S","95",",,S","77",",,S"
"IN005150100","RAJKOT, IN","22.3","70.783","138.0","2015-09-01",,,"84","H,,S","95",",,S","76",",,S"
"IN005150100","RAJKOT, IN","22.3","70.783","138.0","2015-09-02",,,"84","H,,S","95",",,S","75",",,S"
"IN005150100","RAJKOT, IN","22.3","70.783","138.0","2015-09-03",,,"84","H,,S","95",",,S","76",",,S"
"IN005150100","RAJKOT, IN","22.3","70.783","138.0","2015-09-04","0.08",",,S","83","H,,S","94",",,S","76",",,S"
"IN005150100","RAJKOT, IN","22.3","70.783","138.0","2015-09-05","0.00",",,S","85","H,,S","96",",,S","76",",,S"
"IN005150100","RAJKOT, IN","22.3","70.783","138.0","2015-09-06",,,"84","H,,S","96",",,S","75",",,S"
"IN005150100","RAJKOT, IN","22.3","70.783","138.0","2015-09-07",,,"85","H,,S","96",",,S","76",",,S"
"IN005150100","RAJKOT, IN","22.3","70.783","138.0","2015-09-08",,,"85","H,,S","96",",,S","77",",,S"
"IN005150100","RAJKOT, IN","22.3","70.783","138.0","2015-09-09",,,"85","H,,S","97",",,S","77",",,S"
"IN005150100","RAJKOT, IN","22.3","70.783","138.0","2015-09-10",,,"86","H,,S","97",",,S","77",",,S"
"IN005150100","RAJKOT, IN","22.3","70.783","138.0","2015-09-11",,,"87","H,,S","99",",,S","78",",,S"
"IN005150100","RAJKOT, IN","22.3","70.783","138.0","2015-09-12",,,"84","H,,S","98",",,S",,
"IN005150100","RAJKOT, IN","22.3","70.783","138.0","2015-09-13",,,"83","H,,S","94",",,S","75",",,S"
"IN005150100","RAJKOT, IN","22.3","70.783","138.0","2015-09-14",,,"85","H,,S","95",",,S","77",",,S"
"IN005150100","RAJKOT, IN","22.3","70.783","138.0","2015-09-15",,,"84","H,,S","94",",,S","76",",,S"
"IN005150100","RAJKOT, IN","22.3","70.783","138.0","2015-09-16",,,"85","H,,S","96",",,S","76",",,S"
"IN005150100","RAJKOT, IN","22.3","70.783","138.0","2015-09-17",,,"85","H,,S","95",",,S","76",",,S"
"IN005150100","RAJKOT, IN","22.3","70.783","138.0","2015-09-18",,,"85","H,,S","96",",,S","78",",,S"
"IN005150100","RAJKOT, IN","22.3","70.783","138.0","2015-09-19","0.83",",,S","81","H,,S","90",",,S","76",",,S"
"IN005150100","RAJKOT, IN","22.3","70.783","138.0","2015-09-20","1.06",",,S","80","H,,S","84",",,S","75",",,S"
"IN005150100","RAJKOT, IN","22.3","70.783","138.0","2015-09-21","2.01",",,S","80","H,,S","84",",,S","75",",,S"
"IN005150100","RAJKOT, IN","22.3","70.783","138.0","2015-09-22","0.31",",,S","83","H,,S","92",",,S","78",",,S"
"IN005150100","RAJKOT, IN","22.3","70.783","138.0","2015-09-23","0.00",",,S","83","H,,S","91",",,S","76",",,S"
"IN005150100","RAJKOT, IN","22.3","70.783","138.0","2015-09-24",,,"82","H,,S","91",",,S","74",",,S"
"IN005150100","RAJKOT, IN","22.3","70.783","138.0","2015-09-25",,,"82","H,,S","92",",,S","73",",,S"
"IN005150100","RAJKOT, IN","22.3","70.783","138.0","2015-09-26",,,"83","H,,S","93",",,S","74",",,S"
"IN005150100","RAJKOT, IN","22.3","70.783","138.0","2015-09-27",,,"82","H,,S","93",",,S","75",",,S"
"IN005150100","RAJKOT, IN","22.3","70.783","138.0","2015-09-28",,,"82","H,,S","93",",,S","73",",,S"
"IN005150100","RAJKOT, IN","22.3","70.783","138.0","2015-09-29",,,"85","H,,S","96",",,S","74",",,S"
"IN005150100","RAJKOT, IN","22.3","70.783","138.0","2015-09-30",,,"88","H,,S","100",",,S","76",",,S"
"IN005150100","RAJKOT, IN","22.3","70.783","138.0","2015-10-01",,,"88","H,,S","102",",,S","75",",,S"
"IN005150100","RAJKOT, IN","22.3","70.783","138.0","2015-10-02",,,"89","H,,S","101",",,S","75",",,S"
"IN005150100","RAJKOT, IN","22.3","70.783","138.0","2015-10-03",,,"88","H,,S","100",",,S","79",",,S"
"IN005150100","RAJKOT, IN","22.3","70.783","138.0","2015-10-04",,,"87","H,,S","99",",,S","77",",,S"
"IN005150100","RAJKOT, IN","22.3","70.783","138.0","2015-10-05",,,"87","H,,S","98",",,S","77",",,S"
"IN005150100","RAJKOT, IN","22.3","70.783","138.0","2015-10-06",,,"87","H,,S","99",",,S","75",",,S"
"IN005150100","RAJKOT, IN","22.3","70.783","138.0","2015-10-07",,,"87","H,,S","100",",,S","77",",,S"
"IN005150100","RAJKOT, IN","22.3","70.783","138.0","2015-10-08",,,"87","H,,S","101",",,S","75",",,S"
"IN005150100","RAJKOT, IN","22.3","70.783","138.0","2015-10-09",,,"88","H,,S","100",",,S","77",",,S"
"IN005150100","RAJKOT, IN","22.3","70.783","138.0","2015-10-10",,,"88","H,,S","100",",,S","78",",,S"
"IN005150100","RAJKOT, IN","22.3","70.783","138.0","2015-10-11",,,"86","H,,S","98",",,S","76",",,S"
"IN005150100","RAJKOT, IN","22.3","70.783","138.0","2015-10-12",,,"86","H,,S","97",",,S","78",",,S"
"IN005150100","RAJKOT, IN","22.3","70.783","138.0","2015-10-13",,,"87","H,,S","100",",,S","79",",,S"
"IN005150100","RAJKOT, IN","22.3","70.783","138.0","2015-10-14",,,"89","H,,S","100",",,S","79",",,S"
"IN005150100","RAJKOT, IN","22.3","70.783","138.0","2015-10-15",,,"89","H,,S","101",",,S","78",",,S"
"IN005150100","RAJKOT, IN","22.3","70.783","138.0","2015-10-16",,,"89","H,,S","102",",,S","77",",,S"
"IN005150100","RAJKOT, IN","22.3","70.783","138.0","2015-10-17",,,"89","H,,S","102",",,S","76",",,S"
"IN005150100","RAJKOT, IN","22.3","70.783","138.0","2015-10-18",,,"89","H,,S","101",",,S","76",",,S"
"IN005150100","RAJKOT, IN","22.3","70.783","138.0","2015-10-19",,,"89","H,,S","100",",,S","78",",,S"
"IN005150100","RAJKOT, IN","22.3","70.783","138.0","2015-10-20",,,"88","H,,S","98",",,S","78",",,S"
"IN005150100","RAJKOT, IN","22.3","70.783","138.0","2015-10-21",,,"88","H,,S","100",",,S","77",",,S"
"IN005150100","RAJKOT, IN","22.3","70.783","138.0","2015-10-22",,,"88","H,,S","100",",,S","77",",,S"
"IN005150100","RAJKOT, IN","22.3","70.783","138.0","2015-10-23",,,"86","H,,S","100",",,S","74",",,S"
"IN005150100","RAJKOT, IN","22.3","70.783","138.0","2015-10-24",,,"85","H,,S","99",",,S",,
"IN005150100","RAJKOT, IN","22.3","70.783","138.0","2015-10-25",,,"85","H,,S","97",",,S","74",",,S"
"IN005150100","RAJKOT, IN","22.3","70.783","138.0","2015-10-26",,,"84","H,,S","97",",,S","73",",,S"
"IN005150100","RAJKOT, IN","22.3","70.783","138.0","2015-10-27",,,"85","H,,S","99",",,S","72",",,S"
"IN005150100","RAJKOT, IN","22.3","70.783","138.0","2015-10-28",,,"82","H,,S","97",",,S","71",",,S"
"IN005150100","RAJKOT, IN","22.3","70.783","138.0","2015-10-29",,,"77","H,,S","90",",,S","66",",,S"
"IN005150100","RAJKOT, IN","22.3","70.783","138.0","2015-10-30",,,"78","H,,S","90",",,S","66",",,S"
"IN005150100","RAJKOT, IN","22.3","70.783","138.0","2015-10-31",,,"78","H,,S","91",",,S","67",",,S"
"IN005150100","RAJKOT, IN","22.3","70.783","138.0","2015-11-01",,,"81","H,,S","94",",,S","67",",,S"
"IN005150100","RAJKOT, IN","22.3","70.783","138.0","2015-11-02",,,"84","H,,S","96",",,S","74",",,S"
"IN005150100","RAJKOT, IN","22.3","70.783","138.0","2015-11-03",,,"84","H,,S","97",",,S","72",",,S"
"IN005150100","RAJKOT, IN","22.3","70.783","138.0","2015-11-04",,,"82","H,,S","97",",,S","69",",,S"
"IN005150100","RAJKOT, IN","22.3","70.783","138.0","2015-11-05",,,"81","H,,S","95",",,S","70",",,S"
"IN005150100","RAJKOT, IN","22.3","70.783","138.0","2015-11-06",,,"83","H,,S","96",",,S","72",",,S"
"IN005150100","RAJKOT, IN","22.3","70.783","138.0","2015-11-07",,,"79","H,,S","93",",,S","66",",,S"
"IN005150100","RAJKOT, IN","22.3","70.783","138.0","2015-11-08",,,"77","H,,S","91",",,S","63",",,S"
"IN005150100","RAJKOT, IN","22.3","70.783","138.0","2015-11-09",,,"78","H,,S","93",",,S","64",",,S"
"IN005150100","RAJKOT, IN","22.3","70.783","138.0","2015-11-10",,,"80","H,,S","95",",,S","64",",,S"
"IN005150100","RAJKOT, IN","22.3","70.783","138.0","2015-11-11",,,"82","H,,S",,,"67",",,S"
"IN005150100","RAJKOT, IN","22.3","70.783","138.0","2015-11-12",,,"83","H,,S","98",",,S","69",",,S"
"IN005150100","RAJKOT, IN","22.3","70.783","138.0","2015-11-13",,,"82","H,,S","98",",,S","71",",,S"
"IN005150100","RAJKOT, IN","22.3","70.783","138.0","2015-11-14",,,"80","H,,S","96",",,S","67",",,S"
"IN005150100","RAJKOT, IN","22.3","70.783","138.0","2015-11-15",,,"80","H,,S","94",",,S","69",",,S"
"IN005150100","RAJKOT, IN","22.3","70.783","138.0","2015-11-16",,,"79","H,,S","93",",,S","67",",,S"
"IN005150100","RAJKOT, IN","22.3","70.783","138.0","2015-11-17",,,"78","H,,S","92",",,S","65",",,S"
"IN005150100","RAJKOT, IN","22.3","70.783","138.0","2015-11-18",,,"79","H,,S","94",",,S","66",",,S"
"IN005150100","RAJKOT, IN","22.3","70.783","138.0","2015-11-19",,,"80","H,,S","93",",,S","68",",,S"
"IN005150100","RAJKOT, IN","22.3","70.783","138.0","2015-11-20",,,"79","H,,S","92",",,S","66",",,S"
"IN005150100","RAJKOT, IN","22.3","70.783","138.0","2015-11-21",,,"81","H,,S","94",",,S","66",",,S"
"IN005150100","RAJKOT, IN","22.3","70.783","138.0","2015-11-22",,,"84","H,,S","97",",,S","70",",,S"
"IN005150100","RAJKOT, IN","22.3","70.783","138.0","2015-11-23",,,"85","H,,S","96",",,S","72",",,S"
"IN005150100","RAJKOT, IN","22.3","70.783","138.0","2015-11-24",,,"83","H,,S","96",",,S","72",",,S"
"IN005150100","RAJKOT, IN","22.3","70.783","138.0","2015-11-25",,,"83","H,,S","95",",,S",,
"IN005150100","RAJKOT, IN","22.3","70.783","138.0","2015-11-26",,,"78","H,,S","94",",,S",,
"IN005150100","RAJKOT, IN","22.3","70.783","138.0","2015-11-27",,,"71","H,,S","84",",,S","63",",,S"
"IN005150100","RAJKOT, IN","22.3","70.783","138.0","2015-11-28",,,"70","H,,S","85",",,S","57",",,S"
"IN005150100","RAJKOT, IN","22.3","70.783","138.0","2015-11-29",,,"72","H,,S","87",",,S","58",",,S"
"IN005150100","RAJKOT, IN","22.3","70.783","138.0","2015-11-30",,,"73","H,,S","90",",,S","60",",,S"
"IN005150100","RAJKOT, IN","22.3","70.783","138.0","2015-12-01",,,"74","H,,S","90",",,S","61",",,S"
"IN005150100","RAJKOT, IN","22.3","70.783","138.0","2015-12-02",,,"73","H,,S","89",",,S","58",",,S"
"IN005150100","RAJKOT, IN","22.3","70.783","138.0","2015-12-03",,,"73","H,,S","89",",,S","57",",,S"
"IN005150100","RAJKOT, IN","22.3","70.783","138.0","2015-12-04",,,"73","H,,S","90",",,S","56",",,S"
"IN005150100","RAJKOT, IN","22.3","70.783","138.0","2015-12-05",,,"74","H,,S","91",",,S","58",",,S"
"IN005150100","RAJKOT, IN","22.3","70.783","138.0","2015-12-06",,,"78","H,,S","95",",,S","62",",,S"
"IN005150100","RAJKOT, IN","22.3","70.783","138.0","2015-12-07",,,"79","H,,S","95",",,S","67",",,S"
"IN005150100","RAJKOT, IN","22.3","70.783","138.0","2015-12-08",,,"78","H,,S","93",",,S","66",",,S"
"IN005150100","RAJKOT, IN","22.3","70.783","138.0","2015-12-09",,,"76","H,,S","89",",,S","64",",,S"
"IN005150100","RAJKOT, IN","22.3","70.783","138.0","2015-12-10",,,"72","H,,S","86",",,S",,
"IN005150100","RAJKOT, IN","22.3","70.783","138.0","2015-12-11",,,"68","H,,S","81",",,S","55",",,S"
"IN005150100","RAJKOT, IN","22.3","70.783","138.0","2015-12-12",,,"67","H,,S","81",",,S","55",",,S"
"IN005150100","RAJKOT, IN","22.3","70.783","138.0","2015-12-13",,,"66","H,,S","82",",,S","50",",,S"
"IN005150100","RAJKOT, IN","22.3","70.783","138.0","2015-12-14",,,"66","H,,S","82",",,S","52",",,S"
"IN005150100","RAJKOT, IN","22.3","70.783","138.0","2015-12-15",,,"66","H,,S","83",",,S",,
"IN005150100","RAJKOT, IN","22.3","70.783","138.0","2015-12-16",,,"66","H,,S",,,"49",",,S"
"IN005150100","RAJKOT, IN","22.3","70.783","138.0","2015-12-17",,,"68","H,,S","84",",,S","54",",,S"
"IN005150100","RAJKOT, IN","22.3","70.783","138.0","2015-12-18",,,"65","H,,S","82",",,S","51",",,S"
"IN005150100","RAJKOT, IN","22.3","70.783","138.0","2015-12-19",,,"65","H,,S","84",",,S","50",",,S"
"IN005150100","RAJKOT, IN","22.3","70.783","138.0","2015-12-20",,,"65","H,,S","82",",,S","52",",,S"
"IN005150100","RAJKOT, IN","22.3","70.783","138.0","2015-12-21",,,"65","H,,S","83",",,S","49",",,S"
"IN005150100","RAJKOT, IN","22.3","70.783","138.0","2015-12-22",,,"68","H,,S","82",",,S","51",",,S"
"IN005150100","RAJKOT, IN","22.3","70.783","138.0","2015-12-23",,,"66","H,,S","81",",,S","51",",,S"
"IN005150100","RAJKOT, IN","22.3","70.783","138.0","2015-12-24",,,"64","H,,S","78",",,S","53",",,S"
"IN005150100","RAJKOT, IN","22.3","70.783","138.0","2015-12-25",,,"67","H,,S","81",",,S","50",",,S"
"IN005150100","RAJKOT, IN","22.3","70.783","138.0","2015-12-26",,,"68","H,,S","85",",,S","53",",,S"
"IN005150100","RAJKOT, IN","22.3","70.783","138.0","2015-12-27",,,"73","H,,S","91",",,S","57",",,S"
"IN005150100","RAJKOT, IN","22.3","70.783","138.0","2015-12-28",,,"77","H,,S","96",",,S","62",",,S"
"IN005150100","RAJKOT, IN","22.3","70.783","138.0","2015-12-29",,,"79","H,,S","100",",,S","62",",,S"
"IN005150100","RAJKOT, IN","22.3","70.783","138.0","2015-12-30",,,"77","H,,S","98",",,S","61",",,S"
"IN005150100","RAJKOT, IN","22.3","70.783","138.0","2015-12-31",,,"78","H,,S","95",",,S","62",",,S"
"IN005150100","RAJKOT, IN","22.3","70.783","138.0","2016-01-01",,,"74","H,,S","93",",,S","59",",,S"
"IN005150100","RAJKOT, IN","22.3","70.783","138.0","2016-01-02",,,"75","H,,S","91",",,S","61",",,S"
"IN005150100","RAJKOT, IN","22.3","70.783","138.0","2016-01-03",,,"73","H,,S","90",",,S","58",",,S"
"IN005150100","RAJKOT, IN","22.3","70.783","138.0","2016-01-04",,,"74","H,,S","91",",,S","60",",,S"
"IN005150100","RAJKOT, IN","22.3","70.783","138.0","2016-01-05",,,"74","H,,S","90",",,S","60",",,S"
"IN005150100","RAJKOT, IN","22.3","70.783","138.0","2016-01-06",,,"75","H,,S","88",",,S","63",",,S"
"IN005150100","RAJKOT, IN","22.3","70.783","138.0","2016-01-07",,,"73","H,,S","89",",,S","60",",,S"
"IN005150100","RAJKOT, IN","22.3","70.783","138.0","2016-01-08",,,"71","H,,S","86",",,S","60",",,S"
"IN005150100","RAJKOT, IN","22.3","70.783","138.0","2016-01-09",,,"69","H,,S","86",",,S","55",",,S"
"IN005150100","RAJKOT, IN","22.3","70.783","138.0","2016-01-10",,,"70","H,,S","87",",,S","54",",,S"
"IN005150100","RAJKOT, IN","22.3","70.783","138.0","2016-01-11",,,"70","H,,S","85",",,S","56",",,S"
"IN005150100","RAJKOT, IN","22.3","70.783","138.0","2016-01-12",,,"72","H,,S","85",",,S","61",",,S"
"IN005150100","RAJKOT, IN","22.3","70.783","138.0","2016-01-13",,,"72","H,,S",,,"61",",,S"
"IN005150100","RAJKOT, IN","22.3","70.783","138.0","2016-01-14",,,"71","H,,S",,,"58",",,S"
"IN005150100","RAJKOT, IN","22.3","70.783","138.0","2016-01-15",,,"69","H,,S",,,"56",",,S"
"IN005150100","RAJKOT, IN","22.3","70.783","138.0","2016-01-16",,,"69","H,,S",,,"54",",,S"
"IN005150100","RAJKOT, IN","22.3","70.783","138.0","2016-01-17",,,"68","H,,S",,,"54",",,S"
"IN005150100","RAJKOT, IN","22.3","70.783","138.0","2016-01-18",,,"69","H,,S",,,"54",",,S"
"IN005150100","RAJKOT, IN","22.3","70.783","138.0","2016-01-19",,,"69","H,,S",,,"60",",,S"
"IN005150100","RAJKOT, IN","22.3","70.783","138.0","2016-01-20",,,"67","H,,S",,,"53",",,S"
"IN005150100","RAJKOT, IN","22.3","70.783","138.0","2016-01-21",,,"68","H,,S",,,"53",",,S"
"IN005150100","RAJKOT, IN","22.3","70.783","138.0","2016-01-22",,,"69","H,,S",,,"53",",,S"
"IN005150100","RAJKOT, IN","22.3","70.783","138.0","2016-01-23",,,"70","H,,S",,,"58",",,S"
"IN005150100","RAJKOT, IN","22.3","70.783","138.0","2016-01-24",,,"68","H,,S",,,"55",",,S"
"IN005150100","RAJKOT, IN","22.3","70.783","138.0","2016-01-25",,,"68","H,,S",,,"52",",,S"
"IN005150100","RAJKOT, IN","22.3","70.783","138.0","2016-01-26",,,"69","H,,S",,,"56",",,S"
"IN005150100","RAJKOT, IN","22.3","70.783","138.0","2016-01-27",,,"72","H,,S",,,"60",",,S"
"IN005150100","RAJKOT, IN","22.3","70.783","138.0","2016-01-28",,,"74","H,,S",,,"62",",,S"
"IN005150100","RAJKOT, IN","22.3","70.783","138.0","2016-01-29",,,"75","H,,S",,,"60",",,S"
"IN005150100","RAJKOT, IN","22.3","70.783","138.0","2016-01-30",,,"74","H,,S",,,"61",",,S"
"IN005150100","RAJKOT, IN","22.3","70.783","138.0","2016-01-31",,,"74","H,,S",,,"63",",,S"
"IN005150100","RAJKOT, IN","22.3","70.783","138.0","2016-02-01",,,"74","H,,S",,,"65",",,S"
"IN005150100","RAJKOT, IN","22.3","70.783","138.0","2016-02-02",,,"71","H,,S",,,"59",",,S"
"IN005150100","RAJKOT, IN","22.3","70.783","138.0","2016-02-03",,,"72","H,,S",,,"54",",,S"
"IN005150100","RAJKOT, IN","22.3","70.783","138.0","2016-02-04",,,"74","H,,S",,,"61",",,S"
"IN005150100","RAJKOT, IN","22.3","70.783","138.0","2016-02-05",,,"71","H,,S",,,"55",",,S"
"IN005150100","RAJKOT, IN","22.3","70.783","138.0","2016-02-06",,,"71","H,,S",,,"59",",,S"
"IN005150100","RAJKOT, IN","22.3","70.783","138.0","2016-02-07",,,"72","H,,S",,,"59",",,S"
"IN005150100","RAJKOT, IN","22.3","70.783","138.0","2016-02-08",,,"73","H,,S",,,"57",",,S"
"IN005150100","RAJKOT, IN","22.3","70.783","138.0","2016-02-09",,,"73","H,,S",,,"58",",,S"
"IN005150100","RAJKOT, IN","22.3","70.783","138.0","2016-02-10",,,"71","H,,S",,,"57",",,S"
"IN005150100","RAJKOT, IN","22.3","70.783","138.0","2016-02-11",,,"74","H,,S",,,"64",",,S"
"IN005150100","RAJKOT, IN","22.3","70.783","138.0","2016-02-12",,,"71","H,,S",,,"57",",,S"
"IN005150100","RAJKOT, IN","22.3","70.783","138.0","2016-02-13",,,"71","H,,S",,,"60",",,S"
"IN005150100","RAJKOT, IN","22.3","70.783","138.0","2016-02-14",,,"70","H,,S",,,"54",",,S"
"IN005150100","RAJKOT, IN","22.3","70.783","138.0","2016-02-15",,,"70","H,,S",,,"54",",,S"
"IN005150100","RAJKOT, IN","22.3","70.783","138.0","2016-02-16",,,"74","H,,S",,,"57",",,S"
"IN005150100","RAJKOT, IN","22.3","70.783","138.0","2016-02-17",,,"77","H,,S",,,"63",",,S"
"IN005150100","RAJKOT, IN","22.3","70.783","138.0","2016-02-18",,,"81","H,,S",,,"68",",,S"
"IN005150100","RAJKOT, IN","22.3","70.783","138.0","2016-02-19",,,"78","H,,S",,,"69",",,S"
"IN005150100","RAJKOT, IN","22.3","70.783","138.0","2016-02-20",,,"76","H,,S",,,"66",",,S"
"IN005150100","RAJKOT, IN","22.3","70.783","138.0","2016-02-21",,,"76","H,,S",,,"63",",,S"
"IN005150100","RAJKOT, IN","22.3","70.783","138.0","2016-02-22",,,"76","H,,S",,,"61",",,S"
"IN005150100","RAJKOT, IN","22.3","70.783","138.0","2016-02-23",,,"79","H,,S",,,"60",",,S"
"IN005150100","RAJKOT, IN","22.3","70.783","138.0","2016-02-24",,,"78","H,,S",,,"61",",,S"
"IN005150100","RAJKOT, IN","22.3","70.783","138.0","2016-02-25",,,"79","H,,S",,,"64",",,S"
"IN005150100","RAJKOT, IN","22.3","70.783","138.0","2016-02-26",,,"79","H,,S",,,"62",",,S"
"IN005150100","RAJKOT, IN","22.3","70.783","138.0","2016-02-27",,,"82","H,,S",,,"64",",,S"
"IN005150100","RAJKOT, IN","22.3","70.783","138.0","2016-02-28",,,"84","H,,S",,,"70",",,S"
"IN005150100","RAJKOT, IN","22.3","70.783","138.0","2016-02-29",,,"86","H,,S",,,"67",",,S"
"IN005150100","RAJKOT, IN","22.3","70.783","138.0","2016-03-01",,,"87","H,,S",,,"70",",,S"
"IN005150100","RAJKOT, IN","22.3","70.783","138.0","2016-03-02",,,"87","H,,S",,,"72",",,S"
"IN005150100","RAJKOT, IN","22.3","70.783","138.0","2016-03-03",,,"85","H,,S",,,,
"IN005150100","RAJKOT, IN","22.3","70.783","138.0","2016-03-04",,,"83","H,,S",,,,
"IN005150100","RAJKOT, IN","22.3","70.783","138.0","2016-03-05",,,"79","H,,S",,,"68",",,S"
"IN005150100","RAJKOT, IN","22.3","70.783","138.0","2016-03-06",,,"79","H,,S",,,"69",",,S"
"IN005150100","RAJKOT, IN","22.3","70.783","138.0","2016-03-07",,,"81","H,,S",,,"68",",,S"
"IN005150100","RAJKOT, IN","22.3","70.783","138.0","2016-03-08",,,"81","H,,S",,,"66",",,S"
"IN005150100","RAJKOT, IN","22.3","70.783","138.0","2016-03-09",,,"81","H,,S",,,"68",",,S"
"IN005150100","RAJKOT, IN","22.3","70.783","138.0","2016-03-10",,,"82","H,,S",,,"68",",,S"
"IN005150100","RAJKOT, IN","22.3","70.783","138.0","2016-03-11",,,"83","H,,S",,,"70",",,S"
"IN005150100","RAJKOT, IN","22.3","70.783","138.0","2016-03-12",,,"78","H,,S",,,"70",",,S"
"IN005150100","RAJKOT, IN","22.3","70.783","138.0","2016-03-13",,,"78","H,,S",,,"68",",,S"
"IN005150100","RAJKOT, IN","22.3","70.783","138.0","2016-03-14",,,"79","H,,S",,,"67",",,S"
"IN005150100","RAJKOT, IN","22.3","70.783","138.0","2016-03-15",,,"82","H,,S",,,"68",",,S"
"IN005150100","RAJKOT, IN","22.3","70.783","138.0","2016-03-16",,,"83","H,,S",,,"68",",,S"
"IN005150100","RAJKOT, IN","22.3","70.783","138.0","2016-03-17",,,"84","H,,S",,,"71",",,S"
"IN005150100","RAJKOT, IN","22.3","70.783","138.0","2016-03-18",,,"84","H,,S",,,"73",",,S"
"IN005150100","RAJKOT, IN","22.3","70.783","138.0","2016-03-19",,,"86","H,,S",,,"75",",,S"
"IN005150100","RAJKOT, IN","22.3","70.783","138.0","2016-03-20",,,"86","H,,S",,,"76",",,S"
"IN005150100","RAJKOT, IN","22.3","70.783","138.0","2016-03-21",,,"85","H,,S",,,"71",",,S"
"IN005150100","RAJKOT, IN","22.3","70.783","138.0","2016-03-22",,,"87","H,,S",,,"70",",,S"
"IN005150100","RAJKOT, IN","22.3","70.783","138.0","2016-03-23",,,"84","H,,S",,,"67",",,S"
"IN005150100","RAJKOT, IN","22.3","70.783","138.0","2016-03-24",,,"88","H,,S",,,"70",",,S"
"IN005150100","RAJKOT, IN","22.3","70.783","138.0","2016-03-25",,,"85","H,,S","99",",,S","75",",,S"
"IN005150100","RAJKOT, IN","22.3","70.783","138.0","2016-03-26",,,"87","H,,S",,,"74",",,S"
"IN005150100","RAJKOT, IN","22.3","70.783","138.0","2016-03-27",,,"86","H,,S",,,"71",",,S"
"IN005150100","RAJKOT, IN","22.3","70.783","138.0","2016-03-28",,,"86","H,,S",,,"71",",,S"
"IN005150100","RAJKOT, IN","22.3","70.783","138.0","2016-03-29",,,"86","H,,S",,,"69",",,S"
"IN005150100","RAJKOT, IN","22.3","70.783","138.0","2016-03-30",,,"85","H,,S",,,"70",",,S"
"IN005150100","RAJKOT, IN","22.3","70.783","138.0","2016-03-31",,,"83","H,,S",,,"68",",,S"
"IN005150100","RAJKOT, IN","22.3","70.783","138.0","2016-04-01",,,"87","H,,S",,,"74",",,S"
"IN005150100","RAJKOT, IN","22.3","70.783","138.0","2016-04-02",,,"87","H,,S",,,"75",",,S"
"IN005150100","RAJKOT, IN","22.3","70.783","138.0","2016-04-03",,,"85","H,,S",,,"73",",,S"
"IN005150100","RAJKOT, IN","22.3","70.783","138.0","2016-04-04",,,"83","H,,S",,,"72",",,S"
"IN005150100","RAJKOT, IN","22.3","70.783","138.0","2016-04-05",,,"84","H,,S",,,"71",",,S"
"IN005150100","RAJKOT, IN","22.3","70.783","138.0","2016-04-06",,,"85","H,,S",,,"73",",,S"
"IN005150100","RAJKOT, IN","22.3","70.783","138.0","2016-04-07",,,"84","H,,S",,,"74",",,S"
"IN005150100","RAJKOT, IN","22.3","70.783","138.0","2016-04-08",,,"84","H,,S",,,"69",",,S"
"IN005150100","RAJKOT, IN","22.3","70.783","138.0","2016-04-09",,,"86","H,,S",,,"72",",,S"
"IN005150100","RAJKOT, IN","22.3","70.783","138.0","2016-04-10",,,"87","H,,S",,,"76",",,S"
"IN005150100","RAJKOT, IN","22.3","70.783","138.0","2016-04-11",,,"88","H,,S",,,"73",",,S"
"IN005150100","RAJKOT, IN","22.3","70.783","138.0","2016-04-12",,,"87","H,,S",,,"75",",,S"
"IN005150100","RAJKOT, IN","22.3","70.783","138.0","2016-04-13",,,"90","H,,S",,,"74",",,S"
"IN005150100","RAJKOT, IN","22.3","70.783","138.0","2016-04-14",,,"90","H,,S",,,"74",",,S"
"IN005150100","RAJKOT, IN","22.3","70.783","138.0","2016-04-15",,,"91","H,,S",,,"73",",,S"
"IN005150100","RAJKOT, IN","22.3","70.783","138.0","2016-04-16",,,"87","H,,S",,,"74",",,S"
"IN005150100","RAJKOT, IN","22.3","70.783","138.0","2016-04-17",,,"90","H,,S",,,"78",",,S"
"IN005150100","RAJKOT, IN","22.3","70.783","138.0","2016-04-18",,,"90","H,,S",,,"76",",,S"
"IN005150100","RAJKOT, IN","22.3","70.783","138.0","2016-04-19",,,"89","H,,S",,,"76",",,S"
"IN005150100","RAJKOT, IN","22.3","70.783","138.0","2016-04-20",,,"89","H,,S",,,"72",",,S"
"IN005150100","RAJKOT, IN","22.3","70.783","138.0","2016-04-21",,,"85","H,,S",,,"73",",,S"
"IN005150100","RAJKOT, IN","22.3","70.783","138.0","2016-04-22",,,"90","H,,S",,,"74",",,S"
"IN005150100","RAJKOT, IN","22.3","70.783","138.0","2016-04-23",,,"89","H,,S",,,"75",",,S"
"IN005150100","RAJKOT, IN","22.3","70.783","138.0","2016-04-24",,,"89","H,,S",,,"75",",,S"
"IN005150100","RAJKOT, IN","22.3","70.783","138.0","2016-04-25",,,"88","H,,S",,,"75",",,S"
"IN005150100","RAJKOT, IN","22.3","70.783","138.0","2016-04-26",,,"91","H,,S",,,"76",",,S"
"IN005150100","RAJKOT, IN","22.3","70.783","138.0","2016-04-27",,,"91","H,,S",,,"76",",,S"
"IN005150100","RAJKOT, IN","22.3","70.783","138.0","2016-04-28",,,"94","H,,S",,,"74",",,S"
"IN005150100","RAJKOT, IN","22.3","70.783","138.0","2016-04-30",,,"93","H,,S",,,"79",",,S"
"IN005150100","RAJKOT, IN","22.3","70.783","138.0","2016-05-01",,,"94","H,,S",,,"79",",,S"
"IN005150100","RAJKOT, IN","22.3","70.783","138.0","2016-05-02",,,"93","H,,S",,,"81",",,S"
"IN005150100","RAJKOT, IN","22.3","70.783","138.0","2016-05-03",,,"91","H,,S",,,"76",",,S"
"IN005150100","RAJKOT, IN","22.3","70.783","138.0","2016-05-04",,,"89","H,,S",,,"78",",,S"
"IN005150100","RAJKOT, IN","22.3","70.783","138.0","2016-05-05",,,"91","H,,S",,,"78",",,S"
"IN005150100","RAJKOT, IN","22.3","70.783","138.0","2016-05-06",,,"90","H,,S",,,"78",",,S"
"IN005150100","RAJKOT, IN","22.3","70.783","138.0","2016-05-07",,,"93","H,,S",,,"78",",,S"
"IN005150100","RAJKOT, IN","22.3","70.783","138.0","2016-05-08",,,"90","H,,S",,,"79",",,S"
"IN005150100","RAJKOT, IN","22.3","70.783","138.0","2016-05-09",,,"92","H,,S",,,"78",",,S"
"IN005150100","RAJKOT, IN","22.3","70.783","138.0","2016-05-10",,,"95","H,,S",,,"79",",,S"
"IN005150100","RAJKOT, IN","22.3","70.783","138.0","2016-05-11",,,"94","H,,S",,,"80",",,S"
"IN005150100","RAJKOT, IN","22.3","70.783","138.0","2016-05-12",,,"93","H,,S",,,"80",",,S"
"IN005150100","RAJKOT, IN","22.3","70.783","138.0","2016-05-13",,,"96","H,,S",,,"79",",,S"
"IN005150100","RAJKOT, IN","22.3","70.783","138.0","2016-05-14",,,"92","H,,S",,,"79",",,S"
"IN005150100","RAJKOT, IN","22.3","70.783","138.0","2016-05-15",,,"93","H,,S",,,"79",",,S"
"IN005150100","RAJKOT, IN","22.3","70.783","138.0","2016-05-16",,,"93","H,,S",,,"78",",,S"
"IN005150100","RAJKOT, IN","22.3","70.783","138.0","2016-05-17",,,"97","H,,S","112",",,S","79",",,S"
"IN005150100","RAJKOT, IN","22.3","70.783","138.0","2016-05-18",,,"96","H,,S",,,"79",",,S"
"IN005150100","RAJKOT, IN","22.3","70.783","138.0","2016-05-19",,,"96","H,,S",,,"81",",,S"
"IN005150100","RAJKOT, IN","22.3","70.783","138.0","2016-05-20",,,"94","H,,S",,,"81",",,S"
"IN005150100","RAJKOT, IN","22.3","70.783","138.0","2016-05-21",,,"93","H,,S",,,"82",",,S"
"IN005150100","RAJKOT, IN","22.3","70.783","138.0","2016-05-22",,,"91","H,,S",,,"81",",,S"
"IN005150100","RAJKOT, IN","22.3","70.783","138.0","2016-05-23",,,"92","H,,S",,,"82",",,S"
"IN005150100","RAJKOT, IN","22.3","70.783","138.0","2016-05-24",,,"92","H,,S",,,"82",",,S"
"IN005150100","RAJKOT, IN","22.3","70.783","138.0","2016-05-25",,,"93","H,,S",,,"81",",,S"
"IN005150100","RAJKOT, IN","22.3","70.783","138.0","2016-05-26",,,"91","H,,S",,,"82",",,S"
"IN005150100","RAJKOT, IN","22.3","70.783","138.0","2016-05-27",,,"92","H,,S",,,"82",",,S"
"IN005150100","RAJKOT, IN","22.3","70.783","138.0","2016-05-28",,,"92","H,,S",,,"82",",,S"
"IN005150100","RAJKOT, IN","22.3","70.783","138.0","2016-05-29",,,"91","H,,S",,,"82",",,S"
"IN005150100","RAJKOT, IN","22.3","70.783","138.0","2016-05-30",,,"91","H,,S",,,"83",",,S"
"IN005150100","RAJKOT, IN","22.3","70.783","138.0","2016-05-31",,,"93","H,,S",,,"82",",,S"
"IN005150100","RAJKOT, IN","22.3","70.783","138.0","2016-06-01",,,"92","H,,S",,,"82",",,S"
"IN005150100","RAJKOT, IN","22.3","70.783","138.0","2016-06-02",,,"95","H,,S",,,"81",",,S"
"IN005150100","RAJKOT, IN","22.3","70.783","138.0","2016-06-03",,,"92","H,,S",,,"80",",,S"
"IN005150100","RAJKOT, IN","22.3","70.783","138.0","2016-06-04",,,"94","H,,S",,,"80",",,S"
"IN005150100","RAJKOT, IN","22.3","70.783","138.0","2016-06-05",,,"95","H,,S",,,"81",",,S"
"IN005150100","RAJKOT, IN","22.3","70.783","138.0","2016-06-06",,,"94","H,,S",,,"81",",,S"
"IN005150100","RAJKOT, IN","22.3","70.783","138.0","2016-06-07",,,"93","H,,S",,,"80",",,S"
"IN005150100","RAJKOT, IN","22.3","70.783","138.0","2016-06-08",,,"96","H,,S",,,"81",",,S"
"IN005150100","RAJKOT, IN","22.3","70.783","138.0","2016-06-09",,,"93","H,,S",,,"82",",,S"
"IN005150100","RAJKOT, IN","22.3","70.783","138.0","2016-06-10",,,"92","H,,S",,,"83",",,S"
"IN005150100","RAJKOT, IN","22.3","70.783","138.0","2016-06-11",,,"93","H,,S",,,"83",",,S"
"IN005150100","RAJKOT, IN","22.3","70.783","138.0","2016-06-12",,,"91","H,,S",,,"82",",,S"
"IN005150100","RAJKOT, IN","22.3","70.783","138.0","2016-06-13",,,"90","H,,S",,,"82",",,S"
"IN005150100","RAJKOT, IN","22.3","70.783","138.0","2016-06-14",,,"90","H,,S",,,"82",",,S"
"IN005150100","RAJKOT, IN","22.3","70.783","138.0","2016-06-15",,,"90","H,,S",,,"81",",,S"
"IN005150100","RAJKOT, IN","22.3","70.783","138.0","2016-06-16",,,"90","H,,S",,,"81",",,S"
"IN005150100","RAJKOT, IN","22.3","70.783","138.0","2016-06-17",,,"90","H,,S",,,"81",",,S"
"IN005150100","RAJKOT, IN","22.3","70.783","138.0","2016-06-18",,,"90","H,,S",,,"81",",,S"
"IN005150100","RAJKOT, IN","22.3","70.783","138.0","2016-06-19",,,"89","H,,S",,,"81",",,S"
"IN005150100","RAJKOT, IN","22.3","70.783","138.0","2016-06-20",,,"89","H,,S",,,"82",",,S"
"IN005150100","RAJKOT, IN","22.3","70.783","138.0","2016-06-21",,,"87","H,,S",,,"83",",,S"
"IN005150100","RAJKOT, IN","22.3","70.783","138.0","2016-06-22",,,"89","H,,S",,,"81",",,S"
"IN005150100","RAJKOT, IN","22.3","70.783","138.0","2016-06-23",,,"89","H,,S",,,"77",",,S"
"IN005150100","RAJKOT, IN","22.3","70.783","138.0","2016-06-24","1.02",",,S","88","H,,S",,,"78",",,S"
"IN005150100","RAJKOT, IN","22.3","70.783","138.0","2016-06-25","0.03",",,S","88","H,,S",,,,
"IN005150100","RAJKOT, IN","22.3","70.783","138.0","2016-06-26","0.00",",,S","91","H,,S",,,"79",",,S"
"IN005150100","RAJKOT, IN","22.3","70.783","138.0","2016-06-27",,,"87","H,,S",,,"81",",,S"
"IN005150100","RAJKOT, IN","22.3","70.783","138.0","2016-06-28",,,"85","H,,S",,,"79",",,S"
"IN005150100","RAJKOT, IN","22.3","70.783","138.0","2016-06-29",,,"84","H,,S",,,"78",",,S"
"IN005150100","RAJKOT, IN","22.3","70.783","138.0","2016-06-30",,,"86","H,,S",,,"79",",,S"
"IN005150100","RAJKOT, IN","22.3","70.783","138.0","2016-07-01","0.00",",,S","84","H,,S",,,"81",",,S"
"IN005150100","RAJKOT, IN","22.3","70.783","138.0","2016-07-02","0.75",",,S","85","H,,S",,,"80",",,S"
"IN005150100","RAJKOT, IN","22.3","70.783","138.0","2016-07-03","0.03",",,S","86","H,,S",,,"80",",,S"
"IN005150100","RAJKOT, IN","22.3","70.783","138.0","2016-07-04","0.16",",,S","87","H,,S",,,"80",",,S"
"IN005150100","RAJKOT, IN","22.3","70.783","138.0","2016-07-05","0.00",",,S","87","H,,S",,,"79",",,S"
"IN005150100","RAJKOT, IN","22.3","70.783","138.0","2016-07-06",,,"87","H,,S",,,"79",",,S"
"IN005150100","RAJKOT, IN","22.3","70.783","138.0","2016-07-07","0.01",",,S","87","H,,S",,,"79",",,S"
"IN005150100","RAJKOT, IN","22.3","70.783","138.0","2016-07-08","0.04",",,S","85","H,,S",,,"77",",,S"
"IN005150100","RAJKOT, IN","22.3","70.783","138.0","2016-07-09","0.00",",,S","85","H,,S",,,"80",",,S"
"IN005150100","RAJKOT, IN","22.3","70.783","138.0","2016-07-10",,,"84","H,,S",,,"80",",,S"
"IN005150100","RAJKOT, IN","22.3","70.783","138.0","2016-07-11",,,"86","H,,S",,,"78",",,S"
"IN005150100","RAJKOT, IN","22.3","70.783","138.0","2016-07-12",,,"81","H,,S",,,,
"IN005150100","RAJKOT, IN","22.3","70.783","138.0","2016-07-13",,,"81","H,,S",,,"77",",,S"
"IN005150100","RAJKOT, IN","22.3","70.783","138.0","2016-07-14",,,"85","H,,S",,,"78",",,S"
"IN005150100","RAJKOT, IN","22.3","70.783","138.0","2016-07-15",,,"84","H,,S",,,"78",",,S"
"IN005150100","RAJKOT, IN","22.3","70.783","138.0","2016-07-16",,,"83","H,,S",,,"78",",,S"
"IN005150100","RAJKOT, IN","22.3","70.783","138.0","2016-07-17",,,"82","H,,S",,,"79",",,S"
"IN005150100","RAJKOT, IN","22.3","70.783","138.0","2016-07-18",,,"82","H,,S",,,"77",",,S"
"IN005150100","RAJKOT, IN","22.3","70.783","138.0","2016-07-19",,,"81","H,,S",,,"77",",,S"
"IN005150100","RAJKOT, IN","22.3","70.783","138.0","2016-07-20",,,"83","H,,S",,,"77",",,S"
"IN005150100","RAJKOT, IN","22.3","70.783","138.0","2016-07-21",,,"85","H,,S",,,"76",",,S"
"IN005150100","RAJKOT, IN","22.3","70.783","138.0","2016-07-22",,,"84","H,,S",,,"77",",,S"
"IN005150100","RAJKOT, IN","22.3","70.783","138.0","2016-07-23",,,"87","H,,S","96",",,S","77",",,S"
"IN005150100","RAJKOT, IN","22.3","70.783","138.0","2016-07-24",,,"86","H,,S",,,"79",",,S"
"IN005150100","RAJKOT, IN","22.3","70.783","138.0","2016-07-25",,,"83","H,,S",,,"79",",,S"
"IN005150100","RAJKOT, IN","22.3","70.783","138.0","2016-07-26",,,"85","H,,S",,,"79",",,S"
"IN005150100","RAJKOT, IN","22.3","70.783","138.0","2016-07-27",,,"83","H,,S",,,"79",",,S"
"IN005150100","RAJKOT, IN","22.3","70.783","138.0","2016-07-28",,,"83","H,,S",,,"78",",,S"
"IN005150100","RAJKOT, IN","22.3","70.783","138.0","2016-07-29","0.28",",,S","78","H,,S",,,"74",",,S"
"IN005150100","RAJKOT, IN","22.3","70.783","138.0","2016-07-30","0.63",",,S","78","H,,S",,,"76",",,S"
"IN005150100","RAJKOT, IN","22.3","70.783","138.0","2016-07-31","3.70",",,S","78","H,,S",,,"75",",,S"
"IN005150100","RAJKOT, IN","22.3","70.783","138.0","2016-08-01","2.28",",,S","81","H,,S",,,"74",",,S"
"IN005150100","RAJKOT, IN","22.3","70.783","138.0","2016-08-02","0.00",",,S","82","H,,S",,,"78",",,S"
"IN005150100","RAJKOT, IN","22.3","70.783","138.0","2016-08-03",,,"83","H,,S",,,"77",",,S"
"IN005150100","RAJKOT, IN","22.3","70.783","138.0","2016-08-04",,,"81","H,,S",,,"78",",,S"
"IN005150100","RAJKOT, IN","22.3","70.783","138.0","2016-08-05","0.59",",,S","78","H,,S",,,"76",",,S"
"IN005150100","RAJKOT, IN","22.3","70.783","138.0","2016-08-06","4.49",",,S","79","H,,S",,,"75",",,S"
"IN005150100","RAJKOT, IN","22.3","70.783","138.0","2016-08-07","0.12",",,S","77","H,,S",,,"74",",,S"
"IN005150100","RAJKOT, IN","22.3","70.783","138.0","2016-08-08","0.08",",,S","80","H,,S",,,"74",",,S"
"IN005150100","RAJKOT, IN","22.3","70.783","138.0","2016-08-09","0.12",",,S","79","H,,S",,,"76",",,S"
"IN005150100","RAJKOT, IN","22.3","70.783","138.0","2016-08-10","0.63",",,S","80","H,,S",,,"75",",,S"
"IN005150100","RAJKOT, IN","22.3","70.783","138.0","2016-08-11","0.00",",,S","81","H,,S",,,"76",",,S"
"IN005150100","RAJKOT, IN","22.3","70.783","138.0","2016-08-12",,,"83","H,,S",,,"77",",,S"
"IN005150100","RAJKOT, IN","22.3","70.783","138.0","2016-08-13",,,"83","H,,S",,,"76",",,S"
"IN005150100","RAJKOT, IN","22.3","70.783","138.0","2016-08-14",,,"85","H,,S",,,"77",",,S"
"IN005150100","RAJKOT, IN","22.3","70.783","138.0","2016-08-15",,,"83","H,,S",,,"78",",,S"
"IN005150100","RAJKOT, IN","22.3","70.783","138.0","2016-08-16",,,"82","H,,S",,,"77",",,S"
"IN005150100","RAJKOT, IN","22.3","70.783","138.0","2016-08-17",,,"84","H,,S",,,"78",",,S"
"IN005150100","RAJKOT, IN","22.3","70.783","138.0","2016-08-18",,,"84","H,,S",,,"77",",,S"
"IN005150100","RAJKOT, IN","22.3","70.783","138.0","2016-08-19",,,"83","H,,S",,,"75",",,S"
"IN005150100","RAJKOT, IN","22.3","70.783","138.0","2016-08-20",,,"84","H,,S",,,"77",",,S"
"IN005150100","RAJKOT, IN","22.3","70.783","138.0","2016-08-21",,,"84","H,,S",,,"78",",,S"
"IN005150100","RAJKOT, IN","22.3","70.783","138.0","2016-08-22","0.04",",,S","84","H,,S",,,"77",",,S"
"IN005150100","RAJKOT, IN","22.3","70.783","138.0","2016-08-23","0.00",",,S","82","H,,S",,,"78",",,S"
"IN005150100","RAJKOT, IN","22.3","70.783","138.0","2016-08-24","0.04",",,S","77","H,,S",,,,
"IN005150100","RAJKOT, IN","22.3","70.783","138.0","2016-08-25","0.87",",,S","81","H,,S",,,"75",",,S"
"IN005150100","RAJKOT, IN","22.3","70.783","138.0","2016-08-26","0.01",",,S","79","H,,S",,,"76",",,S"
"IN005150100","RAJKOT, IN","22.3","70.783","138.0","2016-08-27","0.63",",,S","82","H,,S",,,"77",",,S"
"IN005150100","RAJKOT, IN","22.3","70.783","138.0","2016-08-28","0.24",",,S","83","H,,S",,,"77",",,S"
"IN005150100","RAJKOT, IN","22.3","70.783","138.0","2016-08-29","0.12",",,S","82","H,,S",,,"78",",,S"
"IN005150100","RAJKOT, IN","22.3","70.783","138.0","2016-08-30","0.08",",,S","82","H,,S",,,"78",",,S"
"IN005150100","RAJKOT, IN","22.3","70.783","138.0","2016-08-31","0.47",",,S","82","H,,S",,,"77",",,S"
"IN005150100","RAJKOT, IN","22.3","70.783","138.0","2016-09-01","0.00",",,S","83","H,,S",,,"76",",,S"
"IN005150100","RAJKOT, IN","22.3","70.783","138.0","2016-09-02","0.24",",,S","80","H,,S",,,"74",",,S"
"IN005150100","RAJKOT, IN","22.3","70.783","138.0","2016-09-03","0.00",",,S","81","H,,S",,,"74",",,S"
"IN005150100","RAJKOT, IN","22.3","70.783","138.0","2016-09-04",,,"83","H,,S",,,"75",",,S"
"IN005150100","RAJKOT, IN","22.3","70.783","138.0","2016-09-05",,,"83","H,,S",,,"75",",,S"
"IN005150100","RAJKOT, IN","22.3","70.783","138.0","2016-09-06",,,"81","H,,S",,,"76",",,S"
"IN005150100","RAJKOT, IN","22.3","70.783","138.0","2016-09-07",,,"83","H,,S",,,"75",",,S"
"IN005150100","RAJKOT, IN","22.3","70.783","138.0","2016-09-08",,,"82","H,,S",,,"75",",,S"
"IN005150100","RAJKOT, IN","22.3","70.783","138.0","2016-09-09",,,"83","H,,S",,,"75",",,S"
"IN005150100","RAJKOT, IN","22.3","70.783","138.0","2016-09-10",,,"83","H,,S",,,"75",",,S"
"IN005150100","RAJKOT, IN","22.3","70.783","138.0","2016-09-11",,,"85","H,,S",,,"75",",,S"
"IN005150100","RAJKOT, IN","22.3","70.783","138.0","2016-09-12",,,"84","H,,S",,,"75",",,S"
"IN005150100","RAJKOT, IN","22.3","70.783","138.0","2016-09-13",,,"86","H,,S",,,"76",",,S"
"IN005150100","RAJKOT, IN","22.3","70.783","138.0","2016-09-14",,,"85","H,,S",,,"77",",,S"
"IN005150100","RAJKOT, IN","22.3","70.783","138.0","2016-09-15",,,"87","H,,S",,,"77",",,S"
"IN005150100","RAJKOT, IN","22.3","70.783","138.0","2016-09-16",,,"85","H,,S",,,"78",",,S"
"IN005150100","RAJKOT, IN","22.3","70.783","138.0","2016-09-17",,,"86","H,,S",,,"78",",,S"
"IN005150100","RAJKOT, IN","22.3","70.783","138.0","2016-09-18","0.02",",,S","80","H,,S",,,"74",",,S"
"IN005150100","RAJKOT, IN","22.3","70.783","138.0","2016-09-19","1.10",",,S","81","H,,S",,,"74",",,S"
"IN005150100","RAJKOT, IN","22.3","70.783","138.0","2016-09-20","0.00",",,S","82","H,,S",,,"76",",,S"
"IN005150100","RAJKOT, IN","22.3","70.783","138.0","2016-09-21",,,"83","H,,S",,,"76",",,S"
"IN005150100","RAJKOT, IN","22.3","70.783","138.0","2016-09-22",,,"83","H,,S",,,"76",",,S"
"IN005150100","RAJKOT, IN","22.3","70.783","138.0","2016-09-23",,,"84","H,,S",,,"77",",,S"
"IN005150100","RAJKOT, IN","22.3","70.783","138.0","2016-09-24",,,"82","H,,S",,,"75",",,S"
"IN005150100","RAJKOT, IN","22.3","70.783","138.0","2016-09-25",,,"83","H,,S",,,"76",",,S"
"IN005150100","RAJKOT, IN","22.3","70.783","138.0","2016-09-26",,,"83","H,,S",,,"74",",,S"
"IN005150100","RAJKOT, IN","22.3","70.783","138.0","2016-09-27",,,"82","H,,S",,,"74",",,S"
"IN005150100","RAJKOT, IN","22.3","70.783","138.0","2016-09-28",,,"83","H,,S",,,"74",",,S"
"IN005150100","RAJKOT, IN","22.3","70.783","138.0","2016-09-29",,,"82","H,,S",,,"74",",,S"
"IN005150100","RAJKOT, IN","22.3","70.783","138.0","2016-09-30",,,"83","H,,S",,,"74",",,S"
"IN005150100","RAJKOT, IN","22.3","70.783","138.0","2016-10-01",,,"84","H,,S",,,"73",",,S"
"IN005150100","RAJKOT, IN","22.3","70.783","138.0","2016-10-02","0.00",",,S","82","H,,S",,,"77",",,S"
"IN005150100","RAJKOT, IN","22.3","70.783","138.0","2016-10-03","0.16",",,S","81","H,,S",,,,
"IN005150100","RAJKOT, IN","22.3","70.783","138.0","2016-10-04","0.91",",,S","79","H,,S",,,"75",",,S"
"IN005150100","RAJKOT, IN","22.3","70.783","138.0","2016-10-05","0.91",",,S","78","H,,S",,,"73",",,S"
"IN005150100","RAJKOT, IN","22.3","70.783","138.0","2016-10-06","0.31",",,S","82","H,,S",,,"75",",,S"
"IN005150100","RAJKOT, IN","22.3","70.783","138.0","2016-10-07","0.00",",,S","84","H,,S",,,"77",",,S"
"IN005150100","RAJKOT, IN","22.3","70.783","138.0","2016-10-08",,,"85","H,,S",,,"78",",,S"
"IN005150100","RAJKOT, IN","22.3","70.783","138.0","2016-10-09",,,"84","H,,S",,,"77",",,S"
"IN005150100","RAJKOT, IN","22.3","70.783","138.0","2016-10-10",,,"83","H,,S",,,"76",",,S"
"IN005150100","RAJKOT, IN","22.3","70.783","138.0","2016-10-11",,,"83","H,,S",,,"75",",,S"
"IN005150100","RAJKOT, IN","22.3","70.783","138.0","2016-10-12",,,"81","H,,S",,,"73",",,S"
"IN005150100","RAJKOT, IN","22.3","70.783","138.0","2016-10-13",,,"83","H,,S",,,"72",",,S"
"IN005150100","RAJKOT, IN","22.3","70.783","138.0","2016-10-14",,,"81","H,,S",,,"73",",,S"
"IN005150100","RAJKOT, IN","22.3","70.783","138.0","2016-10-15",,,"82","H,,S",,,"73",",,S"
"IN005150100","RAJKOT, IN","22.3","70.783","138.0","2016-10-16",,,"86","H,,S",,,"73",",,S"
"IN005150100","RAJKOT, IN","22.3","70.783","138.0","2016-10-17",,,"87","H,,S",,,"78",",,S"
"IN005150100","RAJKOT, IN","22.3","70.783","138.0","2016-10-18",,,"82","H,,S",,,"71",",,S"
"IN005150100","RAJKOT, IN","22.3","70.783","138.0","2016-10-19",,,"84","H,,S",,,"69",",,S"
"IN005150100","RAJKOT, IN","22.3","70.783","138.0","2016-10-20",,,"82","H,,S",,,"70",",,S"
"IN005150100","RAJKOT, IN","22.3","70.783","138.0","2016-10-21",,,"83","H,,S",,,"71",",,S"
"IN005150100","RAJKOT, IN","22.3","70.783","138.0","2016-10-22",,,"82","H,,S",,,"72",",,S"
"IN005150100","RAJKOT, IN","22.3","70.783","138.0","2016-10-23",,,"79","H,,S",,,"72",",,S"
"IN005150100","RAJKOT, IN","22.3","70.783","138.0","2016-10-24",,,"82","H,,S",,,"70",",,S"
"IN005150100","RAJKOT, IN","22.3","70.783","138.0","2016-10-25",,,"81","H,,S",,,"70",",,S"
"IN005150100","RAJKOT, IN","22.3","70.783","138.0","2016-10-26",,,"82","H,,S",,,"71",",,S"
"IN005150100","RAJKOT, IN","22.3","70.783","138.0","2016-10-27",,,"83","H,,S",,,"69",",,S"
"IN005150100","RAJKOT, IN","22.3","70.783","138.0","2016-10-28",,,"85","H,,S",,,"69",",,S"
"IN005150100","RAJKOT, IN","22.3","70.783","138.0","2016-10-29",,,"84","H,,S",,,"70",",,S"
"IN005150100","RAJKOT, IN","22.3","70.783","138.0","2016-10-30",,,"81","H,,S",,,"67",",,S"
"IN005150100","RAJKOT, IN","22.3","70.783","138.0","2016-10-31",,,"81","H,,S",,,"67",",,S"
"IN005150100","RAJKOT, IN","22.3","70.783","138.0","2016-11-01",,,"82","H,,S",,,"69",",,S"
"IN005150100","RAJKOT, IN","22.3","70.783","138.0","2016-11-02",,,"83","H,,S",,,"65",",,S"
"IN005150100","RAJKOT, IN","22.3","70.783","138.0","2016-11-03",,,"78","H,,S",,,"65",",,S"
"IN005150100","RAJKOT, IN","22.3","70.783","138.0","2016-11-04",,,"77","H,,S","94",",,S","65",",,S"
"IN005150100","RAJKOT, IN","22.3","70.783","138.0","2016-11-05",,,"81","H,,S",,,"64",",,S"
"IN005150100","RAJKOT, IN","22.3","70.783","138.0","2016-11-06",,,"81","H,,S",,,"67",",,S"
"IN005150100","RAJKOT, IN","22.3","70.783","138.0","2016-11-07",,,"78","H,,S",,,"66",",,S"
"IN005150100","RAJKOT, IN","22.3","70.783","138.0","2016-11-08",,,"77","H,,S",,,"64",",,S"
"IN005150100","RAJKOT, IN","22.3","70.783","138.0","2016-11-09",,,"80","H,,S",,,"63",",,S"
"IN005150100","RAJKOT, IN","22.3","70.783","138.0","2016-11-10",,,"78","H,,S",,,"63",",,S"
"IN005150100","RAJKOT, IN","22.3","70.783","138.0","2016-11-11",,,"79","H,,S",,,"64",",,S"
"IN005150100","RAJKOT, IN","22.3","70.783","138.0","2016-11-12",,,"79","H,,S",,,"64",",,S"
"IN005150100","RAJKOT, IN","22.3","70.783","138.0","2016-11-13",,,"77","H,,S",,,"62",",,S"
"IN005150100","RAJKOT, IN","22.3","70.783","138.0","2016-11-14",,,"74","H,,S",,,"62",",,S"
"IN005150100","RAJKOT, IN","22.3","70.783","138.0","2016-11-15",,,"75","H,,S",,,"63",",,S"
"IN005150100","RAJKOT, IN","22.3","70.783","138.0","2016-11-16",,,"78","H,,S",,,"63",",,S"
"IN005150100","RAJKOT, IN","22.3","70.783","138.0","2016-11-17",,,"79","H,,S",,,"66",",,S"
"IN005150100","RAJKOT, IN","22.3","70.783","138.0","2016-11-18",,,"76","H,,S",,,"60",",,S"
"IN005150100","RAJKOT, IN","22.3","70.783","138.0","2016-11-19",,,"79","H,,S",,,"60",",,S"
"IN005150100","RAJKOT, IN","22.3","70.783","138.0","2016-11-20",,,"80","H,,S",,,"59",",,S"
"IN005150100","RAJKOT, IN","22.3","70.783","138.0","2016-11-21",,,"75","H,,S",,,"63",",,S"
"IN005150100","RAJKOT, IN","22.3","70.783","138.0","2016-11-22",,,"78","H,,S",,,"62",",,S"
"IN005150100","RAJKOT, IN","22.3","70.783","138.0","2016-11-23",,,"77","H,,S",,,"61",",,S"
"IN005150100","RAJKOT, IN","22.3","70.783","138.0","2016-11-24",,,"78","H,,S",,,"62",",,S"
"IN005150100","RAJKOT, IN","22.3","70.783","138.0","2016-11-25",,,"80","H,,S",,,"63",",,S"
"IN005150100","RAJKOT, IN","22.3","70.783","138.0","2016-11-26",,,"78","H,,S",,,"65",",,S"
"IN005150100","RAJKOT, IN","22.3","70.783","138.0","2016-11-27",,,"77","H,,S",,,"63",",,S"
"IN005150100","RAJKOT, IN","22.3","70.783","138.0","2016-11-28",,,"79","H,,S",,,"64",",,S"
"IN005150100","RAJKOT, IN","22.3","70.783","138.0","2016-11-29",,,"77","H,,S",,,"60",",,S"
"IN005150100","RAJKOT, IN","22.3","70.783","138.0","2016-11-30",,,"76","H,,S",,,"62",",,S"
"IN005150100","RAJKOT, IN","22.3","70.783","138.0","2016-12-01",,,"76","H,,S",,,"62",",,S"
"IN005150100","RAJKOT, IN","22.3","70.783","138.0","2016-12-02",,,"74","H,,S",,,"61",",,S"
"IN005150100","RAJKOT, IN","22.3","70.783","138.0","2016-12-03",,,"78","H,,S",,,"64",",,S"
"IN005150100","RAJKOT, IN","22.3","70.783","138.0","2016-12-04",,,"79","H,,S",,,"63",",,S"
"IN005150100","RAJKOT, IN","22.3","70.783","138.0","2016-12-05",,,"77","H,,S",,,"60",",,S"
"IN005150100","RAJKOT, IN","22.3","70.783","138.0","2016-12-06",,,"77","H,,S",,,"60",",,S"
"IN005150100","RAJKOT, IN","22.3","70.783","138.0","2016-12-07",,,"77","H,,S",,,"60",",,S"
"IN005150100","RAJKOT, IN","22.3","70.783","138.0","2016-12-08",,,"78","H,,S",,,"63",",,S"
"IN005150100","RAJKOT, IN","22.3","70.783","138.0","2016-12-09",,,"76","H,,S","93",",,S","61",",,S"
"IN005150100","RAJKOT, IN","22.3","70.783","138.0","2016-12-10",,,"77","H,,S",,,"59",",,S"
"IN005150100","RAJKOT, IN","22.3","70.783","138.0","2016-12-11",,,"78","H,,S",,,"64",",,S"
"IN005150100","RAJKOT, IN","22.3","70.783","138.0","2016-12-12",,,"75","H,,S",,,"61",",,S"
"IN005150100","RAJKOT, IN","22.3","70.783","138.0","2016-12-13",,,"71","H,,S",,,"60",",,S"
"IN005150100","RAJKOT, IN","22.3","70.783","138.0","2016-12-14",,,"74","H,,S",,,"60",",,S"
"IN005150100","RAJKOT, IN","22.3","70.783","138.0","2016-12-15",,,"73","H,,S",,,"61",",,S"
"IN005150100","RAJKOT, IN","22.3","70.783","138.0","2016-12-16",,,"77","H,,S",,,"63",",,S"
"IN005150100","RAJKOT, IN","22.3","70.783","138.0","2016-12-17",,,"74","H,,S",,,"60",",,S"
"IN005150100","RAJKOT, IN","22.3","70.783","138.0","2016-12-18",,,"73","H,,S",,,"62",",,S"
"IN005150100","RAJKOT, IN","22.3","70.783","138.0","2016-12-19",,,"73","H,,S",,,"57",",,S"
"IN005150100","RAJKOT, IN","22.3","70.783","138.0","2016-12-20",,,"72","H,,S",,,"58",",,S"
"IN005150100","RAJKOT, IN","22.3","70.783","138.0","2016-12-21",,,"73","H,,S",,,"61",",,S"
"IN005150100","RAJKOT, IN","22.3","70.783","138.0","2016-12-22",,,"74","H,,S",,,"59",",,S"
"IN005150100","RAJKOT, IN","22.3","70.783","138.0","2016-12-23",,,"72","H,,S",,,"56",",,S"
"IN005150100","RAJKOT, IN","22.3","70.783","138.0","2016-12-24",,,"73","H,,S",,,"63",",,S"
"IN005150100","RAJKOT, IN","22.3","70.783","138.0","2016-12-25",,,"70","H,,S",,,"58",",,S"
"IN005150100","RAJKOT, IN","22.3","70.783","138.0","2016-12-26",,,"72","H,,S",,,"57",",,S"
"IN005150100","RAJKOT, IN","22.3","70.783","138.0","2016-12-27",,,"71","H,,S",,,"54",",,S"
"IN005150100","RAJKOT, IN","22.3","70.783","138.0","2016-12-28",,,"77","H,,S",,,"56",",,S"
"IN005150100","RAJKOT, IN","22.3","70.783","138.0","2016-12-29",,,"71","H,,S",,,"56",",,S"
"IN005150100","RAJKOT, IN","22.3","70.783","138.0","2016-12-30",,,"76","H,,S",,,"57",",,S"
"IN005150100","RAJKOT, IN","22.3","70.783","138.0","2016-12-31",,,"76","H,,S",,,"60",",,S"
"IN005150100","RAJKOT, IN","22.3","70.783","138.0","2017-01-01",,,"74","H,,S",,,"57",",,S"
"IN005150100","RAJKOT, IN","22.3","70.783","138.0","2017-01-02",,,"71","H,,S",,,"57",",,S"
"IN005150100","RAJKOT, IN","22.3","70.783","138.0","2017-01-03",,,"75","H,,S",,,"59",",,S"
"IN005150100","RAJKOT, IN","22.3","70.783","138.0","2017-01-04",,,"72","H,,S",,,"58",",,S"
"IN005150100","RAJKOT, IN","22.3","70.783","138.0","2017-01-05",,,"70","H,,S",,,"58",",,S"
"IN005150100","RAJKOT, IN","22.3","70.783","138.0","2017-01-06",,,"72","H,,S",,,"61",",,S"
"IN005150100","RAJKOT, IN","22.3","70.783","138.0","2017-01-07",,,"73","H,,S",,,,
"IN005150100","RAJKOT, IN","22.3","70.783","138.0","2017-01-08",,,"65","H,,S",,,"53",",,S"
"IN005150100","RAJKOT, IN","22.3","70.783","138.0","2017-01-09",,,"67","H,,S",,,"51",",,S"
"IN005150100","RAJKOT, IN","22.3","70.783","138.0","2017-01-10",,,"63","H,,S",,,"50",",,S"
"IN005150100","RAJKOT, IN","22.3","70.783","138.0","2017-01-11",,,"63","H,,S",,,"47",",,S"
"IN005150100","RAJKOT, IN","22.3","70.783","138.0","2017-01-12",,,"67","H,,S",,,"51",",,S"
"IN005150100","RAJKOT, IN","22.3","70.783","138.0","2017-01-13",,,"71","H,,S",,,"54",",,S"
"IN005150100","RAJKOT, IN","22.3","70.783","138.0","2017-01-14",,,"66","H,,S",,,"52",",,S"
"IN005150100","RAJKOT, IN","22.3","70.783","138.0","2017-01-15",,,"74","H,,S",,,"59",",,S"
"IN005150100","RAJKOT, IN","22.3","70.783","138.0","2017-01-16",,,"66","H,,S",,,"55",",,S"
"IN005150100","RAJKOT, IN","22.3","70.783","138.0","2017-01-17",,,"66","H,,S",,,"52",",,S"
"IN005150100","RAJKOT, IN","22.3","70.783","138.0","2017-01-18",,,"65","H,,S",,,"52",",,S"
"IN005150100","RAJKOT, IN","22.3","70.783","138.0","2017-01-19",,,"66","H,,S",,,"52",",,S"
"IN005150100","RAJKOT, IN","22.3","70.783","138.0","2017-01-20",,,"68","H,,S",,,"58",",,S"
"IN005150100","RAJKOT, IN","22.3","70.783","138.0","2017-01-21",,,"74","H,,S",,,"56",",,S"
"IN005150100","RAJKOT, IN","22.3","70.783","138.0","2017-01-22",,,"71","H,,S",,,"58",",,S"
"IN005150100","RAJKOT, IN","22.3","70.783","138.0","2017-01-23",,,"77","H,,S",,,"60",",,S"
"IN005150100","RAJKOT, IN","22.3","70.783","138.0","2017-01-24",,,"79","H,,S",,,"61",",,S"
"IN005150100","RAJKOT, IN","22.3","70.783","138.0","2017-01-25",,,"76","H,,S",,,"60",",,S"
"IN005150100","RAJKOT, IN","22.3","70.783","138.0","2017-01-26",,,"69","H,,S",,,"59",",,S"
"IN005150100","RAJKOT, IN","22.3","70.783","138.0","2017-01-27",,,"67","H,,S",,,"55",",,S"
"IN005150100","RAJKOT, IN","22.3","70.783","138.0","2017-01-28",,,"70","H,,S",,,"54",",,S"
"IN005150100","RAJKOT, IN","22.3","70.783","138.0","2017-01-29",,,"77","H,,S",,,"60",",,S"
"IN005150100","RAJKOT, IN","22.3","70.783","138.0","2017-01-30",,,"71","H,,S",,,"57",",,S"
"IN005150100","RAJKOT, IN","22.3","70.783","138.0","2017-01-31",,,"72","H,,S",,,"55",",,S"
"IN005150100","RAJKOT, IN","22.3","70.783","138.0","2017-02-01",,,"73","H,,S",,,"58",",,S"
"IN005150100","RAJKOT, IN","22.3","70.783","138.0","2017-02-02",,,"78","H,,S",,,"61",",,S"
"IN005150100","RAJKOT, IN","22.3","70.783","138.0","2017-02-03",,,"77","H,,S",,,"63",",,S"
"IN005150100","RAJKOT, IN","22.3","70.783","138.0","2017-02-04",,,"72","H,,S",,,"64",",,S"
"IN005150100","RAJKOT, IN","22.3","70.783","138.0","2017-02-05",,,"66","H,,S",,,"56",",,S"
"IN005150100","RAJKOT, IN","22.3","70.783","138.0","2017-02-06",,,"69","H,,S",,,"51",",,S"
"IN005150100","RAJKOT, IN","22.3","70.783","138.0","2017-02-07",,,"67","H,,S",,,"51",",,S"
"IN005150100","RAJKOT, IN","22.3","70.783","138.0","2017-02-08",,,"70","H,,S",,,"54",",,S"
"IN005150100","RAJKOT, IN","22.3","70.783","138.0","2017-02-09",,,"70","H,,S",,,"54",",,S"
"IN005150100","RAJKOT, IN","22.3","70.783","138.0","2017-02-10",,,"68","H,,S",,,"51",",,S"
"IN005150100","RAJKOT, IN","22.3","70.783","138.0","2017-02-11",,,"69","H,,S",,,"54",",,S"
"IN005150100","RAJKOT, IN","22.3","70.783","138.0","2017-02-12",,,"71","H,,S",,,"54",",,S"
"IN005150100","RAJKOT, IN","22.3","70.783","138.0","2017-02-13",,,"75","H,,S",,,"59",",,S"
"IN005150100","RAJKOT, IN","22.3","70.783","138.0","2017-02-14",,,"84","H,,S",,,"64",",,S"
"IN005150100","RAJKOT, IN","22.3","70.783","138.0","2017-02-15",,,"84","H,,S",,,"71",",,S"
"IN005150100","RAJKOT, IN","22.3","70.783","138.0","2017-02-16",,,"85","H,,S",,,"73",",,S"
"IN005150100","RAJKOT, IN","22.3","70.783","138.0","2017-02-17",,,"84","H,,S",,,"72",",,S"
"IN005150100","RAJKOT, IN","22.3","70.783","138.0","2017-02-18",,,"87","H,,S",,,"67",",,S"
"IN005150100","RAJKOT, IN","22.3","70.783","138.0","2017-02-19",,,"84","H,,S",,,"69",",,S"
"IN005150100","RAJKOT, IN","22.3","70.783","138.0","2017-02-20",,,"80","H,,S",,,"67",",,S"
"IN005150100","RAJKOT, IN","22.3","70.783","138.0","2017-02-21",,,"75","H,,S",,,"64",",,S"
"IN005150100","RAJKOT, IN","22.3","70.783","138.0","2017-02-22",,,"74","H,,S",,,"63",",,S"
"IN005150100","RAJKOT, IN","22.3","70.783","138.0","2017-02-23",,,"74","H,,S",,,"63",",,S"
"IN005150100","RAJKOT, IN","22.3","70.783","138.0","2017-02-24",,,"81","H,,S",,,"60",",,S"
"IN005150100","RAJKOT, IN","22.3","70.783","138.0","2017-02-25",,,"82","H,,S",,,"64",",,S"
"IN005150100","RAJKOT, IN","22.3","70.783","138.0","2017-02-26",,,"85","H,,S",,,"63",",,S"
"IN005150100","RAJKOT, IN","22.3","70.783","138.0","2017-02-27",,,"83","H,,S",,,"65",",,S"
"IN005150100","RAJKOT, IN","22.3","70.783","138.0","2017-02-28",,,"81","H,,S",,,"66",",,S"
"IN005150100","RAJKOT, IN","22.3","70.783","138.0","2017-03-01",,,"82","H,,S",,,"67",",,S"
"IN005150100","RAJKOT, IN","22.3","70.783","138.0","2017-03-02",,,"78","H,,S",,,"66",",,S"
"IN005150100","RAJKOT, IN","22.3","70.783","138.0","2017-03-03",,,"78","H,,S",,,"63",",,S"
"IN005150100","RAJKOT, IN","22.3","70.783","138.0","2017-03-04",,,"80","H,,S",,,"65",",,S"
"IN005150100","RAJKOT, IN","22.3","70.783","138.0","2017-03-05",,,"80","H,,S",,,"64",",,S"
"IN005150100","RAJKOT, IN","22.3","70.783","138.0","2017-03-06",,,"80","H,,S",,,"65",",,S"
"IN005150100","RAJKOT, IN","22.3","70.783","138.0","2017-03-07",,,"81","H,,S",,,"67",",,S"
"IN005150100","RAJKOT, IN","22.3","70.783","138.0","2017-03-08",,,"78","H,,S",,,"69",",,S"
"IN005150100","RAJKOT, IN","22.3","70.783","138.0","2017-03-09",,,"79","H,,S",,,"68",",,S"
"IN005150100","RAJKOT, IN","22.3","70.783","138.0","2017-03-10",,,"78","H,,S",,,"67",",,S"
"IN005150100","RAJKOT, IN","22.3","70.783","138.0","2017-03-11",,,"74","H,,S",,,"64",",,S"
"IN005150100","RAJKOT, IN","22.3","70.783","138.0","2017-03-12",,,"73","H,,S",,,"56",",,S"
"IN005150100","RAJKOT, IN","22.3","70.783","138.0","2017-03-13",,,"76","H,,S",,,"58",",,S"
"IN005150100","RAJKOT, IN","22.3","70.783","138.0","2017-03-14",,,"79","H,,S",,,,
"IN005150100","RAJKOT, IN","22.3","70.783","138.0","2017-03-15",,,"87","H,,S",,,"70",",,S"
"IN005150100","RAJKOT, IN","22.3","70.783","138.0","2017-03-16",,,"86","H,,S",,,"67",",,S"
"IN005150100","RAJKOT, IN","22.3","70.783","138.0","2017-03-17",,,"83","H,,S",,,"68",",,S"
"IN005150100","RAJKOT, IN","22.3","70.783","138.0","2017-03-18",,,"83","H,,S",,,,
"IN005150100","RAJKOT, IN","22.3","70.783","138.0","2017-03-19",,,"81","H,,S",,,"70",",,S"
"IN005150100","RAJKOT, IN","22.3","70.783","138.0","2017-03-20",,,"85","H,,S",,,"69",",,S"
"IN005150100","RAJKOT, IN","22.3","70.783","138.0","2017-03-21",,,"87","H,,S",,,"73",",,S"
"IN005150100","RAJKOT, IN","22.3","70.783","138.0","2017-03-22",,,"84","H,,S",,,"69",",,S"
"IN005150100","RAJKOT, IN","22.3","70.783","138.0","2017-03-23",,,"87","H,,S","100",",,S","69",",,S"
"IN005150100","RAJKOT, IN","22.3","70.783","138.0","2017-03-24",,,"85","H,,S",,,"70",",,S"
"IN005150100","RAJKOT, IN","22.3","70.783","138.0","2017-03-25",,,"85","H,,S",,,"69",",,S"
"IN005150100","RAJKOT, IN","22.3","70.783","138.0","2017-03-26",,,"86","H,,S",,,"72",",,S"
"IN005150100","RAJKOT, IN","22.3","70.783","138.0","2017-03-27",,,"91","H,,S",,,"73",",,S"
"IN005150100","RAJKOT, IN","22.3","70.783","138.0","2017-03-28",,,"89","H,,S",,,"75",",,S"
"IN005150100","RAJKOT, IN","22.3","70.783","138.0","2017-03-29",,,"92","H,,S",,,"73",",,S"
"IN005150100","RAJKOT, IN","22.3","70.783","138.0","2017-03-30",,,"90","H,,S",,,"71",",,S"
"IN005150100","RAJKOT, IN","22.3","70.783","138.0","2017-03-31",,,"88","H,,S",,,"72",",,S"
"IN005150100","RAJKOT, IN","22.3","70.783","138.0","2017-04-01",,,"91","H,,S",,,"72",",,S"
"IN005150100","RAJKOT, IN","22.3","70.783","138.0","2017-04-02",,,"85","H,,S",,,"72",",,S"
"IN005150100","RAJKOT, IN","22.3","70.783","138.0","2017-04-03",,,"88","H,,S",,,"75",",,S"
"IN005150100","RAJKOT, IN","22.3","70.783","138.0","2017-04-04",,,"88","H,,S",,,"76",",,S"
"IN005150100","RAJKOT, IN","22.3","70.783","138.0","2017-04-05",,,"91","H,,S",,,"76",",,S"
"IN005150100","RAJKOT, IN","22.3","70.783","138.0","2017-04-06",,,"85","H,,S",,,"74",",,S"
"IN005150100","RAJKOT, IN","22.3","70.783","138.0","2017-04-07",,,"80","H,,S",,,"69",",,S"
"IN005150100","RAJKOT, IN","22.3","70.783","138.0","2017-04-08",,,"83","H,,S",,,"66",",,S"
"IN005150100","RAJKOT, IN","22.3","70.783","138.0","2017-04-09",,,"84","H,,S",,,"66",",,S"
"IN005150100","RAJKOT, IN","22.3","70.783","138.0","2017-04-10",,,"90","H,,S",,,"75",",,S"
"IN005150100","RAJKOT, IN","22.3","70.783","138.0","2017-04-11",,,"92","H,,S",,,"72",",,S"
"IN005150100","RAJKOT, IN","22.3","70.783","138.0","2017-04-12",,,"94","H,,S",,,"75",",,S"
"IN005150100","RAJKOT, IN","22.3","70.783","138.0","2017-04-14",,,"94","H,,S",,,"79",",,S"
"IN005150100","RAJKOT, IN","22.3","70.783","138.0","2017-04-15",,,"91","H,,S",,,"75",",,S"
"IN005150100","RAJKOT, IN","22.3","70.783","138.0","2017-04-16",,,"90","H,,S",,,"74",",,S"
"IN005150100","RAJKOT, IN","22.3","70.783","138.0","2017-04-17",,,"84","H,,S",,,"74",",,S"
"IN005150100","RAJKOT, IN","22.3","70.783","138.0","2017-04-18",,,"93","H,,S",,,"74",",,S"
"IN005150100","RAJKOT, IN","22.3","70.783","138.0","2017-04-19",,,"87","H,,S",,,"75",",,S"
"IN005150100","RAJKOT, IN","22.3","70.783","138.0","2017-04-20",,,"94","H,,S",,,"76",",,S"
"IN005150100","RAJKOT, IN","22.3","70.783","138.0","2017-04-21",,,"87","H,,S",,,"78",",,S"
"IN005150100","RAJKOT, IN","22.3","70.783","138.0","2017-04-22",,,"87","H,,S",,,"76",",,S"
"IN005150100","RAJKOT, IN","22.3","70.783","138.0","2017-04-23",,,"87","H,,S",,,"76",",,S"
"IN005150100","RAJKOT, IN","22.3","70.783","138.0","2017-04-24",,,"87","H,,S",,,"76",",,S"
"IN005150100","RAJKOT, IN","22.3","70.783","138.0","2017-04-25",,,"87","H,,S",,,"76",",,S"
"IN005150100","RAJKOT, IN","22.3","70.783","138.0","2017-04-26",,,"89","H,,S",,,"74",",,S"
"IN005150100","RAJKOT, IN","22.3","70.783","138.0","2017-04-27",,,"88","H,,S",,,"74",",,S"
"IN005150100","RAJKOT, IN","22.3","70.783","138.0","2017-04-28",,,"86","H,,S",,,"75",",,S"
"IN005150100","RAJKOT, IN","22.3","70.783","138.0","2017-04-29",,,"91","H,,S",,,"77",",,S"
"IN005150100","RAJKOT, IN","22.3","70.783","138.0","2017-04-30",,,"90","H,,S",,,"76",",,S"
"IN005150100","RAJKOT, IN","22.3","70.783","138.0","2017-05-01",,,"93","H,,S",,,"76",",,S"
"IN005150100","RAJKOT, IN","22.3","70.783","138.0","2017-05-02",,,"94","H,,S",,,"77",",,S"
"IN005150100","RAJKOT, IN","22.3","70.783","138.0","2017-05-03",,,"91","H,,S",,,"78",",,S"
"IN005150100","RAJKOT, IN","22.3","70.783","138.0","2017-05-04",,,"92","H,,S",,,"76",",,S"
"IN005150100","RAJKOT, IN","22.3","70.783","138.0","2017-05-05",,,"90","H,,S",,,"78",",,S"
"IN005150100","RAJKOT, IN","22.3","70.783","138.0","2017-05-06",,,"92","H,,S",,,"77",",,S"
"IN005150100","RAJKOT, IN","22.3","70.783","138.0","2017-05-07",,,"91","H,,S",,,"78",",,S"
"IN005150100","RAJKOT, IN","22.3","70.783","138.0","2017-05-08",,,"91","H,,S",,,"79",",,S"
"IN005150100","RAJKOT, IN","22.3","70.783","138.0","2017-05-09",,,"92","H,,S",,,"79",",,S"
"IN005150100","RAJKOT, IN","22.3","70.783","138.0","2017-05-10",,,"93","H,,S",,,"79",",,S"
"IN005150100","RAJKOT, IN","22.3","70.783","138.0","2017-05-11",,,"90","H,,S",,,"80",",,S"
"IN005150100","RAJKOT, IN","22.3","70.783","138.0","2017-05-12",,,"95","H,,S",,,"78",",,S"
"IN005150100","RAJKOT, IN","22.3","70.783","138.0","2017-05-13",,,"91","H,,S",,,"79",",,S"
"IN005150100","RAJKOT, IN","22.3","70.783","138.0","2017-05-14",,,"92","H,,S",,,"79",",,S"
"IN005150100","RAJKOT, IN","22.3","70.783","138.0","2017-05-15",,,"92","H,,S",,,"79",",,S"
"IN005150100","RAJKOT, IN","22.3","70.783","138.0","2017-05-16",,,"93","H,,S",,,"80",",,S"
"IN005150100","RAJKOT, IN","22.3","70.783","138.0","2017-05-17",,,"90","H,,S",,,"81",",,S"
"IN005150100","RAJKOT, IN","22.3","70.783","138.0","2017-05-18",,,"92","H,,S",,,"79",",,S"
"IN005150100","RAJKOT, IN","22.3","70.783","138.0","2017-05-19",,,"90","H,,S",,,"79",",,S"
"IN005150100","RAJKOT, IN","22.3","70.783","138.0","2017-05-20",,,"89","H,,S",,,"79",",,S"
"IN005150100","RAJKOT, IN","22.3","70.783","138.0","2017-05-21",,,"89","H,,S",,,"80",",,S"
"IN005150100","RAJKOT, IN","22.3","70.783","138.0","2017-05-22",,,"93","H,,S",,,"80",",,S"
"IN005150100","RAJKOT, IN","22.3","70.783","138.0","2017-05-23",,,"89","H,,S",,,"79",",,S"
"IN005150100","RAJKOT, IN","22.3","70.783","138.0","2017-05-24",,,"89","H,,S",,,"79",",,S"
"IN005150100","RAJKOT, IN","22.3","70.783","138.0","2017-05-25",,,"92","H,,S",,,"81",",,S"
"IN005150100","RAJKOT, IN","22.3","70.783","138.0","2017-05-26",,,"95","H,,S",,,"80",",,S"
"IN005150100","RAJKOT, IN","22.3","70.783","138.0","2017-05-27",,,"92","H,,S",,,"82",",,S"
"IN005150100","RAJKOT, IN","22.3","70.783","138.0","2017-05-28",,,"92","H,,S",,,"82",",,S"
"IN005150100","RAJKOT, IN","22.3","70.783","138.0","2017-05-29",,,"90","H,,S","102",",,S","83",",,S"
"IN005150100","RAJKOT, IN","22.3","70.783","138.0","2017-05-30",,,"95","H,,S",,,"82",",,S"
"IN005150100","RAJKOT, IN","22.3","70.783","138.0","2017-05-31",,,"92","H,,S",,,"82",",,S"
"IN005150100","RAJKOT, IN","22.3","70.783","138.0","2017-06-01",,,"89","H,,S",,,,
"IN005150100","RAJKOT, IN","22.3","70.783","138.0","2017-06-02","2.76",",,S","87","H,,S",,,"74",",,S"
"IN005150100","RAJKOT, IN","22.3","70.783","138.0","2017-06-03","0.94",",,S","89","H,,S",,,"78",",,S"
"IN005150100","RAJKOT, IN","22.3","70.783","138.0","2017-06-04","0.08",",,S","91","H,,S",,,"81",",,S"
"IN005150100","RAJKOT, IN","22.3","70.783","138.0","2017-06-05","0.00",",,S","91","H,,S",,,"82",",,S"
"IN005150100","RAJKOT, IN","22.3","70.783","138.0","2017-06-06",,,"90","H,,S",,,"82",",,S"
"IN005150100","RAJKOT, IN","22.3","70.783","138.0","2017-06-07",,,"92","H,,S",,,"82",",,S"
"IN005150100","RAJKOT, IN","22.3","70.783","138.0","2017-06-08",,,"87","H,,S",,,"82",",,S"
"IN005150100","RAJKOT, IN","22.3","70.783","138.0","2017-06-09",,,"87","H,,S",,,"81",",,S"
"IN005150100","RAJKOT, IN","22.3","70.783","138.0","2017-06-10",,,"85","H,,S",,,,
"IN005150100","RAJKOT, IN","22.3","70.783","138.0","2017-06-11",,,"90","H,,S",,,"81",",,S"
"IN005150100","RAJKOT, IN","22.3","70.783","138.0","2017-06-12",,,"89","H,,S",,,"80",",,S"
"IN005150100","RAJKOT, IN","22.3","70.783","138.0","2017-06-13",,,"92","H,,S",,,"80",",,S"
"IN005150100","RAJKOT, IN","22.3","70.783","138.0","2017-06-14",,,"91","H,,S",,,"81",",,S"
"IN005150100","RAJKOT, IN","22.3","70.783","138.0","2017-06-15",,,"90","H,,S",,,"81",",,S"
"IN005150100","RAJKOT, IN","22.3","70.783","138.0","2017-06-16",,,"89","H,,S",,,"81",",,S"
"IN005150100","RAJKOT, IN","22.3","70.783","138.0","2017-06-17",,,"90","H,,S",,,"81",",,S"
"IN005150100","RAJKOT, IN","22.3","70.783","138.0","2017-06-18",,,"91","H,,S",,,"81",",,S"
"IN005150100","RAJKOT, IN","22.3","70.783","138.0","2017-06-19",,,"91","H,,S",,,"82",",,S"
"IN005150100","RAJKOT, IN","22.3","70.783","138.0","2017-06-20",,,"89","H,,S",,,,
"IN005150100","RAJKOT, IN","22.3","70.783","138.0","2017-06-21",,,"90","H,,S",,,"82",",,S"
"IN005150100","RAJKOT, IN","22.3","70.783","138.0","2017-06-22",,,"91","H,,S",,,"82",",,S"
"IN005150100","RAJKOT, IN","22.3","70.783","138.0","2017-06-23",,,"85","H,,S",,,"81",",,S"
"IN005150100","RAJKOT, IN","22.3","70.783","138.0","2017-06-24",,,"88","H,,S",,,"80",",,S"
"IN005150100","RAJKOT, IN","22.3","70.783","138.0","2017-06-25",,,"87","H,,S",,,,
"IN005150100","RAJKOT, IN","22.3","70.783","138.0","2017-06-26",,,"86","H,,S",,,"78",",,S"
"IN005150100","RAJKOT, IN","22.3","70.783","138.0","2017-06-27",,,"87","H,,S",,,"80",",,S"
"IN005150100","RAJKOT, IN","22.3","70.783","138.0","2017-06-28",,,"86","H,,S",,,"81",",,S"
"IN005150100","RAJKOT, IN","22.3","70.783","138.0","2017-06-29",,,"82","H,,S",,,,
"IN005150100","RAJKOT, IN","22.3","70.783","138.0","2017-06-30",,,"80","H,,S",,,"77",",,S"
"IN005150100","RAJKOT, IN","22.3","70.783","138.0","2017-07-01",,,"81","H,,S",,,"76",",,S"
"IN005150100","RAJKOT, IN","22.3","70.783","138.0","2017-07-02",,,"84","H,,S",,,"80",",,S"
"IN005150100","RAJKOT, IN","22.3","70.783","138.0","2017-07-03",,,"85","H,,S",,,"80",",,S"
"IN005150100","RAJKOT, IN","22.3","70.783","138.0","2017-07-04","0.00",",,S","87","H,,S",,,"80",",,S"
"IN005150100","RAJKOT, IN","22.3","70.783","138.0","2017-07-05",,,"87","H,,S",,,"80",",,S"
"IN005150100","RAJKOT, IN","22.3","70.783","138.0","2017-07-06",,,"87","H,,S",,,"80",",,S"
"IN005150100","RAJKOT, IN","22.3","70.783","138.0","2017-07-07",,,"87","H,,S",,,"81",",,S"
"IN005150100","RAJKOT, IN","22.3","70.783","138.0","2017-07-08",,,"82","H,,S",,,,
"IN005150100","RAJKOT, IN","22.3","70.783","138.0","2017-07-09",,,"83","H,,S",,,"77",",,S"
"IN005150100","RAJKOT, IN","22.3","70.783","138.0","2017-07-10",,,"84","H,,S",,,"77",",,S"
"IN005150100","RAJKOT, IN","22.3","70.783","138.0","2017-07-11","0.03",",,S","81","H,,S",,,"77",",,S"
"IN005150100","RAJKOT, IN","22.3","70.783","138.0","2017-07-12","0.12",",,S","82","H,,S",,,"77",",,S"
"IN005150100","RAJKOT, IN","22.3","70.783","138.0","2017-07-13","0.08",",,S","83","H,,S",,,"78",",,S"
"IN005150100","RAJKOT, IN","22.3","70.783","138.0","2017-07-14","0.04",",,S","79","H,,S",,,,
"IN005150100","RAJKOT, IN","22.3","70.783","138.0","2017-07-15","13.70",",,S","77","H,,S",,,"74",",,S"
"IN005150100","RAJKOT, IN","22.3","70.783","138.0","2017-07-16","3.74",",,S","79","H,,S",,,"76",",,S"
"IN005150100","RAJKOT, IN","22.3","70.783","138.0","2017-07-17","0.31",",,S","78","H,,S",,,"76",",,S"
"IN005150100","RAJKOT, IN","22.3","70.783","138.0","2017-07-18","1.69",",,S","82","H,,S",,,"76",",,S"
"IN005150100","RAJKOT, IN","22.3","70.783","138.0","2017-07-19","1.89",",,S","80","H,,S",,,"76",",,S"
"IN005150100","RAJKOT, IN","22.3","70.783","138.0","2017-07-20","0.20",",,S","83","H,,S",,,"76",",,S"
"IN005150100","RAJKOT, IN","22.3","70.783","138.0","2017-07-21","0.02",",,S","82","H,,S",,,,
"IN005150100","RAJKOT, IN","22.3","70.783","138.0","2017-07-22","2.64",",,S","79","H,,S",,,"76",",,S"
"IN005150100","RAJKOT, IN","22.3","70.783","138.0","2017-07-23","2.24",",,S","79","H,,S",,,,
"IN005150100","RAJKOT, IN","22.3","70.783","138.0","2017-07-24","0.31",",,S","79","H,,S",,,"76",",,S"
"IN005150100","RAJKOT, IN","22.3","70.783","138.0","2017-07-25","0.20",",,S","81","H,,S",,,"78",",,S"
"IN005150100","RAJKOT, IN","22.3","70.783","138.0","2017-07-26","0.03",",,S","79","H,,S",,,,
"IN005150100","RAJKOT, IN","22.3","70.783","138.0","2017-07-27","1.38",",,S","78","H,,S",,,"76",",,S"
"IN005150100","RAJKOT, IN","22.3","70.783","138.0","2017-07-28","0.55",",,S","80","H,,S",,,"76",",,S"
"IN005150100","RAJKOT, IN","22.3","70.783","138.0","2017-07-29","0.24",",,S","82","H,,S",,,"76",",,S"
"IN005150100","RAJKOT, IN","22.3","70.783","138.0","2017-07-30","0.24",",,S","81","H,,S",,,"74",",,S"
"IN005150100","RAJKOT, IN","22.3","70.783","138.0","2017-07-31","0.00",",,S","81","H,,S",,,"76",",,S"
"IN005150100","RAJKOT, IN","22.3","70.783","138.0","2017-08-01","0.20",",,S","83","H,,S",,,"76",",,S"
"IN005150100","RAJKOT, IN","22.3","70.783","138.0","2017-08-02","0.08",",,S","82","H,,S",,,"76",",,S"
"IN005150100","RAJKOT, IN","22.3","70.783","138.0","2017-08-03","0.00",",,S","85","H,,S",,,"77",",,S"
"IN005150100","RAJKOT, IN","22.3","70.783","138.0","2017-08-04",,,"83","H,,S",,,"78",",,S"
"IN005150100","RAJKOT, IN","22.3","70.783","138.0","2017-08-05",,,"85","H,,S",,,"79",",,S"
"IN005150100","RAJKOT, IN","22.3","70.783","138.0","2017-08-06",,,"84","H,,S",,,"78",",,S"
"IN005150100","RAJKOT, IN","22.3","70.783","138.0","2017-08-07",,,"86","H,,S",,,"77",",,S"
"IN005150100","RAJKOT, IN","22.3","70.783","138.0","2017-08-08","0.12",",,S","84","H,,S",,,"78",",,S"
"IN005150100","RAJKOT, IN","22.3","70.783","138.0","2017-08-09","0.00",",,S","82","H,,S",,,"77",",,S"
"IN005150100","RAJKOT, IN","22.3","70.783","138.0","2017-08-10","0.16",",,S","82","H,,S",,,"78",",,S"
"IN005150100","RAJKOT, IN","22.3","70.783","138.0","2017-08-11","0.31",",,S","82","H,,S",,,"77",",,S"
"IN005150100","RAJKOT, IN","22.3","70.783","138.0","2017-08-12","0.16",",,S","80","H,,S",,,"76",",,S"
"IN005150100","RAJKOT, IN","22.3","70.783","138.0","2017-08-13","0.12",",,S","83","H,,S",,,"76",",,S"
"IN005150100","RAJKOT, IN","22.3","70.783","138.0","2017-08-14","0.00",",,S","85","H,,S",,,"78",",,S"
"IN005150100","RAJKOT, IN","22.3","70.783","138.0","2017-08-15","0.00",",,S","85","H,,S",,,"78",",,S"
"IN005150100","RAJKOT, IN","22.3","70.783","138.0","2017-08-16",,,"83","H,,S",,,"76",",,S"
"IN005150100","RAJKOT, IN","22.3","70.783","138.0","2017-08-17",,,"85","H,,S",,,"76",",,S"
"IN005150100","RAJKOT, IN","22.3","70.783","138.0","2017-08-18",,,"86","H,,S",,,"77",",,S"
"IN005150100","RAJKOT, IN","22.3","70.783","138.0","2017-08-19",,,"87","H,,S",,,"77",",,S"
"IN005150100","RAJKOT, IN","22.3","70.783","138.0","2017-08-20",,,"80","H,,S",,,,
"IN005150100","RAJKOT, IN","22.3","70.783","138.0","2017-08-21",,,"81","H,,S",,,"76",",,S"
"IN005150100","RAJKOT, IN","22.3","70.783","138.0","2017-08-22",,,"81","H,,S",,,"77",",,S"
"IN005150100","RAJKOT, IN","22.3","70.783","138.0","2017-08-23",,,"83","H,,S",,,,
"IN005150100","RAJKOT, IN","22.3","70.783","138.0","2017-08-24",,,"83","H,,S",,,"76",",,S"
"IN005150100","RAJKOT, IN","22.3","70.783","138.0","2017-08-25",,,"84","H,,S",,,"76",",,S"
"IN005150100","RAJKOT, IN","22.3","70.783","138.0","2017-08-26",,,"84","H,,S",,,"77",",,S"
"IN005150100","RAJKOT, IN","22.3","70.783","138.0","2017-08-27",,,"84","H,,S",,,"77",",,S"
"IN005150100","RAJKOT, IN","22.3","70.783","138.0","2017-08-28",,,"83","H,,S",,,,
"IN005150100","RAJKOT, IN","22.3","70.783","138.0","2017-08-29","2.32",",,S","79","H,,S",,,"73",",,S"
"IN005150100","RAJKOT, IN","22.3","70.783","138.0","2017-08-30","1.06",",,S","78","H,,S",,,"75",",,S"
"IN005150100","RAJKOT, IN","22.3","70.783","138.0","2017-08-31","0.01",",,S","78","H,,S",,,"75",",,S"
"IN005150100","RAJKOT, IN","22.3","70.783","138.0","2017-09-01","0.08",",,S","81","H,,S",,,"75",",,S"
"IN005150100","RAJKOT, IN","22.3","70.783","138.0","2017-09-02","0.04",",,S","81","H,,S",,,"76",",,S"
"IN005150100","RAJKOT, IN","22.3","70.783","138.0","2017-09-03","0.04",",,S","82","H,,S",,,"77",",,S"
"IN005150100","RAJKOT, IN","22.3","70.783","138.0","2017-09-04","0.01",",,S","82","H,,S",,,"77",",,S"
"IN005150100","RAJKOT, IN","22.3","70.783","138.0","2017-09-05","0.00",",,S","83","H,,S",,,"76",",,S"
"IN005150100","RAJKOT, IN","22.3","70.783","138.0","2017-09-06",,,"84","H,,S",,,"74",",,S"
"IN005150100","RAJKOT, IN","22.3","70.783","138.0","2017-09-07",,,"84","H,,S",,,"75",",,S"
"IN005150100","RAJKOT, IN","22.3","70.783","138.0","2017-09-08",,,"83","H,,S","94",",,S","75",",,S"
"IN005150100","RAJKOT, IN","22.3","70.783","138.0","2017-09-09",,,"83","H,,S",,,"76",",,S"
"IN005150100","RAJKOT, IN","22.3","70.783","138.0","2017-09-10",,,"85","H,,S",,,"76",",,S"
"IN005150100","RAJKOT, IN","22.3","70.783","138.0","2017-09-11",,,"88","H,,S",,,"77",",,S"
"IN005150100","RAJKOT, IN","22.3","70.783","138.0","2017-09-12",,,"87","H,,S",,,"78",",,S"
"IN005150100","RAJKOT, IN","22.3","70.783","138.0","2017-09-13",,,"84","H,,S",,,"79",",,S"
"IN005150100","RAJKOT, IN","22.3","70.783","138.0","2017-09-14",,,"86","H,,S",,,"76",",,S"
"IN005150100","RAJKOT, IN","22.3","70.783","138.0","2017-09-15",,,"86","H,,S",,,"77",",,S"
"IN005150100","RAJKOT, IN","22.3","70.783","138.0","2017-09-16",,,"82","H,,S",,,,
"IN005150100","RAJKOT, IN","22.3","70.783","138.0","2017-09-17",,,"82","H,,S",,,"76",",,S"
"IN005150100","RAJKOT, IN","22.3","70.783","138.0","2017-09-18",,,"84","H,,S",,,"76",",,S"
"IN005150100","RAJKOT, IN","22.3","70.783","138.0","2017-09-19",,,"85","H,,S",,,"79",",,S"
"IN005150100","RAJKOT, IN","22.3","70.783","138.0","2017-09-20",,,"85","H,,S",,,"77",",,S"
"IN005150100","RAJKOT, IN","22.3","70.783","138.0","2017-09-21",,,"83","H,,S",,,"78",",,S"
"IN005150100","RAJKOT, IN","22.3","70.783","138.0","2017-09-22",,,"82","H,,S",,,"76",",,S"
"IN005150100","RAJKOT, IN","22.3","70.783","138.0","2017-09-23",,,"85","H,,S",,,"76",",,S"
"IN005150100","RAJKOT, IN","22.3","70.783","138.0","2017-09-24",,,"82","H,,S",,,"76",",,S"
"IN005150100","RAJKOT, IN","22.3","70.783","138.0","2017-09-25",,,"82","H,,S",,,"75",",,S"
"IN005150100","RAJKOT, IN","22.3","70.783","138.0","2017-09-26",,,"82","H,,S",,,"75",",,S"
"IN005150100","RAJKOT, IN","22.3","70.783","138.0","2017-09-27",,,"83","H,,S",,,"75",",,S"
"IN005150100","RAJKOT, IN","22.3","70.783","138.0","2017-09-28",,,"85","H,,S",,,"74",",,S"
"IN005150100","RAJKOT, IN","22.3","70.783","138.0","2017-09-29",,,"83","H,,S",,,"74",",,S"
"IN005150100","RAJKOT, IN","22.3","70.783","138.0","2017-09-30",,,"85","H,,S",,,"74",",,S"
"IN005150100","RAJKOT, IN","22.3","70.783","138.0","2017-10-01",,,"85","H,,S",,,"73",",,S"
"IN005150100","RAJKOT, IN","22.3","70.783","138.0","2017-10-02",,,"87","H,,S",,,"76",",,S"
"IN005150100","RAJKOT, IN","22.3","70.783","138.0","2017-10-03",,,"85","H,,S",,,"77",",,S"
"IN005150100","RAJKOT, IN","22.3","70.783","138.0","2017-10-04",,,"85","H,,S",,,"75",",,S"
"IN005150100","RAJKOT, IN","22.3","70.783","138.0","2017-10-05",,,"87","H,,S",,,"74",",,S"
"IN005150100","RAJKOT, IN","22.3","70.783","138.0","2017-10-06",,,"87","H,,S",,,"75",",,S"
"IN005150100","RAJKOT, IN","22.3","70.783","138.0","2017-10-07",,,"91","H,,S",,,"77",",,S"
"IN005150100","RAJKOT, IN","22.3","70.783","138.0","2017-10-08",,,"88","H,,S",,,"76",",,S"
"IN005150100","RAJKOT, IN","22.3","70.783","138.0","2017-10-09",,,"88","H,,S",,,"75",",,S"
"IN005150100","RAJKOT, IN","22.3","70.783","138.0","2017-10-10",,,"89","H,,S",,,"76",",,S"
"IN005150100","RAJKOT, IN","22.3","70.783","138.0","2017-10-11",,,"87","H,,S",,,"78",",,S"
"IN005150100","RAJKOT, IN","22.3","70.783","138.0","2017-10-12",,,"85","H,,S",,,"80",",,S"
"IN005150100","RAJKOT, IN","22.3","70.783","138.0","2017-10-13",,,"86","H,,S",,,"79",",,S"
"IN005150100","RAJKOT, IN","22.3","70.783","138.0","2017-10-14",,,"86","H,,S",,,"77",",,S"
"IN005150100","RAJKOT, IN","22.3","70.783","138.0","2017-10-15",,,"88","H,,S",,,"76",",,S"
"IN005150100","RAJKOT, IN","22.3","70.783","138.0","2017-10-16",,,"84","H,,S",,,"74",",,S"
"IN005150100","RAJKOT, IN","22.3","70.783","138.0","2017-10-17",,,"87","H,,S",,,"70",",,S"
"IN005150100","RAJKOT, IN","22.3","70.783","138.0","2017-10-18",,,"86","H,,S",,,"74",",,S"
"IN005150100","RAJKOT, IN","22.3","70.783","138.0","2017-10-19",,,"86","H,,S",,,"74",",,S"
"IN005150100","RAJKOT, IN","22.3","70.783","138.0","2017-10-20",,,"87","H,,S",,,"74",",,S"
"IN005150100","RAJKOT, IN","22.3","70.783","138.0","2017-10-21",,,"86","H,,S",,,"75",",,S"
"IN005150100","RAJKOT, IN","22.3","70.783","138.0","2017-10-22",,,"81","H,,S",,,"75",",,S"
"IN005150100","RAJKOT, IN","22.3","70.783","138.0","2017-10-23",,,"81","H,,S",,,"72",",,S"
"IN005150100","RAJKOT, IN","22.3","70.783","138.0","2017-10-24",,,"83","H,,S",,,"71",",,S"
"IN005150100","RAJKOT, IN","22.3","70.783","138.0","2017-10-25",,,"87","H,,S",,,"75",",,S"
"IN005150100","RAJKOT, IN","22.3","70.783","138.0","2017-10-26",,,"84","H,,S",,,"72",",,S"
"IN005150100","RAJKOT, IN","22.3","70.783","138.0","2017-10-27",,,"83","H,,S",,,"72",",,S"
"IN005150100","RAJKOT, IN","22.3","70.783","138.0","2017-10-28",,,"83","H,,S",,,"73",",,S"
"IN005150100","RAJKOT, IN","22.3","70.783","138.0","2017-10-29",,,"84","H,,S",,,"71",",,S"
"IN005150100","RAJKOT, IN","22.3","70.783","138.0","2017-10-30",,,"83","H,,S",,,"70",",,S"
"IN005150100","RAJKOT, IN","22.3","70.783","138.0","2017-10-31",,,"80","H,,S",,,"69",",,S"
"IN005150100","RAJKOT, IN","22.3","70.783","138.0","2017-11-01",,,"83","H,,S",,,"69",",,S"
"IN005150100","RAJKOT, IN","22.3","70.783","138.0","2017-11-02",,,"82","H,,S",,,"68",",,S"
"IN005150100","RAJKOT, IN","22.3","70.783","138.0","2017-11-03",,,"81","H,,S",,,"67",",,S"
"IN005150100","RAJKOT, IN","22.3","70.783","138.0","2017-11-04",,,"81","H,,S",,,"69",",,S"
"IN005150100","RAJKOT, IN","22.3","70.783","138.0","2017-11-05",,,"81","H,,S",,,"70",",,S"
"IN005150100","RAJKOT, IN","22.3","70.783","138.0","2017-11-06",,,"81","H,,S",,,"68",",,S"
"IN005150100","RAJKOT, IN","22.3","70.783","138.0","2017-11-07",,,"80","H,,S",,,"66",",,S"
"IN005150100","RAJKOT, IN","22.3","70.783","138.0","2017-11-08",,,"81","H,,S",,,"67",",,S"
"IN005150100","RAJKOT, IN","22.3","70.783","138.0","2017-11-09",,,"83","H,,S",,,"69",",,S"
"IN005150100","RAJKOT, IN","22.3","70.783","138.0","2017-11-10",,,"81","H,,S",,,"68",",,S"
"IN005150100","RAJKOT, IN","22.3","70.783","138.0","2017-11-11",,,"80","H,,S",,,"68",",,S"
"IN005150100","RAJKOT, IN","22.3","70.783","138.0","2017-11-12",,,"78","H,,S",,,"67",",,S"
"IN005150100","RAJKOT, IN","22.3","70.783","138.0","2017-11-13",,,"76","H,,S",,,"67",",,S"
"IN005150100","RAJKOT, IN","22.3","70.783","138.0","2017-11-14",,,"77","H,,S",,,"67",",,S"
"IN005150100","RAJKOT, IN","22.3","70.783","138.0","2017-11-15",,,"75","H,,S",,,,
"IN005150100","RAJKOT, IN","22.3","70.783","138.0","2017-11-16",,,"72","H,,S",,,"61",",,S"
"IN005150100","RAJKOT, IN","22.3","70.783","138.0","2017-11-17",,,"72","H,,S",,,"59",",,S"
"IN005150100","RAJKOT, IN","22.3","70.783","138.0","2017-11-18",,,"71","H,,S",,,"58",",,S"
"IN005150100","RAJKOT, IN","22.3","70.783","138.0","2017-11-19",,,"69","H,,S",,,"57",",,S"
"IN005150100","RAJKOT, IN","22.3","70.783","138.0","2017-11-20",,,"72","H,,S",,,"60",",,S"
"IN005150100","RAJKOT, IN","22.3","70.783","138.0","2017-11-21",,,"70","H,,S",,,"58",",,S"
"IN005150100","RAJKOT, IN","22.3","70.783","138.0","2017-11-22",,,"70","H,,S",,,"59",",,S"
"IN005150100","RAJKOT, IN","22.3","70.783","138.0","2017-11-23",,,"72","H,,S",,,"61",",,S"
"IN005150100","RAJKOT, IN","22.3","70.783","138.0","2017-11-24",,,"74","H,,S",,,"63",",,S"
"IN005150100","RAJKOT, IN","22.3","70.783","138.0","2017-11-25",,,"75","H,,S",,,"60",",,S"
"IN005150100","RAJKOT, IN","22.3","70.783","138.0","2017-11-26",,,"71","H,,S","90",",,S","58",",,S"
"IN005150100","RAJKOT, IN","22.3","70.783","138.0","2017-11-27",,,"78","H,,S",,,"62",",,S"
"IN005150100","RAJKOT, IN","22.3","70.783","138.0","2017-11-28",,,"76","H,,S",,,"62",",,S"
"IN005150100","RAJKOT, IN","22.3","70.783","138.0","2017-11-29",,,"75","H,,S",,,"60",",,S"
"IN005150100","RAJKOT, IN","22.3","70.783","138.0","2017-11-30",,,"76","H,,S",,,"60",",,S"
"IN005150100","RAJKOT, IN","22.3","70.783","138.0","2017-12-01",,,"75","H,,S",,,"60",",,S"
"IN005150100","RAJKOT, IN","22.3","70.783","138.0","2017-12-02",,,"74","H,,S",,,"65",",,S"
"IN005150100","RAJKOT, IN","22.3","70.783","138.0","2017-12-03",,,"74","H,,S",,,"66",",,S"
"IN005150100","RAJKOT, IN","22.3","70.783","138.0","2017-12-04",,,"69","H,,S",,,"65",",,S"
"IN005150100","RAJKOT, IN","22.3","70.783","138.0","2017-12-05","0.00",",,S","67","H,,S",,,,
"IN005150100","RAJKOT, IN","22.3","70.783","138.0","2017-12-06","0.08",",,S","67","H,,S",,,,
"IN005150100","RAJKOT, IN","22.3","70.783","138.0","2017-12-07","0.00",",,S","70","H,,S",,,"57",",,S"
"IN005150100","RAJKOT, IN","22.3","70.783","138.0","2017-12-08",,,"73","H,,S",,,"59",",,S"
"IN005150100","RAJKOT, IN","22.3","70.783","138.0","2017-12-09",,,"75","H,,S",,,"67",",,S"
"IN005150100","RAJKOT, IN","22.3","70.783","138.0","2017-12-10",,,"75","H,,S",,,,
"IN005150100","RAJKOT, IN","22.3","70.783","138.0","2017-12-11",,,"72","H,,S",,,"64",",,S"
"IN005150100","RAJKOT, IN","22.3","70.783","138.0","2017-12-12",,,"70","H,,S",,,"58",",,S"
"IN005150100","RAJKOT, IN","22.3","70.783","138.0","2017-12-13",,,"68","H,,S",,,"55",",,S"
"IN005150100","RAJKOT, IN","22.3","70.783","138.0","2017-12-14",,,"64","H,,S",,,"52",",,S"
"IN005150100","RAJKOT, IN","22.3","70.783","138.0","2017-12-15",,,"66","H,,S",,,"52",",,S"
"IN005150100","RAJKOT, IN","22.3","70.783","138.0","2017-12-16",,,"67","H,,S",,,"55",",,S"
"IN005150100","RAJKOT, IN","22.3","70.783","138.0","2017-12-17",,,"73","H,,S",,,"61",",,S"
"IN005150100","RAJKOT, IN","22.3","70.783","138.0","2017-12-18",,,"76","H,,S",,,,
"IN005150100","RAJKOT, IN","22.3","70.783","138.0","2017-12-19",,,"73","H,,S",,,"63",",,S"
"IN005150100","RAJKOT, IN","22.3","70.783","138.0","2017-12-20",,,"74","H,,S",,,"62",",,S"
"IN005150100","RAJKOT, IN","22.3","70.783","138.0","2017-12-21",,,"71","H,,S",,,"58",",,S"
"IN005150100","RAJKOT, IN","22.3","70.783","138.0","2017-12-22",,,"70","H,,S",,,"59",",,S"
"IN005150100","RAJKOT, IN","22.3","70.783","138.0","2017-12-23",,,"75","H,,S",,,"62",",,S"
"IN005150100","RAJKOT, IN","22.3","70.783","138.0","2017-12-24",,,"69","H,,S",,,"55",",,S"
"IN005150100","RAJKOT, IN","22.3","70.783","138.0","2017-12-25",,,"69","H,,S",,,"55",",,S"
"IN005150100","RAJKOT, IN","22.3","70.783","138.0","2017-12-26",,,"71","H,,S",,,"60",",,S"
"IN005150100","RAJKOT, IN","22.3","70.783","138.0","2017-12-27",,,"70","H,,S",,,"57",",,S"
"IN005150100","RAJKOT, IN","22.3","70.783","138.0","2017-12-28",,,"69","H,,S",,,"54",",,S"
"IN005150100","RAJKOT, IN","22.3","70.783","138.0","2017-12-29",,,"70","H,,S",,,"54",",,S"
"IN005150100","RAJKOT, IN","22.3","70.783","138.0","2017-12-30",,,"67","H,,S",,,"56",",,S"
"IN005150100","RAJKOT, IN","22.3","70.783","138.0","2017-12-31",,,"69","H,,S",,,"53",",,S"
"IN005150100","RAJKOT, IN","22.3","70.783","138.0","2018-01-01",,,"64","H,,S",,,"53",",,S"
"IN005150100","RAJKOT, IN","22.3","70.783","138.0","2018-01-02",,,"65","H,,S",,,"51",",,S"
"IN005150100","RAJKOT, IN","22.3","70.783","138.0","2018-01-03",,,"67","H,,S",,,"55",",,S"
"IN005150100","RAJKOT, IN","22.3","70.783","138.0","2018-01-04",,,"66","H,,S",,,"54",",,S"
"IN005150100","RAJKOT, IN","22.3","70.783","138.0","2018-01-05",,,"67","H,,S",,,"55",",,S"
"IN005150100","RAJKOT, IN","22.3","70.783","138.0","2018-01-06",,,"65","H,,S",,,"55",",,S"
"IN005150100","RAJKOT, IN","22.3","70.783","138.0","2018-01-07",,,"63","H,,S",,,"53",",,S"
"IN005150100","RAJKOT, IN","22.3","70.783","138.0","2018-01-08",,,"67","H,,S",,,"51",",,S"
"IN005150100","RAJKOT, IN","22.3","70.783","138.0","2018-01-09",,,"71","H,,S",,,"55",",,S"
"IN005150100","RAJKOT, IN","22.3","70.783","138.0","2018-01-10",,,"74","H,,S",,,"59",",,S"
"IN005150100","RAJKOT, IN","22.3","70.783","138.0","2018-01-11",,,"74","H,,S",,,"60",",,S"
"IN005150100","RAJKOT, IN","22.3","70.783","138.0","2018-01-12",,,"73","H,,S",,,"62",",,S"
"IN005150100","RAJKOT, IN","22.3","70.783","138.0","2018-01-13",,,"75","H,,S",,,"65",",,S"
"IN005150100","RAJKOT, IN","22.3","70.783","138.0","2018-01-14",,,"78","H,,S",,,"65",",,S"
"IN005150100","RAJKOT, IN","22.3","70.783","138.0","2018-01-15",,,"78","H,,S",,,"67",",,S"
"IN005150100","RAJKOT, IN","22.3","70.783","138.0","2018-01-16",,,"80","H,,S",,,"67",",,S"
"IN005150100","RAJKOT, IN","22.3","70.783","138.0","2018-01-17",,,"73","H,,S",,,"64",",,S"
"IN005150100","RAJKOT, IN","22.3","70.783","138.0","2018-01-18",,,"72","H,,S",,,"60",",,S"
"IN005150100","RAJKOT, IN","22.3","70.783","138.0","2018-01-19",,,"71","H,,S",,,"58",",,S"
"IN005150100","RAJKOT, IN","22.3","70.783","138.0","2018-01-20",,,"69","H,,S",,,"56",",,S"
"IN005150100","RAJKOT, IN","22.3","70.783","138.0","2018-01-21",,,"72","H,,S",,,"56",",,S"
"IN005150100","RAJKOT, IN","22.3","70.783","138.0","2018-01-22",,,"69","H,,S",,,"58",",,S"
"IN005150100","RAJKOT, IN","22.3","70.783","138.0","2018-01-23",,,"69","H,,S",,,"61",",,S"
"IN005150100","RAJKOT, IN","22.3","70.783","138.0","2018-01-24",,,"68","H,,S",,,"56",",,S"
"IN005150100","RAJKOT, IN","22.3","70.783","138.0","2018-01-25",,,"68","H,,S",,,"54",",,S"
"IN005150100","RAJKOT, IN","22.3","70.783","138.0","2018-01-26",,,"69","H,,S",,,"54",",,S"
"IN005150100","RAJKOT, IN","22.3","70.783","138.0","2018-01-27",,,"68","H,,S",,,"53",",,S"
"IN005150100","RAJKOT, IN","22.3","70.783","138.0","2018-01-28",,,"70","H,,S",,,"54",",,S"
"IN005150100","RAJKOT, IN","22.3","70.783","138.0","2018-01-29",,,"68","H,,S",,,"56",",,S"
"IN005150100","RAJKOT, IN","22.3","70.783","138.0","2018-01-30",,,"71","H,,S",,,"57",",,S"
"IN005150100","RAJKOT, IN","22.3","70.783","138.0","2018-01-31",,,"76","H,,S",,,"59",",,S"
"IN005150100","RAJKOT, IN","22.3","70.783","138.0","2018-02-01",,,"72","H,,S",,,"61",",,S"
"IN005150100","RAJKOT, IN","22.3","70.783","138.0","2018-02-02",,,"72","H,,S",,,"60",",,S"
"IN005150100","RAJKOT, IN","22.3","70.783","138.0","2018-02-03",,,"73","H,,S",,,"60",",,S"
"IN005150100","RAJKOT, IN","22.3","70.783","138.0","2018-02-04",,,"73","H,,S",,,"58",",,S"
"IN005150100","RAJKOT, IN","22.3","70.783","138.0","2018-02-05",,,"76","H,,S",,,"62",",,S"
"IN005150100","RAJKOT, IN","22.3","70.783","138.0","2018-02-06",,,"73","H,,S",,,"65",",,S"
"IN005150100","RAJKOT, IN","22.3","70.783","138.0","2018-02-07",,,"75","H,,S",,,"61",",,S"
"IN005150100","RAJKOT, IN","22.3","70.783","138.0","2018-02-08",,,"72","H,,S",,,"58",",,S"
"IN005150100","RAJKOT, IN","22.3","70.783","138.0","2018-02-09",,,"70","H,,S",,,"58",",,S"
"IN005150100","RAJKOT, IN","22.3","70.783","138.0","2018-02-10",,,"70","H,,S",,,"59",",,S"
"IN005150100","RAJKOT, IN","22.3","70.783","138.0","2018-02-11",,,"71","H,,S",,,"63",",,S"
"IN005150100","RAJKOT, IN","22.3","70.783","138.0","2018-02-12",,,"69","H,,S",,,"60",",,S"
"IN005150100","RAJKOT, IN","22.3","70.783","138.0","2018-02-13",,,"75","H,,S",,,"58",",,S"
"IN005150100","RAJKOT, IN","22.3","70.783","138.0","2018-02-14",,,"74","H,,S",,,"62",",,S"
"IN005150100","RAJKOT, IN","22.3","70.783","138.0","2018-02-15",,,"77","H,,S",,,"58",",,S"
"IN005150100","RAJKOT, IN","22.3","70.783","138.0","2018-02-16",,,"76","H,,S",,,"61",",,S"
"IN005150100","RAJKOT, IN","22.3","70.783","138.0","2018-02-17",,,"78","H,,S",,,"63",",,S"
"IN005150100","RAJKOT, IN","22.3","70.783","138.0","2018-02-18",,,"76","H,,S",,,"65",",,S"
"IN005150100","RAJKOT, IN","22.3","70.783","138.0","2018-02-19",,,"80","H,,S",,,"68",",,S"
"IN005150100","RAJKOT, IN","22.3","70.783","138.0","2018-02-20",,,"79","H,,S",,,"67",",,S"
"IN005150100","RAJKOT, IN","22.3","70.783","138.0","2018-02-21",,,"82","H,,S",,,"67",",,S"
"IN005150100","RAJKOT, IN","22.3","70.783","138.0","2018-02-22",,,"79","H,,S",,,"67",",,S"
"IN005150100","RAJKOT, IN","22.3","70.783","138.0","2018-02-23",,,"76","H,,S",,,"62",",,S"
"IN005150100","RAJKOT, IN","22.3","70.783","138.0","2018-02-24",,,"77","H,,S",,,"63",",,S"
"IN005150100","RAJKOT, IN","22.3","70.783","138.0","2018-02-25",,,"83","H,,S",,,"66",",,S"
"IN005150100","RAJKOT, IN","22.3","70.783","138.0","2018-02-26",,,"82","H,,S",,,"71",",,S"
"IN005150100","RAJKOT, IN","22.3","70.783","138.0","2018-02-27",,,"83","H,,S","100",",,S","69",",,S"
"IN005150100","RAJKOT, IN","22.3","70.783","138.0","2018-02-28",,,"82","H,,S",,,"70",",,S"
"IN005150100","RAJKOT, IN","22.3","70.783","138.0","2018-03-01",,,"87","H,,S",,,"72",",,S"
"IN005150100","RAJKOT, IN","22.3","70.783","138.0","2018-03-02",,,"81","H,,S",,,"69",",,S"
"IN005150100","RAJKOT, IN","22.3","70.783","138.0","2018-03-03",,,"83","H,,S",,,"68",",,S"
"IN005150100","RAJKOT, IN","22.3","70.783","138.0","2018-03-04",,,"80","H,,S",,,,
"IN005150100","RAJKOT, IN","22.3","70.783","138.0","2018-03-05",,,"81","H,,S",,,"66",",,S"
"IN005150100","RAJKOT, IN","22.3","70.783","138.0","2018-03-06",,,"84","H,,S",,,"65",",,S"
"IN005150100","RAJKOT, IN","22.3","70.783","138.0","2018-03-07",,,"85","H,,S",,,,
"IN005150100","RAJKOT, IN","22.3","70.783","138.0","2018-03-08",,,"83","H,,S",,,"72",",,S"
"IN005150100","RAJKOT, IN","22.3","70.783","138.0","2018-03-09",,,"81","H,,S",,,"68",",,S"
"IN005150100","RAJKOT, IN","22.3","70.783","138.0","2018-03-10",,,"79","H,,S",,,"67",",,S"
"IN005150100","RAJKOT, IN","22.3","70.783","138.0","2018-03-11",,,"80","H,,S",,,"67",",,S"
"IN005150100","RAJKOT, IN","22.3","70.783","138.0","2018-03-12",,,"79","H,,S",,,"64",",,S"
"IN005150100","RAJKOT, IN","22.3","70.783","138.0","2018-03-13",,,"81","H,,S",,,"67",",,S"
"IN005150100","RAJKOT, IN","22.3","70.783","138.0","2018-03-14",,,"80","H,,S",,,"67",",,S"
"IN005150100","RAJKOT, IN","22.3","70.783","138.0","2018-03-15",,,"81","H,,S",,,"68",",,S"
"IN005150100","RAJKOT, IN","22.3","70.783","138.0","2018-03-16",,,"80","H,,S",,,"68",",,S"
"IN005150100","RAJKOT, IN","22.3","70.783","138.0","2018-03-17",,,"82","H,,S",,,"69",",,S"
"IN005150100","RAJKOT, IN","22.3","70.783","138.0","2018-03-18",,,"81","H,,S",,,"70",",,S"
"IN005150100","RAJKOT, IN","22.3","70.783","138.0","2018-03-19",,,"81","H,,S",,,"68",",,S"
"IN005150100","RAJKOT, IN","22.3","70.783","138.0","2018-03-20",,,"83","H,,S",,,"69",",,S"
"IN005150100","RAJKOT, IN","22.3","70.783","138.0","2018-03-21",,,"83","H,,S",,,"70",",,S"
"IN005150100","RAJKOT, IN","22.3","70.783","138.0","2018-03-22",,,"80","H,,S",,,"70",",,S"
"IN005150100","RAJKOT, IN","22.3","70.783","138.0","2018-03-23",,,"83","H,,S",,,"69",",,S"
"IN005150100","RAJKOT, IN","22.3","70.783","138.0","2018-03-24",,,"84","H,,S",,,"69",",,S"
"IN005150100","RAJKOT, IN","22.3","70.783","138.0","2018-03-25",,,"91","H,,S",,,"68",",,S"
"IN005150100","RAJKOT, IN","22.3","70.783","138.0","2018-03-26",,,"86","H,,S",,,"71",",,S"
"IN005150100","RAJKOT, IN","22.3","70.783","138.0","2018-03-27",,,"92","H,,S",,,"72",",,S"
"IN005150100","RAJKOT, IN","22.3","70.783","138.0","2018-03-28",,,"87","H,,S",,,"73",",,S"
"IN005150100","RAJKOT, IN","22.3","70.783","138.0","2018-03-29",,,"93","H,,S",,,"70",",,S"
"IN005150100","RAJKOT, IN","22.3","70.783","138.0","2018-03-30",,,"89","H,,S",,,"76",",,S"
"IN005150100","RAJKOT, IN","22.3","70.783","138.0","2018-03-31",,,"89","H,,S",,,"75",",,S"
"IN005150100","RAJKOT, IN","22.3","70.783","138.0","2018-04-01",,,"87","H,,S",,,"74",",,S"
"IN005150100","RAJKOT, IN","22.3","70.783","138.0","2018-04-02",,,"88","H,,S","104",",,S","75",",,S"
"IN005150100","RAJKOT, IN","22.3","70.783","138.0","2018-04-03",,,"87","H,,S",,,"73",",,S"
"IN005150100","RAJKOT, IN","22.3","70.783","138.0","2018-04-04",,,"90","H,,S",,,"72",",,S"
"IN005150100","RAJKOT, IN","22.3","70.783","138.0","2018-04-05",,,"87","H,,S",,,"75",",,S"
"IN005150100","RAJKOT, IN","22.3","70.783","138.0","2018-04-06",,,"88","H,,S",,,"76",",,S"
"IN005150100","RAJKOT, IN","22.3","70.783","138.0","2018-04-07",,,"86","H,,S",,,"75",",,S"
"IN005150100","RAJKOT, IN","22.3","70.783","138.0","2018-04-08",,,"90","H,,S",,,"76",",,S"
"IN005150100","RAJKOT, IN","22.3","70.783","138.0","2018-04-09",,,"90","H,,S",,,"77",",,S"
"IN005150100","RAJKOT, IN","22.3","70.783","138.0","2018-04-10",,,"90","H,,S",,,"77",",,S"
"IN005150100","RAJKOT, IN","22.3","70.783","138.0","2018-04-11",,,"87","H,,S",,,"77",",,S"
"IN005150100","RAJKOT, IN","22.3","70.783","138.0","2018-04-12","0.00",",,S","89","H,,S",,,,
"IN005150100","RAJKOT, IN","22.3","70.783","138.0","2018-04-13",,,"92","H,,S",,,"78",",,S"
"IN005150100","RAJKOT, IN","22.3","70.783","138.0","2018-04-14",,,"90","H,,S",,,"76",",,S"
"IN005150100","RAJKOT, IN","22.3","70.783","138.0","2018-04-15",,,"89","H,,S",,,"78",",,S"
"IN005150100","RAJKOT, IN","22.3","70.783","138.0","2018-04-16",,,"90","H,,S",,,"79",",,S"
"IN005150100","RAJKOT, IN","22.3","70.783","138.0","2018-04-17",,,"92","H,,S",,,"80",",,S"
"IN005150100","RAJKOT, IN","22.3","70.783","138.0","2018-04-18",,,"92","H,,S",,,"79",",,S"
"IN005150100","RAJKOT, IN","22.3","70.783","138.0","2018-04-19",,,"90","H,,S",,,"77",",,S"
"IN005150100","RAJKOT, IN","22.3","70.783","138.0","2018-04-20",,,"91","H,,S",,,"77",",,S"
"IN005150100","RAJKOT, IN","22.3","70.783","138.0","2018-04-21",,,"87","H,,S",,,"76",",,S"
"IN005150100","RAJKOT, IN","22.3","70.783","138.0","2018-04-22",,,"90","H,,S",,,"75",",,S"
"IN005150100","RAJKOT, IN","22.3","70.783","138.0","2018-04-23",,,"89","H,,S",,,"74",",,S"
"IN005150100","RAJKOT, IN","22.3","70.783","138.0","2018-04-24",,,"91","H,,S",,,"75",",,S"
"IN005150100","RAJKOT, IN","22.3","70.783","138.0","2018-04-25",,,"89","H,,S",,,"74",",,S"
"IN005150100","RAJKOT, IN","22.3","70.783","138.0","2018-04-26",,,"91","H,,S",,,"75",",,S"
"IN005150100","RAJKOT, IN","22.3","70.783","138.0","2018-04-27",,,"91","H,,S",,,"77",",,S"
"IN005150100","RAJKOT, IN","22.3","70.783","138.0","2018-04-28",,,"94","H,,S",,,"77",",,S"
"IN005150100","RAJKOT, IN","22.3","70.783","138.0","2018-04-29",,,"92","H,,S",,,"76",",,S"
"IN005150100","RAJKOT, IN","22.3","70.783","138.0","2018-04-30",,,"93","H,,S",,,"78",",,S"
"IN005150100","RAJKOT, IN","22.3","70.783","138.0","2018-05-01",,,"94","H,,S",,,"78",",,S"
"IN005150100","RAJKOT, IN","22.3","70.783","138.0","2018-05-02",,,"93","H,,S",,,"78",",,S"
"IN005150100","RAJKOT, IN","22.3","70.783","138.0","2018-05-03",,,"92","H,,S",,,"79",",,S"
"IN005150100","RAJKOT, IN","22.3","70.783","138.0","2018-05-04",,,"96","H,,S",,,"79",",,S"
"IN005150100","RAJKOT, IN","22.3","70.783","138.0","2018-05-05",,,"96","H,,S",,,"80",",,S"
"IN005150100","RAJKOT, IN","22.3","70.783","138.0","2018-05-06",,,"89","H,,S",,,"77",",,S"
"IN005150100","RAJKOT, IN","22.3","70.783","138.0","2018-05-07",,,"95","H,,S",,,"75",",,S"
"IN005150100","RAJKOT, IN","22.3","70.783","138.0","2018-05-08",,,"92","H,,S",,,,
"IN005150100","RAJKOT, IN","22.3","70.783","138.0","2018-05-09",,,"93","H,,S",,,"79",",,S"
"IN005150100","RAJKOT, IN","22.3","70.783","138.0","2018-05-10",,,"93","H,,S",,,"78",",,S"
"IN005150100","RAJKOT, IN","22.3","70.783","138.0","2018-05-11",,,"93","H,,S",,,"79",",,S"
"IN005150100","RAJKOT, IN","22.3","70.783","138.0","2018-05-12",,,"93","H,,S",,,"76",",,S"
"IN005150100","RAJKOT, IN","22.3","70.783","138.0","2018-05-13",,,"92","H,,S",,,"79",",,S"
"IN005150100","RAJKOT, IN","22.3","70.783","138.0","2018-05-14",,,"93","H,,S",,,"80",",,S"
"IN005150100","RAJKOT, IN","22.3","70.783","138.0","2018-05-15",,,"93","H,,S",,,"80",",,S"
"IN005150100","RAJKOT, IN","22.3","70.783","138.0","2018-05-16",,,"95","H,,S",,,"80",",,S"
"IN005150100","RAJKOT, IN","22.3","70.783","138.0","2018-05-17",,,"96","H,,S",,,"80",",,S"
"IN005150100","RAJKOT, IN","22.3","70.783","138.0","2018-05-18",,,"97","H,,S",,,"83",",,S"
"IN005150100","RAJKOT, IN","22.3","70.783","138.0","2018-05-19",,,"95","H,,S",,,"82",",,S"
"IN005150100","RAJKOT, IN","22.3","70.783","138.0","2018-05-20",,,"94","H,,S",,,"81",",,S"
"IN005150100","RAJKOT, IN","22.3","70.783","138.0","2018-05-21",,,"92","H,,S",,,"80",",,S"
"IN005150100","RAJKOT, IN","22.3","70.783","138.0","2018-05-22",,,"97","H,,S",,,"81",",,S"
"IN005150100","RAJKOT, IN","22.3","70.783","138.0","2018-05-23",,,"98","H,,S",,,"81",",,S"
"IN005150100","RAJKOT, IN","22.3","70.783","138.0","2018-05-24",,,"95","H,,S",,,"83",",,S"
"IN005150100","RAJKOT, IN","22.3","70.783","138.0","2018-05-25",,,"92","H,,S",,,"80",",,S"
"IN005150100","RAJKOT, IN","22.3","70.783","138.0","2018-05-26",,,"94","H,,S",,,"81",",,S"
"IN005150100","RAJKOT, IN","22.3","70.783","138.0","2018-05-27",,,"94","H,,S",,,"81",",,S"
"IN005150100","RAJKOT, IN","22.3","70.783","138.0","2018-05-28",,,"92","H,,S",,,"81",",,S"
"IN005150100","RAJKOT, IN","22.3","70.783","138.0","2018-05-29",,,"93","H,,S",,,"82",",,S"
"IN005150100","RAJKOT, IN","22.3","70.783","138.0","2018-05-30",,,"92","H,,S",,,"83",",,S"
"IN005150100","RAJKOT, IN","22.3","70.783","138.0","2018-05-31",,,"93","H,,S",,,"82",",,S"
"IN005150100","RAJKOT, IN","22.3","70.783","138.0","2018-06-01",,,"94","H,,S",,,"82",",,S"
"IN005150100","RAJKOT, IN","22.3","70.783","138.0","2018-06-02",,,"92","H,,S",,,"82",",,S"
"IN005150100","RAJKOT, IN","22.3","70.783","138.0","2018-06-03",,,"94","H,,S",,,"83",",,S"
"IN005150100","RAJKOT, IN","22.3","70.783","138.0","2018-06-04",,,"92","H,,S",,,"83",",,S"
"IN005150100","RAJKOT, IN","22.3","70.783","138.0","2018-06-05",,,"96","H,,S",,,"84",",,S"
"IN005150100","RAJKOT, IN","22.3","70.783","138.0","2018-06-06",,,"91","H,,S",,,"83",",,S"
"IN005150100","RAJKOT, IN","22.3","70.783","138.0","2018-06-07",,,"94","H,,S",,,"83",",,S"
"IN005150100","RAJKOT, IN","22.3","70.783","138.0","2018-06-08",,,"93","H,,S",,,"84",",,S"
"IN005150100","RAJKOT, IN","22.3","70.783","138.0","2018-06-09",,,"91","H,,S",,,"85",",,S"
"IN005150100","RAJKOT, IN","22.3","70.783","138.0","2018-06-10",,,"92","H,,S",,,"84",",,S"
"IN005150100","RAJKOT, IN","22.3","70.783","138.0","2018-06-11",,,"93","H,,S",,,"84",",,S"
"IN005150100","RAJKOT, IN","22.3","70.783","138.0","2018-06-12",,,"92","H,,S",,,"83",",,S"
"IN005150100","RAJKOT, IN","22.3","70.783","138.0","2018-06-13",,,"92","H,,S",,,"83",",,S"
"IN005150100","RAJKOT, IN","22.3","70.783","138.0","2018-06-14",,,"89","H,,S",,,"83",",,S"
"IN005150100","RAJKOT, IN","22.3","70.783","138.0","2018-06-15",,,"90","H,,S",,,,
"IN005150100","RAJKOT, IN","22.3","70.783","138.0","2018-06-16",,,"91","H,,S",,,"82",",,S"
"IN005150100","RAJKOT, IN","22.3","70.783","138.0","2018-06-17",,,"91","H,,S",,,"82",",,S"
"IN005150100","RAJKOT, IN","22.3","70.783","138.0","2018-06-18",,,"90","H,,S",,,"82",",,S"
"IN005150100","RAJKOT, IN","22.3","70.783","138.0","2018-06-19",,,"93","H,,S",,,"81",",,S"
"IN005150100","RAJKOT, IN","22.3","70.783","138.0","2018-06-20",,,"92","H,,S",,,"81",",,S"
"IN005150100","RAJKOT, IN","22.3","70.783","138.0","2018-06-21",,,"91","H,,S",,,"82",",,S"
"IN005150100","RAJKOT, IN","22.3","70.783","138.0","2018-06-22",,,"90","H,,S",,,"82",",,S"
"IN005150100","RAJKOT, IN","22.3","70.783","138.0","2018-06-23",,,"91","H,,S",,,,
"IN005150100","RAJKOT, IN","22.3","70.783","138.0","2018-06-24",,,"87","H,,S",,,"77",",,S"
"IN005150100","RAJKOT, IN","22.3","70.783","138.0","2018-06-25",,,"89","H,,S",,,"82",",,S"
"IN005150100","RAJKOT, IN","22.3","70.783","138.0","2018-06-26",,,"89","H,,S",,,"82",",,S"
"IN005150100","RAJKOT, IN","22.3","70.783","138.0","2018-06-27",,,"91","H,,S","101",",,S",,
"IN005150100","RAJKOT, IN","22.3","70.783","138.0","2018-06-28",,,"88","H,,S",,,"81",",,S"
"IN005150100","RAJKOT, IN","22.3","70.783","138.0","2018-06-29",,,"84","H,,S",,,,
"IN005150100","RAJKOT, IN","22.3","70.783","138.0","2018-06-30",,,"86","H,,S",,,"76",",,S"
"IN005150100","RAJKOT, IN","22.3","70.783","138.0","2018-07-01","0.00",",,S","90","H,,S",,,"80",",,S"
"IN005150100","RAJKOT, IN","22.3","70.783","138.0","2018-07-02",,,"88","H,,S",,,"81",",,S"
"IN005150100","RAJKOT, IN","22.3","70.783","138.0","2018-07-03","0.28",",,S","83","H,,S",,,"77",",,S"
"IN005150100","RAJKOT, IN","22.3","70.783","138.0","2018-07-04","0.04",",,S","86","H,,S","95",",,S","80",",,S"
"IN005150100","RAJKOT, IN","22.3","70.783","138.0","2018-07-05","0.02",",,S","88","H,,S","96",",,S","80",",,S"
"IN005150100","RAJKOT, IN","22.3","70.783","138.0","2018-07-06","0.00",",,S","89","H,,S","98",",,S","81",",,S"
"IN005150100","RAJKOT, IN","22.3","70.783","138.0","2018-07-07",,,"90","H,,S",,,"81",",,S"
"IN005150100","RAJKOT, IN","22.3","70.783","138.0","2018-07-08",,,"87","H,,S",,,"81",",,S"
"IN005150100","RAJKOT, IN","22.3","70.783","138.0","2018-07-09","0.00",",,S","89","H,,S",,,"81",",,S"
"IN005150100","RAJKOT, IN","22.3","70.783","138.0","2018-07-10","0.01",",,S","86","H,,S",,,"81",",,S"
"IN005150100","RAJKOT, IN","22.3","70.783","138.0","2018-07-11","0.03",",,S","82","H,,S",,,"79",",,S"
"IN005150100","RAJKOT, IN","22.3","70.783","138.0","2018-07-12","0.04",",,S","81","H,,S",,,"79",",,S"
"IN005150100","RAJKOT, IN","22.3","70.783","138.0","2018-07-13","0.20",",,S","79","H,,S",,,,
"IN005150100","RAJKOT, IN","22.3","70.783","138.0","2018-07-14","0.98",",,S","82","H,,S",,,"76",",,S"
"IN005150100","RAJKOT, IN","22.3","70.783","138.0","2018-07-15","0.12",",,S","83","H,,S",,,"78",",,S"
"IN005150100","RAJKOT, IN","22.3","70.783","138.0","2018-07-16","0.24",",,S","80","H,,S",,,,
"IN005150100","RAJKOT, IN","22.3","70.783","138.0","2018-07-17","7.44",",,S","78","H,,S",,,"75",",,S"
"IN005150100","RAJKOT, IN","22.3","70.783","138.0","2018-07-18","0.16",",,S","78","H,,S",,,"76",",,S"
"IN005150100","RAJKOT, IN","22.3","70.783","138.0","2018-07-19","0.67",",,S","81","H,,S",,,"76",",,S"
"IN005150100","RAJKOT, IN","22.3","70.783","138.0","2018-07-20","1.81",",,S","80","H,,S",,,"77",",,S"
"IN005150100","RAJKOT, IN","22.3","70.783","138.0","2018-07-21","0.20",",,S","80","H,,S",,,"77",",,S"
"IN005150100","RAJKOT, IN","22.3","70.783","138.0","2018-07-22",,,"82","H,,S",,,"78",",,S"
"IN005150100","RAJKOT, IN","22.3","70.783","138.0","2018-07-23",,,"82","H,,S",,,"78",",,S"
"IN005150100","RAJKOT, IN","22.3","70.783","138.0","2018-07-24",,,"82","H,,S",,,"78",",,S"
"IN005150100","RAJKOT, IN","22.3","70.783","138.0","2018-07-25",,,"82","H,,S",,,"78",",,S"
"IN005150100","RAJKOT, IN","22.3","70.783","138.0","2018-07-26",,,"83","H,,S",,,"78",",,S"
"IN005150100","RAJKOT, IN","22.3","70.783","138.0","2018-07-27","0.01",",,S","84","H,,S",,,"78",",,S"
"IN005150100","RAJKOT, IN","22.3","70.783","138.0","2018-07-28","0.00",",,S","85","H,,S",,,"78",",,S"
"IN005150100","RAJKOT, IN","22.3","70.783","138.0","2018-07-29",,,"84","H,,S",,,"80",",,S"
"IN005150100","RAJKOT, IN","22.3","70.783","138.0","2018-07-30",,,"85","H,,S",,,"79",",,S"
"IN005150100","RAJKOT, IN","22.3","70.783","138.0","2018-07-31",,,"86","H,,S",,,"79",",,S"
"IN005150100","RAJKOT, IN","22.3","70.783","138.0","2018-08-01",,,"84","H,,S",,,"79",",,S"
"IN005150100","RAJKOT, IN","22.3","70.783","138.0","2018-08-02",,,"86","H,,S",,,"79",",,S"
"IN005150100","RAJKOT, IN","22.3","70.783","138.0","2018-08-03","0.01",",,S","85","H,,S",,,"79",",,S"
"IN005150100","RAJKOT, IN","22.3","70.783","138.0","2018-08-04","0.00",",,S","86","H,,S",,,"79",",,S"
"IN005150100","RAJKOT, IN","22.3","70.783","138.0","2018-08-05",,,"83","H,,S",,,"79",",,S"
"IN005150100","RAJKOT, IN","22.3","70.783","138.0","2018-08-06",,,"84","H,,S",,,"79",",,S"
"IN005150100","RAJKOT, IN","22.3","70.783","138.0","2018-08-07",,,"84","H,,S",,,"78",",,S"
"IN005150100","RAJKOT, IN","22.3","70.783","138.0","2018-08-08","0.02",",,S","85","H,,S",,,"78",",,S"
"IN005150100","RAJKOT, IN","22.3","70.783","138.0","2018-08-09","0.00",",,S","82","H,,S",,,"79",",,S"
"IN005150100","RAJKOT, IN","22.3","70.783","138.0","2018-08-10","0.20",",,S","85","H,,S",,,"77",",,S"
"IN005150100","RAJKOT, IN","22.3","70.783","138.0","2018-08-11","0.00",",,S","83","H,,S",,,"78",",,S"
"IN005150100","RAJKOT, IN","22.3","70.783","138.0","2018-08-12",,,"83","H,,S",,,"76",",,S"
"IN005150100","RAJKOT, IN","22.3","70.783","138.0","2018-08-13",,,"83","H,,S",,,"77",",,S"
"IN005150100","RAJKOT, IN","22.3","70.783","138.0","2018-08-14",,,"84","H,,S",,,"79",",,S"
"IN005150100","RAJKOT, IN","22.3","70.783","138.0","2018-08-15",,,"83","H,,S",,,"79",",,S"
"IN005150100","RAJKOT, IN","22.3","70.783","138.0","2018-08-16",,,"85","H,,S",,,"78",",,S"
"IN005150100","RAJKOT, IN","22.3","70.783","138.0","2018-08-17","0.00",",,S","78","H,,S",,,,
"IN005150100","RAJKOT, IN","22.3","70.783","138.0","2018-08-18","1.73",",,S","78","H,,S",,,"74",",,S"
"IN005150100","RAJKOT, IN","22.3","70.783","138.0","2018-08-19","0.55",",,S","78","H,,S",,,"75",",,S"
"IN005150100","RAJKOT, IN","22.3","70.783","138.0","2018-08-20","0.28",",,S","81","H,,S",,,"75",",,S"
"IN005150100","RAJKOT, IN","22.3","70.783","138.0","2018-08-21","0.12",",,S","79","H,,S",,,"76",",,S"
"IN005150100","RAJKOT, IN","22.3","70.783","138.0","2018-08-22","0.24",",,S","77","H,,S",,,,
"IN005150100","RAJKOT, IN","22.3","70.783","138.0","2018-08-23","2.36",",,S","80","H,,S",,,,
"IN005150100","RAJKOT, IN","22.3","70.783","138.0","2018-08-24","0.08",",,S","81","H,,S",,,,
"IN005150100","RAJKOT, IN","22.3","70.783","138.0","2018-08-25","0.20",",,S","78","H,,S",,,,
"IN005150100","RAJKOT, IN","22.3","70.783","138.0","2018-08-26","0.28",",,S","79","H,,S",,,,
"IN005150100","RAJKOT, IN","22.3","70.783","138.0","2018-08-27","0.20",",,S","79","H,,S",,,"74",",,S"
"IN005150100","RAJKOT, IN","22.3","70.783","138.0","2018-08-28","0.00",",,S","83","H,,S",,,"75",",,S"
"IN005150100","RAJKOT, IN","22.3","70.783","138.0","2018-08-29",,,"80","H,,S",,,"75",",,S"
"IN005150100","RAJKOT, IN","22.3","70.783","138.0","2018-08-30",,,"80","H,,S",,,"75",",,S"
"IN005150100","RAJKOT, IN","22.3","70.783","138.0","2018-08-31",,,"78","H,,S",,,"73",",,S"
"IN005150100","RAJKOT, IN","22.3","70.783","138.0","2018-09-01",,,"79","H,,S",,,"74",",,S"
"IN005150100","RAJKOT, IN","22.3","70.783","138.0","2018-09-02",,,"77","H,,S",,,"72",",,S"
"IN005150100","RAJKOT, IN","22.3","70.783","138.0","2018-09-03",,,"80","H,,S",,,"73",",,S"
"IN005150100","RAJKOT, IN","22.3","70.783","138.0","2018-09-04",,,"81","H,,S",,,"73",",,S"
"IN005150100","RAJKOT, IN","22.3","70.783","138.0","2018-09-05",,,"83","H,,S",,,"73",",,S"
"IN005150100","RAJKOT, IN","22.3","70.783","138.0","2018-09-06",,,"80","H,,S",,,"72",",,S"
"IN005150100","RAJKOT, IN","22.3","70.783","138.0","2018-09-07",,,"80","H,,S",,,"72",",,S"
"IN005150100","RAJKOT, IN","22.3","70.783","138.0","2018-09-08",,,"80","H,,S",,,"73",",,S"
"IN005150100","RAJKOT, IN","22.3","70.783","138.0","2018-09-09",,,"81","H,,S",,,"74",",,S"
"IN005150100","RAJKOT, IN","22.3","70.783","138.0","2018-09-10",,,"79","H,,S",,,"74",",,S"
"IN005150100","RAJKOT, IN","22.3","70.783","138.0","2018-09-11",,,"82","H,,S",,,"73",",,S"
"IN005150100","RAJKOT, IN","22.3","70.783","138.0","2018-09-12",,,"79","H,,S",,,"73",",,S"
"IN005150100","RAJKOT, IN","22.3","70.783","138.0","2018-09-13",,,"82","H,,S",,,"73",",,S"
"IN005150100","RAJKOT, IN","22.3","70.783","138.0","2018-09-14",,,"82","H,,S",,,"73",",,S"
"IN005150100","RAJKOT, IN","22.3","70.783","138.0","2018-09-15",,,"82","H,,S","93",",,S","74",",,S"
"IN005150100","RAJKOT, IN","22.3","70.783","138.0","2018-09-16",,,"85","H,,S","92",",,S","73",",,S"
"IN005150100","RAJKOT, IN","22.3","70.783","138.0","2018-09-17",,,"81","H,,S","92",",,S",,
"IN005150100","RAJKOT, IN","22.3","70.783","138.0","2018-09-18",,,"83","H,,S",,,"73",",,S"
"IN005150100","RAJKOT, IN","22.3","70.783","138.0","2018-09-19",,,"83","H,,S",,,"74",",,S"
"IN005150100","RAJKOT, IN","22.3","70.783","138.0","2018-09-20",,,"83","H,,S","94",",,S","73",",,S"
"IN005150100","RAJKOT, IN","22.3","70.783","138.0","2018-09-21",,,"88","H,,S",,,"74",",,S"
"IN005150100","RAJKOT, IN","22.3","70.783","138.0","2018-09-22",,,"84","H,,S",,,"75",",,S"
"IN005150100","RAJKOT, IN","22.3","70.783","138.0","2018-09-23","0.00",",,S","84","H,,S",,,"77",",,S"
"IN005150100","RAJKOT, IN","22.3","70.783","138.0","2018-09-24",,,"85","H,,S","96",",,S","75",",,S"
"IN005150100","RAJKOT, IN","22.3","70.783","138.0","2018-09-25",,,"83","H,,S",,,"74",",,S"
"IN005150100","RAJKOT, IN","22.3","70.783","138.0","2018-09-26",,,"82","H,,S",,,"73",",,S"
"IN005150100","RAJKOT, IN","22.3","70.783","138.0","2018-09-27",,,"85","H,,S",,,"74",",,S"
"IN005150100","RAJKOT, IN","22.3","70.783","138.0","2018-09-28",,,"86","H,,S",,,"73",",,S"
"IN005150100","RAJKOT, IN","22.3","70.783","138.0","2018-09-29",,,"89","H,,S",,,"73",",,S"
"IN005150100","RAJKOT, IN","22.3","70.783","138.0","2018-09-30",,,"88","H,,S",,,"72",",,S"
"IN005150100","RAJKOT, IN","22.3","70.783","138.0","2018-10-01",,,"88","H,,S",,,"74",",,S"
"IN005150100","RAJKOT, IN","22.3","70.783","138.0","2018-10-02",,,"88","H,,S",,,"75",",,S"
"IN005150100","RAJKOT, IN","22.3","70.783","138.0","2018-10-03",,,"92","H,,S",,,"74",",,S"
"IN005150100","RAJKOT, IN","22.3","70.783","138.0","2018-10-04",,,"89","H,,S",,,"76",",,S"
"IN005150100","RAJKOT, IN","22.3","70.783","138.0","2018-10-05",,,"92","H,,S",,,"77",",,S"
"IN005150100","RAJKOT, IN","22.3","70.783","138.0","2018-10-06",,,"92","H,,S","103",",,S","76",",,S"
"IN005150100","RAJKOT, IN","22.3","70.783","138.0","2018-10-07",,,"94","H,,S",,,"78",",,S"
"IN005150100","RAJKOT, IN","22.3","70.783","138.0","2018-10-08",,,"91","H,,S",,,"77",",,S"
"IN005150100","RAJKOT, IN","22.3","70.783","138.0","2018-10-09",,,"90","H,,S",,,"76",",,S"
"IN005150100","RAJKOT, IN","22.3","70.783","138.0","2018-10-10",,,"88","H,,S",,,"76",",,S"
"IN005150100","RAJKOT, IN","22.3","70.783","138.0","2018-10-11",,,"89","H,,S",,,"77",",,S"
"IN005150100","RAJKOT, IN","22.3","70.783","138.0","2018-10-12",,,"90","H,,S",,,"76",",,S"
"IN005150100","RAJKOT, IN","22.3","70.783","138.0","2018-10-13",,,"92","H,,S",,,"79",",,S"
"IN005150100","RAJKOT, IN","22.3","70.783","138.0","2018-10-14",,,"87","H,,S",,,"77",",,S"
"IN005150100","RAJKOT, IN","22.3","70.783","138.0","2018-10-15",,,"87","H,,S",,,"74",",,S"
"IN005150100","RAJKOT, IN","22.3","70.783","138.0","2018-10-16",,,"86","H,,S",,,"71",",,S"
"IN005150100","RAJKOT, IN","22.3","70.783","138.0","2018-10-17",,,"89","H,,S",,,"73",",,S"
"IN005150100","RAJKOT, IN","22.3","70.783","138.0","2018-10-18",,,"85","H,,S",,,"73",",,S"
"IN005150100","RAJKOT, IN","22.3","70.783","138.0","2018-10-19",,,"86","H,,S",,,"74",",,S"
"IN005150100","RAJKOT, IN","22.3","70.783","138.0","2018-10-20",,,"87","H,,S",,,,
"IN005150100","RAJKOT, IN","22.3","70.783","138.0","2018-10-21",,,"88","H,,S",,,"71",",,S"
"IN005150100","RAJKOT, IN","22.3","70.783","138.0","2018-10-22",,,"87","H,,S",,,"69",",,S"
"IN005150100","RAJKOT, IN","22.3","70.783","138.0","2018-10-23",,,"86","H,,S",,,,
"IN005150100","RAJKOT, IN","22.3","70.783","138.0","2018-10-24",,,"86","H,,S",,,"72",",,S"
"IN005150100","RAJKOT, IN","22.3","70.783","138.0","2018-10-25",,,"87","H,,S",,,"73",",,S"
"IN005150100","RAJKOT, IN","22.3","70.783","138.0","2018-10-26",,,"89","H,,S",,,"71",",,S"
"IN005150100","RAJKOT, IN","22.3","70.783","138.0","2018-10-27",,,"87","H,,S",,,"71",",,S"
"IN005150100","RAJKOT, IN","22.3","70.783","138.0","2018-10-28",,,"86","H,,S",,,"71",",,S"
"IN005150100","RAJKOT, IN","22.3","70.783","138.0","2018-10-29",,,"87","H,,S",,,"71",",,S"
"IN005150100","RAJKOT, IN","22.3","70.783","138.0","2018-10-30",,,"83","H,,S",,,"69",",,S"
"IN005150100","RAJKOT, IN","22.3","70.783","138.0","2018-10-31",,,"85","H,,S",,,"72",",,S"
"IN005150100","RAJKOT, IN","22.3","70.783","138.0","2018-11-01",,,"85","H,,S",,,"71",",,S"
"IN005150100","RAJKOT, IN","22.3","70.783","138.0","2018-11-02",,,"85","H,,S",,,"71",",,S"
"IN005150100","RAJKOT, IN","22.3","70.783","138.0","2018-11-03",,,"86","H,,S",,,"72",",,S"
"IN005150100","RAJKOT, IN","22.3","70.783","138.0","2018-11-04",,,"86","H,,S",,,"71",",,S"
"IN005150100","RAJKOT, IN","22.3","70.783","138.0","2018-11-05",,,"85","H,,S",,,"70",",,S"
"IN005150100","RAJKOT, IN","22.3","70.783","138.0","2018-11-06",,,"86","H,,S",,,"75",",,S"
"IN005150100","RAJKOT, IN","22.3","70.783","138.0","2018-11-07",,,"82","H,,S",,,"65",",,S"
"IN005150100","RAJKOT, IN","22.3","70.783","138.0","2018-11-08",,,"78","H,,S",,,"63",",,S"
"IN005150100","RAJKOT, IN","22.3","70.783","138.0","2018-11-09",,,"80","H,,S",,,"63",",,S"
"IN005150100","RAJKOT, IN","22.3","70.783","138.0","2018-11-10",,,"82","H,,S",,,"65",",,S"
"IN005150100","RAJKOT, IN","22.3","70.783","138.0","2018-11-11",,,"83","H,,S",,,"67",",,S"
"IN005150100","RAJKOT, IN","22.3","70.783","138.0","2018-11-12",,,"80","H,,S",,,"71",",,S"
"IN005150100","RAJKOT, IN","22.3","70.783","138.0","2018-11-13",,,"83","H,,S",,,"71",",,S"
"IN005150100","RAJKOT, IN","22.3","70.783","138.0","2018-11-14",,,"83","H,,S",,,"72",",,S"
"IN005150100","RAJKOT, IN","22.3","70.783","138.0","2018-11-15",,,"84","H,,S",,,"70",",,S"
"IN005150100","RAJKOT, IN","22.3","70.783","138.0","2018-11-16",,,"82","H,,S",,,"69",",,S"
"IN005150100","RAJKOT, IN","22.3","70.783","138.0","2018-11-17",,,"80","H,,S",,,"63",",,S"
"IN005150100","RAJKOT, IN","22.3","70.783","138.0","2018-11-18",,,"81","H,,S",,,"68",",,S"
"IN005150100","RAJKOT, IN","22.3","70.783","138.0","2018-11-19",,,"81","H,,S",,,"64",",,S"
"IN005150100","RAJKOT, IN","22.3","70.783","138.0","2018-11-20",,,"79","H,,S",,,"67",",,S"
"IN005150100","RAJKOT, IN","22.3","70.783","138.0","2018-11-21",,,"82","H,,S",,,"66",",,S"
"IN005150100","RAJKOT, IN","22.3","70.783","138.0","2018-11-22",,,"80","H,,S",,,"64",",,S"
"IN005150100","RAJKOT, IN","22.3","70.783","138.0","2018-11-23",,,"80","H,,S",,,"67",",,S"
"IN005150100","RAJKOT, IN","22.3","70.783","138.0","2018-11-24",,,"79","H,,S",,,"64",",,S"
"IN005150100","RAJKOT, IN","22.3","70.783","138.0","2018-11-25",,,"77","H,,S",,,"62",",,S"
"IN005150100","RAJKOT, IN","22.3","70.783","138.0","2018-11-26",,,"77","H,,S",,,"63",",,S"
"IN005150100","RAJKOT, IN","22.3","70.783","138.0","2018-11-27",,,"80","H,,S",,,"68",",,S"
"IN005150100","RAJKOT, IN","22.3","70.783","138.0","2018-11-28",,,"77","H,,S",,,"66",",,S"
"IN005150100","RAJKOT, IN","22.3","70.783","138.0","2018-11-29",,,"78","H,,S",,,"67",",,S"
"IN005150100","RAJKOT, IN","22.3","70.783","138.0","2018-11-30",,,"77","H,,S",,,"63",",,S"
"IN005150100","RAJKOT, IN","22.3","70.783","138.0","2018-12-01",,,"78","H,,S",,,"61",",,S"
"IN005150100","RAJKOT, IN","22.3","70.783","138.0","2018-12-02",,,"74","H,,S",,,"61",",,S"
"IN005150100","RAJKOT, IN","22.3","70.783","138.0","2018-12-03",,,"74","H,,S",,,,
"IN005150100","RAJKOT, IN","22.3","70.783","138.0","2018-12-04",,,"76","H,,S",,,"63",",,S"
"IN005150100","RAJKOT, IN","22.3","70.783","138.0","2018-12-05",,,"76","H,,S",,,"62",",,S"
"IN005150100","RAJKOT, IN","22.3","70.783","138.0","2018-12-06",,,"73","H,,S",,,"59",",,S"
"IN005150100","RAJKOT, IN","22.3","70.783","138.0","2018-12-07",,,"74","H,,S",,,"60",",,S"
"IN005150100","RAJKOT, IN","22.3","70.783","138.0","2018-12-08",,,"72","H,,S",,,"58",",,S"
"IN005150100","RAJKOT, IN","22.3","70.783","138.0","2018-12-09",,,"74","H,,S",,,"57",",,S"
"IN005150100","RAJKOT, IN","22.3","70.783","138.0","2018-12-10",,,"74","H,,S",,,"63",",,S"
"IN005150100","RAJKOT, IN","22.3","70.783","138.0","2018-12-11",,,"76","H,,S",,,"64",",,S"
"IN005150100","RAJKOT, IN","22.3","70.783","138.0","2018-12-12",,,"73","H,,S",,,"62",",,S"
"IN005150100","RAJKOT, IN","22.3","70.783","138.0","2018-12-13",,,"69","H,,S",,,"56",",,S"
"IN005150100","RAJKOT, IN","22.3","70.783","138.0","2018-12-14",,,"67","H,,S",,,"52",",,S"
"IN005150100","RAJKOT, IN","22.3","70.783","138.0","2018-12-15",,,"69","H,,S",,,"54",",,S"
"IN005150100","RAJKOT, IN","22.3","70.783","138.0","2018-12-16",,,"68","H,,S",,,"58",",,S"
"IN005150100","RAJKOT, IN","22.3","70.783","138.0","2018-12-17",,,"68","H,,S","81",",,S","57",",,S"
"IN005150100","RAJKOT, IN","22.3","70.783","138.0","2018-12-18",,,"69","H,,S",,,"52",",,S"
"IN005150100","RAJKOT, IN","22.3","70.783","138.0","2018-12-19",,,"70","H,,S",,,"54",",,S"
"IN005150100","RAJKOT, IN","22.3","70.783","138.0","2018-12-20",,,"69","H,,S",,,"52",",,S"
"IN005150100","RAJKOT, IN","22.3","70.783","138.0","2018-12-21",,,"73","H,,S",,,"53",",,S"
"IN005150100","RAJKOT, IN","22.3","70.783","138.0","2018-12-22",,,"73","H,,S",,,"53",",,S"
"IN005150100","RAJKOT, IN","22.3","70.783","138.0","2018-12-23",,,"74","H,,S",,,"54",",,S"
"IN005150100","RAJKOT, IN","22.3","70.783","138.0","2018-12-24",,,"72","H,,S",,,"57",",,S"
"IN005150100","RAJKOT, IN","22.3","70.783","138.0","2018-12-25",,,"69","H,,S",,,"51",",,S"
"IN005150100","RAJKOT, IN","22.3","70.783","138.0","2018-12-26",,,"68","H,,S",,,"48",",,S"
"IN005150100","RAJKOT, IN","22.3","70.783","138.0","2018-12-27",,,"69","H,,S",,,"54",",,S"
"IN005150100","RAJKOT, IN","22.3","70.783","138.0","2018-12-28",,,"68","H,,S",,,"51",",,S"
"IN005150100","RAJKOT, IN","22.3","70.783","138.0","2018-12-29",,,"70","H,,S",,,"54",",,S"
"IN005150100","RAJKOT, IN","22.3","70.783","138.0","2018-12-30",,,"69","H,,S",,,"54",",,S"
"IN005150100","RAJKOT, IN","22.3","70.783","138.0","2018-12-31",,,"72","H,,S",,,"53",",,S"
"IN005150100","RAJKOT, IN","22.3","70.783","138.0","2019-01-01",,,"73","H,,S",,,"54",",,S"
"IN005150100","RAJKOT, IN","22.3","70.783","138.0","2019-01-02",,,"68","H,,S",,,"54",",,S"
"IN005150100","RAJKOT, IN","22.3","70.783","138.0","2019-01-03",,,"73","H,,S",,,"54",",,S"
"IN005150100","RAJKOT, IN","22.3","70.783","138.0","2019-01-04",,,"75","H,,S",,,"60",",,S"
"IN005150100","RAJKOT, IN","22.3","70.783","138.0","2019-01-05",,,"72","H,,S",,,"57",",,S"
"IN005150100","RAJKOT, IN","22.3","70.783","138.0","2019-01-06",,,"67","H,,S",,,"56",",,S"
"IN005150100","RAJKOT, IN","22.3","70.783","138.0","2019-01-07",,,"67","H,,S","80",",,S","52",",,S"
"IN005150100","RAJKOT, IN","22.3","70.783","138.0","2019-01-08",,,"66","H,,S",,,"50",",,S"
"IN005150100","RAJKOT, IN","22.3","70.783","138.0","2019-01-09",,,"68","H,,S",,,"52",",,S"
"IN005150100","RAJKOT, IN","22.3","70.783","138.0","2019-01-10",,,"69","H,,S",,,"54",",,S"
"IN005150100","RAJKOT, IN","22.3","70.783","138.0","2019-01-11",,,"70","H,,S",,,"55",",,S"
"IN005150100","RAJKOT, IN","22.3","70.783","138.0","2019-01-12",,,"72","H,,S",,,"59",",,S"
"IN005150100","RAJKOT, IN","22.3","70.783","138.0","2019-01-13",,,"73","H,,S",,,"58",",,S"
"IN005150100","RAJKOT, IN","22.3","70.783","138.0","2019-01-14",,,"70","H,,S",,,"55",",,S"
"IN005150100","RAJKOT, IN","22.3","70.783","138.0","2019-01-15",,,"69","H,,S",,,"54",",,S"
"IN005150100","RAJKOT, IN","22.3","70.783","138.0","2019-01-16",,,"71","H,,S",,,"52",",,S"
"IN005150100","RAJKOT, IN","22.3","70.783","138.0","2019-01-17",,,"74","H,,S",,,"55",",,S"
"IN005150100","RAJKOT, IN","22.3","70.783","138.0","2019-01-18",,,"78","H,,S",,,"58",",,S"
"IN005150100","RAJKOT, IN","22.3","70.783","138.0","2019-01-19",,,"76","H,,S",,,"58",",,S"
"IN005150100","RAJKOT, IN","22.3","70.783","138.0","2019-01-20",,,"77","H,,S",,,"59",",,S"
"IN005150100","RAJKOT, IN","22.3","70.783","138.0","2019-01-21",,,"72","H,,S",,,"60",",,S"
"IN005150100","RAJKOT, IN","22.3","70.783","138.0","2019-01-22",,,"68","H,,S",,,"58",",,S"
"IN005150100","RAJKOT, IN","22.3","70.783","138.0","2019-01-23",,,"65","H,,S",,,"53",",,S"
"IN005150100","RAJKOT, IN","22.3","70.783","138.0","2019-01-24",,,"66","H,,S",,,"49",",,S"
"IN005150100","RAJKOT, IN","22.3","70.783","138.0","2019-01-25",,,"65","H,,S",,,"49",",,S"
"IN005150100","RAJKOT, IN","22.3","70.783","138.0","2019-01-26",,,"62","H,,S",,,"48",",,S"
"IN005150100","RAJKOT, IN","22.3","70.783","138.0","2019-01-27",,,"66","H,,S",,,"49",",,S"
"IN005150100","RAJKOT, IN","22.3","70.783","138.0","2019-01-28",,,"62","H,,S",,,"51",",,S"
"IN005150100","RAJKOT, IN","22.3","70.783","138.0","2019-01-29",,,"66","H,,S",,,"53",",,S"
"IN005150100","RAJKOT, IN","22.3","70.783","138.0","2019-01-30",,,"67","H,,S",,,"50",",,S"
"IN005150100","RAJKOT, IN","22.3","70.783","138.0","2019-01-31",,,"68","H,,S",,,"53",",,S"
"IN005150100","RAJKOT, IN","22.3","70.783","138.0","2019-02-01",,,"67","H,,S",,,"56",",,S"
"IN005150100","RAJKOT, IN","22.3","70.783","138.0","2019-02-02",,,"66","H,,S",,,"49",",,S"
"IN005150100","RAJKOT, IN","22.3","70.783","138.0","2019-02-03",,,"68","H,,S",,,"50",",,S"
"IN005150100","RAJKOT, IN","22.3","70.783","138.0","2019-02-04",,,"77","H,,S",,,"57",",,S"
"IN005150100","RAJKOT, IN","22.3","70.783","138.0","2019-02-05",,,"72","H,,S",,,"62",",,S"
"IN005150100","RAJKOT, IN","22.3","70.783","138.0","2019-02-06",,,"71","H,,S",,,"58",",,S"
"IN005150100","RAJKOT, IN","22.3","70.783","138.0","2019-02-07",,,"67","H,,S",,,"58",",,S"
"IN005150100","RAJKOT, IN","22.3","70.783","138.0","2019-02-08",,,"65","H,,S",,,"50",",,S"
"IN005150100","RAJKOT, IN","22.3","70.783","138.0","2019-02-09",,,"67","H,,S",,,"52",",,S"
"IN005150100","RAJKOT, IN","22.3","70.783","138.0","2019-02-10",,,"69","H,,S",,,"50",",,S"
"IN005150100","RAJKOT, IN","22.3","70.783","138.0","2019-02-11",,,"71","H,,S",,,"53",",,S"
"IN005150100","RAJKOT, IN","22.3","70.783","138.0","2019-02-12",,,"79","H,,S",,,"58",",,S"
"IN005150100","RAJKOT, IN","22.3","70.783","138.0","2019-02-13",,,"75","H,,S",,,"62",",,S"
"IN005150100","RAJKOT, IN","22.3","70.783","138.0","2019-02-14",,,"71","H,,S",,,"60",",,S"
"IN005150100","RAJKOT, IN","22.3","70.783","138.0","2019-02-15",,,"72","H,,S",,,"60",",,S"
"IN005150100","RAJKOT, IN","22.3","70.783","138.0","2019-02-16",,,"72","H,,S",,,"56",",,S"
"IN005150100","RAJKOT, IN","22.3","70.783","138.0","2019-02-17",,,"75","H,,S",,,"57",",,S"
"IN005150100","RAJKOT, IN","22.3","70.783","138.0","2019-02-18",,,"77","H,,S",,,"63",",,S"
"IN005150100","RAJKOT, IN","22.3","70.783","138.0","2019-02-19",,,"78","H,,S",,,"63",",,S"
"IN005150100","RAJKOT, IN","22.3","70.783","138.0","2019-02-20",,,"76","H,,S",,,"65",",,S"
"IN005150100","RAJKOT, IN","22.3","70.783","138.0","2019-02-21",,,"76","H,,S",,,"64",",,S"
"IN005150100","RAJKOT, IN","22.3","70.783","138.0","2019-02-22",,,"79","H,,S",,,"64",",,S"
"IN005150100","RAJKOT, IN","22.3","70.783","138.0","2019-02-23",,,"76","H,,S",,,"63",",,S"
"IN005150100","RAJKOT, IN","22.3","70.783","138.0","2019-02-24",,,"75","H,,S",,,"61",",,S"
"IN005150100","RAJKOT, IN","22.3","70.783","138.0","2019-02-25",,,"75","H,,S",,,"64",",,S"
"IN005150100","RAJKOT, IN","22.3","70.783","138.0","2019-02-26",,,"76","H,,S",,,"67",",,S"
"IN005150100","RAJKOT, IN","22.3","70.783","138.0","2019-02-27",,,"73","H,,S",,,"65",",,S"
"IN005150100","RAJKOT, IN","22.3","70.783","138.0","2019-02-28",,,"72","H,,S",,,"60",",,S"
"IN005150100","RAJKOT, IN","22.3","70.783","138.0","2019-03-01",,,"78","H,,S",,,"59",",,S"
"IN005150100","RAJKOT, IN","22.3","70.783","138.0","2019-03-02",,,"83","H,,S",,,"65",",,S"
"IN005150100","RAJKOT, IN","22.3","70.783","138.0","2019-03-03",,,"78","H,,S",,,"72",",,S"
"IN005150100","RAJKOT, IN","22.3","70.783","138.0","2019-03-04",,,"72","H,,S",,,"62",",,S"
"IN005150100","RAJKOT, IN","22.3","70.783","138.0","2019-03-05",,,"74","H,,S",,,"60",",,S"
"IN005150100","RAJKOT, IN","22.3","70.783","138.0","2019-03-06",,,"75","H,,S",,,"63",",,S"
"IN005150100","RAJKOT, IN","22.3","70.783","138.0","2019-03-07",,,"77","H,,S",,,"63",",,S"
"IN005150100","RAJKOT, IN","22.3","70.783","138.0","2019-03-08",,,"76","H,,S",,,"64",",,S"
"IN005150100","RAJKOT, IN","22.3","70.783","138.0","2019-03-09",,,"81","H,,S",,,"65",",,S"
"IN005150100","RAJKOT, IN","22.3","70.783","138.0","2019-03-10",,,"82","H,,S",,,"65",",,S"
"IN005150100","RAJKOT, IN","22.3","70.783","138.0","2019-03-11",,,"75","H,,S",,,"65",",,S"
"IN005150100","RAJKOT, IN","22.3","70.783","138.0","2019-03-12",,,"75","H,,S",,,"61",",,S"
"IN005150100","RAJKOT, IN","22.3","70.783","138.0","2019-03-13",,,"75","H,,S",,,"65",",,S"
"IN005150100","RAJKOT, IN","22.3","70.783","138.0","2019-03-14",,,"76","H,,S",,,"63",",,S"
"IN005150100","RAJKOT, IN","22.3","70.783","138.0","2019-03-15",,,"77","H,,S",,,"60",",,S"
"IN005150100","RAJKOT, IN","22.3","70.783","138.0","2019-03-16",,,"81","H,,S",,,"66",",,S"
"IN005150100","RAJKOT, IN","22.3","70.783","138.0","2019-03-17",,,"83","H,,S",,,"65",",,S"
"IN005150100","RAJKOT, IN","22.3","70.783","138.0","2019-03-18",,,"85","H,,S",,,"65",",,S"
"IN005150100","RAJKOT, IN","22.3","70.783","138.0","2019-03-19",,,"83","H,,S",,,"70",",,S"
"IN005150100","RAJKOT, IN","22.3","70.783","138.0","2019-03-20",,,"78","H,,S",,,"68",",,S"
"IN005150100","RAJKOT, IN","22.3","70.783","138.0","2019-03-21",,,"80","H,,S",,,"63",",,S"
"IN005150100","RAJKOT, IN","22.3","70.783","138.0","2019-03-22",,,"86","H,,S",,,"70",",,S"
"IN005150100","RAJKOT, IN","22.3","70.783","138.0","2019-03-23",,,"86","H,,S",,,"70",",,S"
"IN005150100","RAJKOT, IN","22.3","70.783","138.0","2019-03-24",,,"85","H,,S",,,"71",",,S"
"IN005150100","RAJKOT, IN","22.3","70.783","138.0","2019-03-25",,,"86","H,,S",,,"72",",,S"
"IN005150100","RAJKOT, IN","22.3","70.783","138.0","2019-03-26",,,"90","H,,S",,,"72",",,S"
"IN005150100","RAJKOT, IN","22.3","70.783","138.0","2019-03-27",,,"90","H,,S",,,"72",",,S"
"IN005150100","RAJKOT, IN","22.3","70.783","138.0","2019-03-28",,,"88","H,,S",,,"74",",,S"
"IN005150100","RAJKOT, IN","22.3","70.783","138.0","2019-03-29",,,"94","H,,S",,,"72",",,S"
"IN005150100","RAJKOT, IN","22.3","70.783","138.0","2019-03-30",,,"90","H,,S",,,"74",",,S"
"IN005150100","RAJKOT, IN","22.3","70.783","138.0","2019-03-31",,,"88","H,,S",,,"73",",,S"
"IN005150100","RAJKOT, IN","22.3","70.783","138.0","2019-04-01",,,"86","H,,S",,,"72",",,S"
"IN005150100","RAJKOT, IN","22.3","70.783","138.0","2019-04-02",,,"92","H,,S",,,"76",",,S"
"IN005150100","RAJKOT, IN","22.3","70.783","138.0","2019-04-03",,,"91","H,,S",,,,
"IN005150100","RAJKOT, IN","22.3","70.783","138.0","2019-04-04",,,"91","H,,S",,,"77",",,S"
"IN005150100","RAJKOT, IN","22.3","70.783","138.0","2019-04-05",,,"89","H,,S",,,"76",",,S"
"IN005150100","RAJKOT, IN","22.3","70.783","138.0","2019-04-06",,,"93","H,,S",,,"75",",,S"
"IN005150100","RAJKOT, IN","22.3","70.783","138.0","2019-04-07",,,"94","H,,S",,,"77",",,S"
"IN005150100","RAJKOT, IN","22.3","70.783","138.0","2019-04-08",,,"89","H,,S",,,"76",",,S"
"IN005150100","RAJKOT, IN","22.3","70.783","138.0","2019-04-09",,,"92","H,,S",,,"75",",,S"
"IN005150100","RAJKOT, IN","22.3","70.783","138.0","2019-04-10",,,"88","H,,S",,,"74",",,S"
"IN005150100","RAJKOT, IN","22.3","70.783","138.0","2019-04-11",,,"94","H,,S",,,"75",",,S"
"IN005150100","RAJKOT, IN","22.3","70.783","138.0","2019-04-12",,,"87","H,,S",,,"75",",,S"
"IN005150100","RAJKOT, IN","22.3","70.783","138.0","2019-04-13",,,"93","H,,S",,,"74",",,S"
"IN005150100","RAJKOT, IN","22.3","70.783","138.0","2019-04-14",,,"89","H,,S",,,"74",",,S"
"IN005150100","RAJKOT, IN","22.3","70.783","138.0","2019-04-15",,,"89","H,,S",,,"79",",,S"
"IN005150100","RAJKOT, IN","22.3","70.783","138.0","2019-04-16",,,"81","H,,S",,,,
"IN005150100","RAJKOT, IN","22.3","70.783","138.0","2019-04-17",,,"85","H,,S",,,"72",",,S"
"IN005150100","RAJKOT, IN","22.3","70.783","138.0","2019-04-18",,,"86","H,,S",,,"72",",,S"
"IN005150100","RAJKOT, IN","22.3","70.783","138.0","2019-04-19",,,"92","H,,S",,,"76",",,S"
"IN005150100","RAJKOT, IN","22.3","70.783","138.0","2019-04-20",,,"88","H,,S",,,"75",",,S"
"IN005150100","RAJKOT, IN","22.3","70.783","138.0","2019-04-21",,,"89","H,,S",,,"74",",,S"
"IN005150100","RAJKOT, IN","22.3","70.783","138.0","2019-04-22",,,"88","H,,S",,,,
"IN005150100","RAJKOT, IN","22.3","70.783","138.0","2019-04-23",,,"91","H,,S",,,"75",",,S"
"IN005150100","RAJKOT, IN","22.3","70.783","138.0","2019-04-24",,,"92","H,,S",,,"75",",,S"
"IN005150100","RAJKOT, IN","22.3","70.783","138.0","2019-04-25",,,"89","H,,S",,,"75",",,S"
"IN005150100","RAJKOT, IN","22.3","70.783","138.0","2019-04-26",,,"93","H,,S",,,"76",",,S"
"IN005150100","RAJKOT, IN","22.3","70.783","138.0","2019-04-28",,,"95","H,,S",,,,
"IN005150100","RAJKOT, IN","22.3","70.783","138.0","2019-04-29",,,"94","H,,S",,,"76",",,S"
"IN005150100","RAJKOT, IN","22.3","70.783","138.0","2019-04-30",,,"92","H,,S",,,"78",",,S"
"IN005150100","RAJKOT, IN","22.3","70.783","138.0","2019-05-01",,,"92","H,,S",,,"77",",,S"
"IN005150100","RAJKOT, IN","22.3","70.783","138.0","2019-05-02",,,"89","H,,S",,,"77",",,S"
"IN005150100","RAJKOT, IN","22.3","70.783","138.0","2019-05-03",,,"93","H,,S",,,"76",",,S"
"IN005150100","RAJKOT, IN","22.3","70.783","138.0","2019-05-04",,,"89","H,,S",,,"77",",,S"
"IN005150100","RAJKOT, IN","22.3","70.783","138.0","2019-05-05",,,"92","H,,S",,,"76",",,S"
"IN005150100","RAJKOT, IN","22.3","70.783","138.0","2019-05-06",,,"91","H,,S",,,"76",",,S"
"IN005150100","RAJKOT, IN","22.3","70.783","138.0","2019-05-07",,,"96","H,,S",,,"77",",,S"
"IN005150100","RAJKOT, IN","22.3","70.783","138.0","2019-05-08",,,"89","H,,S",,,"77",",,S"
"IN005150100","RAJKOT, IN","22.3","70.783","138.0","2019-05-09",,,"89","H,,S",,,"77",",,S"
"IN005150100","RAJKOT, IN","22.3","70.783","138.0","2019-05-10",,,"87","H,,S",,,"75",",,S"
"IN005150100","RAJKOT, IN","22.3","70.783","138.0","2019-05-11",,,"92","H,,S",,,"77",",,S"
"IN005150100","RAJKOT, IN","22.3","70.783","138.0","2019-05-12",,,"90","H,,S",,,"78",",,S"
"IN005150100","RAJKOT, IN","22.3","70.783","138.0","2019-05-13",,,"91","H,,S",,,,
"IN005150100","RAJKOT, IN","22.3","70.783","138.0","2019-05-14",,,"89","H,,S",,,"77",",,S"
"IN005150100","RAJKOT, IN","22.3","70.783","138.0","2019-05-15",,,"92","H,,S",,,"77",",,S"
"IN005150100","RAJKOT, IN","22.3","70.783","138.0","2019-05-16",,,"93","H,,S",,,"79",",,S"
"IN005150100","RAJKOT, IN","22.3","70.783","138.0","2019-05-17",,,"93","H,,S",,,"79",",,S"
"IN005150100","RAJKOT, IN","22.3","70.783","138.0","2019-05-18",,,"90","H,,S",,,"79",",,S"
"IN005150100","RAJKOT, IN","22.3","70.783","138.0","2019-05-19",,,"92","H,,S",,,"77",",,S"
"IN005150100","RAJKOT, IN","22.3","70.783","138.0","2019-05-20",,,"90","H,,S",,,"79",",,S"
"IN005150100","RAJKOT, IN","22.3","70.783","138.0","2019-05-21",,,"95","H,,S",,,"79",",,S"
"IN005150100","RAJKOT, IN","22.3","70.783","138.0","2019-05-22",,,"91","H,,S",,,"79",",,S"
"IN005150100","RAJKOT, IN","22.3","70.783","138.0","2019-05-23",,,"94","H,,S",,,"79",",,S"
"IN005150100","RAJKOT, IN","22.3","70.783","138.0","2019-05-24",,,"91","H,,S",,,"80",",,S"
"IN005150100","RAJKOT, IN","22.3","70.783","138.0","2019-05-25",,,"95","H,,S",,,"78",",,S"
"IN005150100","RAJKOT, IN","22.3","70.783","138.0","2019-05-26",,,"94","H,,S",,,"80",",,S"
"IN005150100","RAJKOT, IN","22.3","70.783","138.0","2019-05-27",,,"91","H,,S",,,"79",",,S"
"IN005150100","RAJKOT, IN","22.3","70.783","138.0","2019-05-28",,,"96","H,,S",,,"79",",,S"
"IN005150100","RAJKOT, IN","22.3","70.783","138.0","2019-05-29",,,"96","H,,S",,,"79",",,S"
"IN005150100","RAJKOT, IN","22.3","70.783","138.0","2019-05-30",,,"95","H,,S",,,"79",",,S"
"IN005150100","RAJKOT, IN","22.3","70.783","138.0","2019-05-31",,,"95","H,,S",,,"80",",,S"
"IN005150100","RAJKOT, IN","22.3","70.783","138.0","2019-06-01",,,"97","H,,S",,,"81",",,S"
"IN005150100","RAJKOT, IN","22.3","70.783","138.0","2019-06-02",,,"97","H,,S",,,"80",",,S"
"IN005150100","RAJKOT, IN","22.3","70.783","138.0","2019-06-03",,,"96","H,,S",,,"81",",,S"
"IN005150100","RAJKOT, IN","22.3","70.783","138.0","2019-06-04",,,"96","H,,S",,,"80",",,S"
"IN005150100","RAJKOT, IN","22.3","70.783","138.0","2019-06-05",,,"95","H,,S",,,"79",",,S"
"IN005150100","RAJKOT, IN","22.3","70.783","138.0","2019-06-06",,,"95","H,,S",,,"81",",,S"
"IN005150100","RAJKOT, IN","22.3","70.783","138.0","2019-06-07",,,"95","H,,S",,,"81",",,S"
"IN005150100","RAJKOT, IN","22.3","70.783","138.0","2019-06-08",,,"93","H,,S",,,"81",",,S"
"IN005150100","RAJKOT, IN","22.3","70.783","138.0","2019-06-09",,,"98","H,,S",,,"80",",,S"
"IN005150100","RAJKOT, IN","22.3","70.783","138.0","2019-06-10",,,"96","H,,S",,,"81",",,S"
"IN005150100","RAJKOT, IN","22.3","70.783","138.0","2019-06-11",,,"95","H,,S",,,"82",",,S"
"IN005150100","RAJKOT, IN","22.3","70.783","138.0","2019-06-12",,,"92","H,,S",,,"82",",,S"
"IN005150100","RAJKOT, IN","22.3","70.783","138.0","2019-06-13","0.00",",,S","83","H,,S",,,"78",",,S"
"IN005150100","RAJKOT, IN","22.3","70.783","138.0","2019-06-14","0.20",",,S","84","H,,S",,,"76",",,S"
"IN005150100","RAJKOT, IN","22.3","70.783","138.0","2019-06-15","0.04",",,S","87","H,,S",,,"79",",,S"
"IN005150100","RAJKOT, IN","22.3","70.783","138.0","2019-06-16","0.00",",,S","90","H,,S",,,"80",",,S"
"IN005150100","RAJKOT, IN","22.3","70.783","138.0","2019-06-17","0.12",",,S","89","H,,S",,,"81",",,S"
"IN005150100","RAJKOT, IN","22.3","70.783","138.0","2019-06-18","0.35",",,S","83","H,,S",,,"78",",,S"
"IN005150100","RAJKOT, IN","22.3","70.783","138.0","2019-06-19","0.47",",,S","87","H,,S",,,"78",",,S"
"IN005150100","RAJKOT, IN","22.3","70.783","138.0","2019-06-20","0.00",",,S","89","H,,S",,,"79",",,S"
"IN005150100","RAJKOT, IN","22.3","70.783","138.0","2019-06-21",,,"90","H,,S",,,"79",",,S"
"IN005150100","RAJKOT, IN","22.3","70.783","138.0","2019-06-22",,,"92","H,,S",,,"79",",,S"
"IN005150100","RAJKOT, IN","22.3","70.783","138.0","2019-06-23","0.24",",,S","89","H,,S",,,"75",",,S"
"IN005150100","RAJKOT, IN","22.3","70.783","138.0","2019-06-24","0.00",",,S","90","H,,S",,,"81",",,S"
"IN005150100","RAJKOT, IN","22.3","70.783","138.0","2019-06-25",,,"89","H,,S",,,"81",",,S"
"IN005150100","RAJKOT, IN","22.3","70.783","138.0","2019-06-26","0.02",",,S","90","H,,S",,,"81",",,S"
"IN005150100","RAJKOT, IN","22.3","70.783","138.0","2019-06-27","0.02",",,S","86","H,,S",,,"81",",,S"
"IN005150100","RAJKOT, IN","22.3","70.783","138.0","2019-06-28","0.00",",,S","90","H,,S",,,"81",",,S"
"IN005150100","RAJKOT, IN","22.3","70.783","138.0","2019-06-29",,,"87","H,,S",,,"80",",,S"
"IN005150100","RAJKOT, IN","22.3","70.783","138.0","2019-06-30",,,"91","H,,S",,,"78",",,S"
"IN005150100","RAJKOT, IN","22.3","70.783","138.0","2019-07-01",,,"87","H,,S",,,"80",",,S"
"IN005150100","RAJKOT, IN","22.3","70.783","138.0","2019-07-02",,,"90","H,,S",,,"80",",,S"
"IN005150100","RAJKOT, IN","22.3","70.783","138.0","2019-07-03",,,"89","H,,S",,,"81",",,S"
"IN005150100","RAJKOT, IN","22.3","70.783","138.0","2019-07-04",,,"90","H,,S",,,"80",",,S"
"IN005150100","RAJKOT, IN","22.3","70.783","138.0","2019-07-05",,,"89","H,,S",,,"77",",,S"
"IN005150100","RAJKOT, IN","22.3","70.783","138.0","2019-07-06",,,"88","H,,S",,,"81",",,S"
"IN005150100","RAJKOT, IN","22.3","70.783","138.0","2019-07-07",,,"90","H,,S",,,"81",",,S"
"IN005150100","RAJKOT, IN","22.3","70.783","138.0","2019-07-08",,,"88","H,,S",,,"81",",,S"
"IN005150100","RAJKOT, IN","22.3","70.783","138.0","2019-07-09",,,"90","H,,S",,,"81",",,S"
"IN005150100","RAJKOT, IN","22.3","70.783","138.0","2019-07-10",,,"91","H,,S",,,"81",",,S"
"IN005150100","RAJKOT, IN","22.3","70.783","138.0","2019-07-11",,,"91","H,,S",,,"81",",,S"
"IN005150100","RAJKOT, IN","22.3","70.783","138.0","2019-07-12",,,"90","H,,S",,,"81",",,S"
"IN005150100","RAJKOT, IN","22.3","70.783","138.0","2019-07-13",,,"89","H,,S",,,"81",",,S"
"IN005150100","RAJKOT, IN","22.3","70.783","138.0","2019-07-14",,,"89","H,,S",,,"81",",,S"
"IN005150100","RAJKOT, IN","22.3","70.783","138.0","2019-07-15",,,"90","H,,S",,,"81",",,S"
"IN005150100","RAJKOT, IN","22.3","70.783","138.0","2019-07-16",,,"90","H,,S",,,"81",",,S"
"IN005150100","RAJKOT, IN","22.3","70.783","138.0","2019-07-17",,,"88","H,,S",,,"81",",,S"
"IN005150100","RAJKOT, IN","22.3","70.783","138.0","2019-07-18",,,"88","H,,S",,,"80",",,S"
"IN005150100","RAJKOT, IN","22.3","70.783","138.0","2019-07-19",,,"92","H,,S",,,"78",",,S"
"IN005150100","RAJKOT, IN","22.3","70.783","138.0","2019-07-20",,,"87","H,,S",,,"80",",,S"
"IN005150100","RAJKOT, IN","22.3","70.783","138.0","2019-07-21",,,"83","H,,S",,,,
"IN005150100","RAJKOT, IN","22.3","70.783","138.0","2019-07-22",,,"86","H,,S",,,"73",",,S"
"IN005150100","RAJKOT, IN","22.3","70.783","138.0","2019-07-23",,,"89","H,,S",,,"79",",,S"
"IN005150100","RAJKOT, IN","22.3","70.783","138.0","2019-07-24",,,"87","H,,S",,,"80",",,S"
"IN005150100","RAJKOT, IN","22.3","70.783","138.0","2019-07-25",,,"83","H,,S",,,"79",",,S"
"IN005150100","RAJKOT, IN","22.3","70.783","138.0","2019-07-26",,,"82","H,,S",,,"79",",,S"
"IN005150100","RAJKOT, IN","22.3","70.783","138.0","2019-07-27",,,"83","H,,S",,,"78",",,S"
"IN005150100","RAJKOT, IN","22.3","70.783","138.0","2019-07-28",,,"84","H,,S",,,"78",",,S"
"IN005150100","RAJKOT, IN","22.3","70.783","138.0","2019-07-29","0.12",",,S","78","H,,S",,,"76",",,S"
"IN005150100","RAJKOT, IN","22.3","70.783","138.0","2019-07-30","8.50",",,S","78","H,,S",,,"73",",,S"
"IN005150100","RAJKOT, IN","22.3","70.783","138.0","2019-07-31","0.20",",,S","79","H,,S",,,"74",",,S"
"IN005150100","RAJKOT, IN","22.3","70.783","138.0","2019-08-01","0.87",",,S","81","H,,S",,,"76",",,S"
"IN005150100","RAJKOT, IN","22.3","70.783","138.0","2019-08-02","0.00",",,S","80","H,,S",,,"77",",,S"
"IN005150100","RAJKOT, IN","22.3","70.783","138.0","2019-08-03","3.19",",,S","81","H,,S",,,"76",",,S"
"IN005150100","RAJKOT, IN","22.3","70.783","138.0","2019-08-04","0.02",",,S","81","H,,S",,,"78",",,S"
"IN005150100","RAJKOT, IN","22.3","70.783","138.0","2019-08-05","0.00",",,S","83","H,,S",,,"78",",,S"
"IN005150100","RAJKOT, IN","22.3","70.783","138.0","2019-08-06",,,"83","H,,S",,,"77",",,S"
"IN005150100","RAJKOT, IN","22.3","70.783","138.0","2019-08-07",,,"84","H,,S",,,"78",",,S"
"IN005150100","RAJKOT, IN","22.3","70.783","138.0","2019-08-08",,,"83","H,,S",,,"78",",,S"
"IN005150100","RAJKOT, IN","22.3","70.783","138.0","2019-08-09",,,"79","H,,S",,,,
"IN005150100","RAJKOT, IN","22.3","70.783","138.0","2019-08-10","7.76",",,S","76","H,,S",,,"74",",,S"
"IN005150100","RAJKOT, IN","22.3","70.783","138.0","2019-08-11","5.83",",,S","80","H,,S",,,"74",",,S"
"IN005150100","RAJKOT, IN","22.3","70.783","138.0","2019-08-12","0.28",",,S","84","H,,S",,,"76",",,S"
"IN005150100","RAJKOT, IN","22.3","70.783","138.0","2019-08-13","0.00",",,S","84","H,,S",,,"76",",,S"
"IN005150100","RAJKOT, IN","22.3","70.783","138.0","2019-08-14",,,"83","H,,S",,,"77",",,S"
"IN005150100","RAJKOT, IN","22.3","70.783","138.0","2019-08-15",,,"81","H,,S",,,,
"IN005150100","RAJKOT, IN","22.3","70.783","138.0","2019-08-16",,,"80","H,,S",,,"76",",,S"
"IN005150100","RAJKOT, IN","22.3","70.783","138.0","2019-08-17",,,"82","H,,S",,,"76",",,S"
"IN005150100","RAJKOT, IN","22.3","70.783","138.0","2019-08-18",,,"81","H,,S",,,"76",",,S"
"IN005150100","RAJKOT, IN","22.3","70.783","138.0","2019-08-19",,,"81","H,,S",,,"76",",,S"
"IN005150100","RAJKOT, IN","22.3","70.783","138.0","2019-08-20",,,"85","H,,S",,,"76",",,S"
"IN005150100","RAJKOT, IN","22.3","70.783","138.0","2019-08-21",,,"86","H,,S",,,"76",",,S"
"IN005150100","RAJKOT, IN","22.3","70.783","138.0","2019-08-22",,,"83","H,,S",,,"76",",,S"
"IN005150100","RAJKOT, IN","22.3","70.783","138.0","2019-08-23",,,"84","H,,S",,,"76",",,S"
"IN005150100","RAJKOT, IN","22.3","70.783","138.0","2019-08-24",,,"87","H,,S",,,"76",",,S"
"IN005150100","RAJKOT, IN","22.3","70.783","138.0","2019-08-25",,,"88","H,,S",,,"76",",,S"
"IN005150100","RAJKOT, IN","22.3","70.783","138.0","2019-08-26",,,"83","H,,S",,,"78",",,S"
"IN005150100","RAJKOT, IN","22.3","70.783","138.0","2019-08-27",,,"84","H,,S",,,"78",",,S"
"IN005150100","RAJKOT, IN","22.3","70.783","138.0","2019-08-28",,,"83","H,,S",,,"77",",,S"
"IN005150100","RAJKOT, IN","22.3","70.783","138.0","2019-08-29","0.83",",,S","86","H,,S",,,"75",",,S"
"IN005150100","RAJKOT, IN","22.3","70.783","138.0","2019-08-30","0.03",",,S","85","H,,S",,,"77",",,S"
"IN005150100","RAJKOT, IN","22.3","70.783","138.0","2019-08-31","0.00",",,S","87","H,,S",,,"78",",,S"
"IN005150100","RAJKOT, IN","22.3","70.783","138.0","2019-09-01",,,"85","H,,S",,,"79",",,S"
"IN005150100","RAJKOT, IN","22.3","70.783","138.0","2019-09-02","3.46",",,S","82","H,,S",,,"75",",,S"
"IN005150100","RAJKOT, IN","22.3","70.783","138.0","2019-09-03","0.08",",,S","84","H,,S",,,"77",",,S"
"IN005150100","RAJKOT, IN","22.3","70.783","138.0","2019-09-04","0.02",",,S","82","H,,S",,,"76",",,S"
"IN005150100","RAJKOT, IN","22.3","70.783","138.0","2019-09-05","0.55",",,S","81","H,,S",,,"77",",,S"
"IN005150100","RAJKOT, IN","22.3","70.783","138.0","2019-09-06","2.60",",,S","82","H,,S",,,"75",",,S"
"IN005150100","RAJKOT, IN","22.3","70.783","138.0","2019-09-07","0.24",",,S","83","H,,S",,,"77",",,S"
"IN005150100","RAJKOT, IN","22.3","70.783","138.0","2019-09-08","0.59",",,S","81","H,,S",,,"74",",,S"
"IN005150100","RAJKOT, IN","22.3","70.783","138.0","2019-09-09","1.34",",,S","81","H,,S",,,"75",",,S"
"IN005150100","RAJKOT, IN","22.3","70.783","138.0","2019-09-10","0.51",",,S","82","H,,S",,,"75",",,S"
"IN005150100","RAJKOT, IN","22.3","70.783","138.0","2019-09-11","0.16",",,S","80","H,,S",,,"76",",,S"
"IN005150100","RAJKOT, IN","22.3","70.783","138.0","2019-09-12","0.04",",,S","83","H,,S",,,"76",",,S"
"IN005150100","RAJKOT, IN","22.3","70.783","138.0","2019-09-13","0.00",",,S","83","H,,S",,,"76",",,S"
"IN005150100","RAJKOT, IN","22.3","70.783","138.0","2019-09-14","0.01",",,S","83","H,,S",,,"77",",,S"
"IN005150100","RAJKOT, IN","22.3","70.783","138.0","2019-09-15","0.00",",,S","84","H,,S",,,"77",",,S"
"IN005150100","RAJKOT, IN","22.3","70.783","138.0","2019-09-16",,,"84","H,,S",,,"76",",,S"
"IN005150100","RAJKOT, IN","22.3","70.783","138.0","2019-09-17",,,"86","H,,S",,,"77",",,S"
"IN005150100","RAJKOT, IN","22.3","70.783","138.0","2019-09-18",,,"87","H,,S",,,"77",",,S"
"IN005150100","RAJKOT, IN","22.3","70.783","138.0","2019-09-19",,,"87","H,,S",,,"78",",,S"
"IN005150100","RAJKOT, IN","22.3","70.783","138.0","2019-09-20",,,"85","H,,S",,,"78",",,S"
"IN005150100","RAJKOT, IN","22.3","70.783","138.0","2019-09-21",,,"82","H,,S",,,"76",",,S"
"IN005150100","RAJKOT, IN","22.3","70.783","138.0","2019-09-22",,,"84","H,,S",,,"77",",,S"
"IN005150100","RAJKOT, IN","22.3","70.783","138.0","2019-09-23",,,"85","H,,S",,,"76",",,S"
"IN005150100","RAJKOT, IN","22.3","70.783","138.0","2019-09-24",,,"85","H,,S",,,"77",",,S"
"IN005150100","RAJKOT, IN","22.3","70.783","138.0","2019-09-25",,,"89","H,,S",,,"78",",,S"
"IN005150100","RAJKOT, IN","22.3","70.783","138.0","2019-09-26",,,"84","H,,S",,,,
"IN005150100","RAJKOT, IN","22.3","70.783","138.0","2019-09-27",,,"78","H,,S",,,"75",",,S"
"IN005150100","RAJKOT, IN","22.3","70.783","138.0","2019-09-28",,,"79","H,,S",,,"74",",,S"
"IN005150100","RAJKOT, IN","22.3","70.783","138.0","2019-09-29","1.54",",,S","76","H,,S",,,"73",",,S"
"IN005150100","RAJKOT, IN","22.3","70.783","138.0","2019-09-30","2.05",",,S","80","H,,S",,,"74",",,S"
"IN005150100","RAJKOT, IN","22.3","70.783","138.0","2019-10-01","0.20",",,S","83","H,,S",,,"72",",,S"
"IN005150100","RAJKOT, IN","22.3","70.783","138.0","2019-10-02","0.00",",,S","85","H,,S",,,"76",",,S"
"IN005150100","RAJKOT, IN","22.3","70.783","138.0","2019-10-03",,,"83","H,,S",,,"76",",,S"
"IN005150100","RAJKOT, IN","22.3","70.783","138.0","2019-10-04",,,"85","H,,S",,,"76",",,S"
"IN005150100","RAJKOT, IN","22.3","70.783","138.0","2019-10-05",,,"80","H,,S",,,,
"IN005150100","RAJKOT, IN","22.3","70.783","138.0","2019-10-06",,,"83","H,,S",,,"72",",,S"
"IN005150100","RAJKOT, IN","22.3","70.783","138.0","2019-10-07",,,"85","H,,S",,,"73",",,S"
"IN005150100","RAJKOT, IN","22.3","70.783","138.0","2019-10-08",,,"88","H,,S",,,"75",",,S"
"IN005150100","RAJKOT, IN","22.3","70.783","138.0","2019-10-09",,,"85","H,,S",,,"76",",,S"
"IN005150100","RAJKOT, IN","22.3","70.783","138.0","2019-10-10",,,"85","H,,S",,,"76",",,S"
"IN005150100","RAJKOT, IN","22.3","70.783","138.0","2019-10-11",,,"86","H,,S",,,"75",",,S"
"IN005150100","RAJKOT, IN","22.3","70.783","138.0","2019-10-12",,,"85","H,,S",,,"70",",,S"
"IN005150100","RAJKOT, IN","22.3","70.783","138.0","2019-10-13",,,"86","H,,S",,,"70",",,S"
"IN005150100","RAJKOT, IN","22.3","70.783","138.0","2019-10-14",,,"85","H,,S",,,"69",",,S"
"IN005150100","RAJKOT, IN","22.3","70.783","138.0","2019-10-15",,,"87","H,,S",,,"72",",,S"
"IN005150100","RAJKOT, IN","22.3","70.783","138.0","2019-10-16",,,"88","H,,S",,,"72",",,S"
"IN005150100","RAJKOT, IN","22.3","70.783","138.0","2019-10-17",,,"88","H,,S",,,"72",",,S"
"IN005150100","RAJKOT, IN","22.3","70.783","138.0","2019-10-18",,,"86","H,,S",,,"72",",,S"
"IN005150100","RAJKOT, IN","22.3","70.783","138.0","2019-10-19",,,"87","H,,S",,,"75",",,S"
"IN005150100","RAJKOT, IN","22.3","70.783","138.0","2019-10-20",,,"85","H,,S",,,"75",",,S"
"IN005150100","RAJKOT, IN","22.3","70.783","138.0","2019-10-21",,,"83","H,,S",,,"76",",,S"
"IN005150100","RAJKOT, IN","22.3","70.783","138.0","2019-10-22",,,"85","H,,S",,,"76",",,S"
"IN005150100","RAJKOT, IN","22.3","70.783","138.0","2019-10-23",,,"85","H,,S",,,"73",",,S"
"IN005150100","RAJKOT, IN","22.3","70.783","138.0","2019-10-24",,,"82","H,,S",,,"70",",,S"
"IN005150100","RAJKOT, IN","22.3","70.783","138.0","2019-10-25",,,"80","H,,S",,,"67",",,S"
"IN005150100","RAJKOT, IN","22.3","70.783","138.0","2019-10-26",,,"83","H,,S",,,"70",",,S"
"IN005150100","RAJKOT, IN","22.3","70.783","138.0","2019-10-27",,,"82","H,,S",,,"73",",,S"
"IN005150100","RAJKOT, IN","22.3","70.783","138.0","2019-10-28",,,"85","H,,S",,,"72",",,S"
"IN005150100","RAJKOT, IN","22.3","70.783","138.0","2019-10-29",,,"85","H,,S",,,,
"IN005150100","RAJKOT, IN","22.3","70.783","138.0","2019-10-30",,,"86","H,,S",,,"72",",,S"
"IN005150100","RAJKOT, IN","22.3","70.783","138.0","2019-10-31",,,"87","H,,S",,,"74",",,S"
"IN005150100","RAJKOT, IN","22.3","70.783","138.0","2019-11-01",,,"88","H,,S",,,"77",",,S"
"IN005150100","RAJKOT, IN","22.3","70.783","138.0","2019-11-02",,,"81","H,,S",,,,
"IN005150100","RAJKOT, IN","22.3","70.783","138.0","2019-11-03",,,"82","H,,S",,,"75",",,S"
"IN005150100","RAJKOT, IN","22.3","70.783","138.0","2019-11-04",,,"83","H,,S",,,"76",",,S"
"IN005150100","RAJKOT, IN","22.3","70.783","138.0","2019-11-05",,,"84","H,,S",,,"74",",,S"
"IN005150100","RAJKOT, IN","22.3","70.783","138.0","2019-11-06",,,"81","H,,S",,,,
"IN005150100","RAJKOT, IN","22.3","70.783","138.0","2019-11-07",,,"81","H,,S",,,"68",",,S"
"IN005150100","RAJKOT, IN","22.3","70.783","138.0","2019-11-08",,,"79","H,,S",,,"66",",,S"
"IN005150100","RAJKOT, IN","22.3","70.783","138.0","2019-11-09",,,"80","H,,S",,,"66",",,S"
"IN005150100","RAJKOT, IN","22.3","70.783","138.0","2019-11-10",,,"81","H,,S",,,"67",",,S"
"IN005150100","RAJKOT, IN","22.3","70.783","138.0","2019-11-11",,,"82","H,,S",,,"68",",,S"
"IN005150100","RAJKOT, IN","22.3","70.783","138.0","2019-11-12",,,"83","H,,S",,,"69",",,S"
"IN005150100","RAJKOT, IN","22.3","70.783","138.0","2019-11-13","0.16",",,S","84","H,,S",,,"69",",,S"
"IN005150100","RAJKOT, IN","22.3","70.783","138.0","2019-11-14","0.00",",,S","80","H,,S",,,"70",",,S"
"IN005150100","RAJKOT, IN","22.3","70.783","138.0","2019-11-15",,,"81","H,,S",,,"68",",,S"
"IN005150100","RAJKOT, IN","22.3","70.783","138.0","2019-11-16",,,"81","H,,S",,,"68",",,S"
"IN005150100","RAJKOT, IN","22.3","70.783","138.0","2019-11-17",,,"81","H,,S",,,"68",",,S"
"IN005150100","RAJKOT, IN","22.3","70.783","138.0","2019-11-18",,,"75","H,,S",,,"66",",,S"
"IN005150100","RAJKOT, IN","22.3","70.783","138.0","2019-11-19",,,"78","H,,S",,,"65",",,S"
"IN005150100","RAJKOT, IN","22.3","70.783","138.0","2019-11-20",,,"77","H,,S",,,"63",",,S"
"IN005150100","RAJKOT, IN","22.3","70.783","138.0","2019-11-21",,,"79","H,,S",,,"63",",,S"
"IN005150100","RAJKOT, IN","22.3","70.783","138.0","2019-11-22",,,"82","H,,S",,,"66",",,S"
"IN005150100","RAJKOT, IN","22.3","70.783","138.0","2019-11-23",,,"80","H,,S",,,"66",",,S"
"IN005150100","RAJKOT, IN","22.3","70.783","138.0","2019-11-24",,,"80","H,,S",,,"65",",,S"
"IN005150100","RAJKOT, IN","22.3","70.783","138.0","2019-11-25",,,"80","H,,S",,,"67",",,S"
"IN005150100","RAJKOT, IN","22.3","70.783","138.0","2019-11-26",,,"80","H,,S",,,"68",",,S"
"IN005150100","RAJKOT, IN","22.3","70.783","138.0","2019-11-27",,,"78","H,,S",,,"65",",,S"
"IN005150100","RAJKOT, IN","22.3","70.783","138.0","2019-11-28",,,"76","H,,S",,,"63",",,S"
"IN005150100","RAJKOT, IN","22.3","70.783","138.0","2019-11-29",,,"76","H,,S",,,"59",",,S"
"IN005150100","RAJKOT, IN","22.3","70.783","138.0","2019-11-30",,,"72","H,,S",,,"58",",,S"
"IN005150100","RAJKOT, IN","22.3","70.783","138.0","2019-12-01",,,"76","H,,S",,,"60",",,S"
"IN005150100","RAJKOT, IN","22.3","70.783","138.0","2019-12-02",,,"74","H,,S",,,"59",",,S"
"IN005150100","RAJKOT, IN","22.3","70.783","138.0","2019-12-03",,,"78","H,,S",,,"67",",,S"
"IN005150100","RAJKOT, IN","22.3","70.783","138.0","2019-12-04",,,"80","H,,S",,,"68",",,S"
"IN005150100","RAJKOT, IN","22.3","70.783","138.0","2019-12-05",,,"80","H,,S",,,"71",",,S"
"IN005150100","RAJKOT, IN","22.3","70.783","138.0","2019-12-06",,,"76","H,,S",,,,
"IN005150100","RAJKOT, IN","22.3","70.783","138.0","2019-12-07",,,"72","H,,S",,,"61",",,S"
"IN005150100","RAJKOT, IN","22.3","70.783","138.0","2019-12-08",,,"71","H,,S",,,"56",",,S"
"IN005150100","RAJKOT, IN","22.3","70.783","138.0","2019-12-09",,,"74","H,,S",,,"56",",,S"
"IN005150100","RAJKOT, IN","22.3","70.783","138.0","2019-12-10",,,"71","H,,S",,,"58",",,S"
"IN005150100","RAJKOT, IN","22.3","70.783","138.0","2019-12-11",,,"76","H,,S",,,"56",",,S"
"IN005150100","RAJKOT, IN","22.3","70.783","138.0","2019-12-12",,,"73","H,,S",,,"62",",,S"
"IN005150100","RAJKOT, IN","22.3","70.783","138.0","2019-12-13",,,"74","H,,S",,,,
"IN005150100","RAJKOT, IN","22.3","70.783","138.0","2019-12-14",,,"69","H,,S",,,"60",",,S"
"IN005150100","RAJKOT, IN","22.3","70.783","138.0","2019-12-15",,,"69","H,,S",,,"55",",,S"
"IN005150100","RAJKOT, IN","22.3","70.783","138.0","2019-12-16",,,"66","H,,S",,,"53",",,S"
"IN005150100","RAJKOT, IN","22.3","70.783","138.0","2019-12-17",,,"68","H,,S",,,"52",",,S"
"IN005150100","RAJKOT, IN","22.3","70.783","138.0","2019-12-18",,,"69","H,,S",,,"51",",,S"
"IN005150100","RAJKOT, IN","22.3","70.783","138.0","2019-12-19",,,"73","H,,S",,,"54",",,S"
"IN005150100","RAJKOT, IN","22.3","70.783","138.0","2019-12-20",,,"72","H,,S",,,"55",",,S"
"IN005150100","RAJKOT, IN","22.3","70.783","138.0","2019-12-21",,,"72","H,,S",,,"56",",,S"
"IN005150100","RAJKOT, IN","22.3","70.783","138.0","2019-12-22",,,"70","H,,S",,,"56",",,S"
"IN005150100","RAJKOT, IN","22.3","70.783","138.0","2019-12-23",,,"71","H,,S",,,"60",",,S"
"IN005150100","RAJKOT, IN","22.3","70.783","138.0","2019-12-24",,,"73","H,,S",,,"57",",,S"
"IN005150100","RAJKOT, IN","22.3","70.783","138.0","2019-12-25",,,"71","H,,S",,,"55",",,S"
"IN005150100","RAJKOT, IN","22.3","70.783","138.0","2019-12-26",,,"65","H,,S",,,"53",",,S"
"IN005150100","RAJKOT, IN","22.3","70.783","138.0","2019-12-27",,,"69","H,,S",,,"54",",,S"
"IN005150100","RAJKOT, IN","22.3","70.783","138.0","2019-12-28",,,"66","H,,S",,,"49",",,S"
"IN005150100","RAJKOT, IN","22.3","70.783","138.0","2019-12-29",,,"67","H,,S",,,"51",",,S"
"IN005150100","RAJKOT, IN","22.3","70.783","138.0","2019-12-30",,,"60","H,,S",,,"47",",,S"
"IN005150100","RAJKOT, IN","22.3","70.783","138.0","2019-12-31",,,"65","H,,S",,,"48",",,S"
"IN005150100","RAJKOT, IN","22.3","70.783","138.0","2020-01-01",,,"63","H,,S",,,"48",",,S"
"IN005150100","RAJKOT, IN","22.3","70.783","138.0","2020-01-02",,,"63","H,,S",,,"49",",,S"
"IN005150100","RAJKOT, IN","22.3","70.783","138.0","2020-01-03",,,"65","H,,S",,,"49",",,S"
"IN005150100","RAJKOT, IN","22.3","70.783","138.0","2020-01-04",,,"65","H,,S",,,"50",",,S"
"IN005150100","RAJKOT, IN","22.3","70.783","138.0","2020-01-05",,,"68","H,,S",,,"55",",,S"
"IN005150100","RAJKOT, IN","22.3","70.783","138.0","2020-01-06",,,"73","H,,S",,,"56",",,S"
"IN005150100","RAJKOT, IN","22.3","70.783","138.0","2020-01-07",,,"72","H,,S",,,,
"IN005150100","RAJKOT, IN","22.3","70.783","138.0","2020-01-08",,,"67","H,,S",,,"53",",,S"
"IN005150100","RAJKOT, IN","22.3","70.783","138.0","2020-01-09",,,"62","H,,S",,,"48",",,S"
"IN005150100","RAJKOT, IN","22.3","70.783","138.0","2020-01-10",,,"67","H,,S",,,"50",",,S"
"IN005150100","RAJKOT, IN","22.3","70.783","138.0","2020-01-11",,,"70","H,,S","84",",,S","57",",,S"
"IN005150100","RAJKOT, IN","22.3","70.783","138.0","2020-01-12",,,"78","H,,S",,,"62",",,S"
"IN005150100","RAJKOT, IN","22.3","70.783","138.0","2020-01-13",,,"69","H,,S",,,,
"IN005150100","RAJKOT, IN","22.3","70.783","138.0","2020-01-14",,,"64","H,,S",,,"52",",,S"
"IN005150100","RAJKOT, IN","22.3","70.783","138.0","2020-01-15",,,"62","H,,S",,,"47",",,S"
"IN005150100","RAJKOT, IN","22.3","70.783","138.0","2020-01-16",,,"60","H,,S",,,"46",",,S"
"IN005150100","RAJKOT, IN","22.3","70.783","138.0","2020-01-17",,,"63","H,,S",,,"46",",,S"
"IN005150100","RAJKOT, IN","22.3","70.783","138.0","2020-01-18",,,"65","H,,S",,,"45",",,S"
"IN005150100","RAJKOT, IN","22.3","70.783","138.0","2020-01-19",,,"68","H,,S",,,"49",",,S"
"IN005150100","RAJKOT, IN","22.3","70.783","138.0","2020-01-20",,,"70","H,,S",,,"50",",,S"
"IN005150100","RAJKOT, IN","22.3","70.783","138.0","2020-01-21",,,"66","H,,S",,,"50",",,S"
"IN005150100","RAJKOT, IN","22.3","70.783","138.0","2020-01-22",,,"70","H,,S",,,"52",",,S"
"IN005150100","RAJKOT, IN","22.3","70.783","138.0","2020-01-23",,,"68","H,,S",,,"53",",,S"
"IN005150100","RAJKOT, IN","22.3","70.783","138.0","2020-01-24",,,"71","H,,S",,,"52",",,S"
"IN005150100","RAJKOT, IN","22.3","70.783","138.0","2020-01-25",,,"70","H,,S",,,"61",",,S"
"IN005150100","RAJKOT, IN","22.3","70.783","138.0","2020-01-26",,,"76","H,,S",,,"55",",,S"
"IN005150100","RAJKOT, IN","22.3","70.783","138.0","2020-01-27",,,"72","H,,S",,,,
"IN005150100","RAJKOT, IN","22.3","70.783","138.0","2020-01-28",,,"71","H,,S",,,,
"IN005150100","RAJKOT, IN","22.3","70.783","138.0","2020-01-29",,,"64","H,,S",,,"51",",,S"
"IN005150100","RAJKOT, IN","22.3","70.783","138.0","2020-01-30",,,"66","H,,S",,,"50",",,S"
"IN005150100","RAJKOT, IN","22.3","70.783","138.0","2020-01-31",,,"67","H,,S",,,"51",",,S"
"IN005150100","RAJKOT, IN","22.3","70.783","138.0","2020-02-01",,,"70","H,,S",,,"50",",,S"
"IN005150100","RAJKOT, IN","22.3","70.783","138.0","2020-02-02",,,"69","H,,S",,,"52",",,S"
"IN005150100","RAJKOT, IN","22.3","70.783","138.0","2020-02-03",,,"72","H,,S",,,"54",",,S"
"IN005150100","RAJKOT, IN","22.3","70.783","138.0","2020-02-04",,,"70","H,,S",,,"54",",,S"
"IN005150100","RAJKOT, IN","22.3","70.783","138.0","2020-02-05",,,"73","H,,S",,,"56",",,S"
"IN005150100","RAJKOT, IN","22.3","70.783","138.0","2020-02-06",,,"67","H,,S",,,"53",",,S"
"IN005150100","RAJKOT, IN","22.3","70.783","138.0","2020-02-07",,,"72","H,,S",,,"51",",,S"
"IN005150100","RAJKOT, IN","22.3","70.783","138.0","2020-02-08",,,"69","H,,S",,,"55",",,S"
"IN005150100","RAJKOT, IN","22.3","70.783","138.0","2020-02-09",,,"73","H,,S",,,"55",",,S"
"IN005150100","RAJKOT, IN","22.3","70.783","138.0","2020-02-10",,,"71","H,,S",,,"54",",,S"
"IN005150100","RAJKOT, IN","22.3","70.783","138.0","2020-02-11",,,"79","H,,S",,,"61",",,S"
"IN005150100","RAJKOT, IN","22.3","70.783","138.0","2020-02-12",,,"81","H,,S",,,"66",",,S"
"IN005150100","RAJKOT, IN","22.3","70.783","138.0","2020-02-13",,,"82","H,,S",,,"68",",,S"
"IN005150100","RAJKOT, IN","22.3","70.783","138.0","2020-02-14",,,"75","H,,S",,,"63",",,S"
"IN005150100","RAJKOT, IN","22.3","70.783","138.0","2020-02-15",,,"78","H,,S",,,"57",",,S"
"IN005150100","RAJKOT, IN","22.3","70.783","138.0","2020-02-16",,,"79","H,,S",,,"59",",,S"
"IN005150100","RAJKOT, IN","22.3","70.783","138.0","2020-02-17",,,"81","H,,S",,,"66",",,S"
"IN005150100","RAJKOT, IN","22.3","70.783","138.0","2020-02-18",,,"85","H,,S",,,"69",",,S"
"IN005150100","RAJKOT, IN","22.3","70.783","138.0","2020-02-19",,,"83","H,,S",,,"67",",,S"
"IN005150100","RAJKOT, IN","22.3","70.783","138.0","2020-02-20",,,"78","H,,S",,,"65",",,S"
"IN005150100","RAJKOT, IN","22.3","70.783","138.0","2020-02-21",,,"80","H,,S",,,"63",",,S"
"IN005150100","RAJKOT, IN","22.3","70.783","138.0","2020-02-22",,,"77","H,,S",,,"61",",,S"
"IN005150100","RAJKOT, IN","22.3","70.783","138.0","2020-02-23",,,"81","H,,S",,,"60",",,S"
"IN005150100","RAJKOT, IN","22.3","70.783","138.0","2020-02-24",,,"78","H,,S",,,"64",",,S"
"IN005150100","RAJKOT, IN","22.3","70.783","138.0","2020-02-25",,,"81","H,,S",,,"62",",,S"
"IN005150100","RAJKOT, IN","22.3","70.783","138.0","2020-02-26",,,"83","H,,S","95",",,S","63",",,S"
"IN005150100","RAJKOT, IN","22.3","70.783","138.0","2020-02-27",,,"80","H,,S",,,"64",",,S"
"IN005150100","RAJKOT, IN","22.3","70.783","138.0","2020-02-28",,,"79","H,,S",,,"64",",,S"
"IN005150100","RAJKOT, IN","22.3","70.783","138.0","2020-02-29",,,"79","H,,S",,,"66",",,S"
"IN005150100","RAJKOT, IN","22.3","70.783","138.0","2020-03-01",,,"83","H,,S",,,"65",",,S"
"IN005150100","RAJKOT, IN","22.3","70.783","138.0","2020-03-02",,,"82","H,,S",,,"65",",,S"
"IN005150100","RAJKOT, IN","22.3","70.783","138.0","2020-03-03",,,"79","H,,S",,,"67",",,S"
"IN005150100","RAJKOT, IN","22.3","70.783","138.0","2020-03-04",,,"80","H,,S",,,"66",",,S"
"IN005150100","RAJKOT, IN","22.3","70.783","138.0","2020-03-05",,,"80","H,,S",,,"67",",,S"
"IN005150100","RAJKOT, IN","22.3","70.783","138.0","2020-03-06",,,"75","H,,S",,,,
"IN005150100","RAJKOT, IN","22.3","70.783","138.0","2020-03-07",,,"75","H,,S",,,"58",",,S"
"IN005150100","RAJKOT, IN","22.3","70.783","138.0","2020-03-08",,,"78","H,,S",,,"62",",,S"
"IN005150100","RAJKOT, IN","22.3","70.783","138.0","2020-03-09",,,"80","H,,S",,,"62",",,S"
"IN005150100","RAJKOT, IN","22.3","70.783","138.0","2020-03-10",,,"78","H,,S",,,"67",",,S"
"IN005150100","RAJKOT, IN","22.3","70.783","138.0","2020-03-11",,,"74","H,,S",,,"65",",,S"
"IN005150100","RAJKOT, IN","22.3","70.783","138.0","2020-03-12",,,"75","H,,S",,,"61",",,S"
"IN005150100","RAJKOT, IN","22.3","70.783","138.0","2020-03-13",,,"76","H,,S",,,"62",",,S"
"IN005150100","RAJKOT, IN","22.3","70.783","138.0","2020-03-14",,,"76","H,,S",,,"58",",,S"
"IN005150100","RAJKOT, IN","22.3","70.783","138.0","2020-03-15",,,"82","H,,S",,,"64",",,S"
"IN005150100","RAJKOT, IN","22.3","70.783","138.0","2020-03-16",,,"82","H,,S",,,"63",",,S"
"IN005150100","RAJKOT, IN","22.3","70.783","138.0","2020-03-17",,,"85","H,,S",,,"64",",,S"
"IN005150100","RAJKOT, IN","22.3","70.783","138.0","2020-03-18",,,"87","H,,S",,,"65",",,S"
"IN005150100","RAJKOT, IN","22.3","70.783","138.0","2020-03-19",,,"82","H,,S",,,"72",",,S"
"IN005150100","RAJKOT, IN","22.3","70.783","138.0","2020-03-20",,,"82","H,,S",,,"67",",,S"
"IN005150100","RAJKOT, IN","22.3","70.783","138.0","2020-03-21",,,"81","H,,S",,,"68",",,S"
"IN005150100","RAJKOT, IN","22.3","70.783","138.0","2020-03-22",,,"84","H,,S",,,"69",",,S"
"IN005150100","RAJKOT, IN","22.3","70.783","138.0","2020-03-23",,,"87","H,,S",,,"71",",,S"
"IN005150100","RAJKOT, IN","22.3","70.783","138.0","2020-03-24",,,"88","H,,S",,,"72",",,S"
"IN005150100","RAJKOT, IN","22.3","70.783","138.0","2020-03-25",,,"83","H,,S",,,"73",",,S"
"IN005150100","RAJKOT, IN","22.3","70.783","138.0","2020-03-26",,,"78","H,,S",,,,
"IN005150100","RAJKOT, IN","22.3","70.783","138.0","2020-03-27",,,"79","H,,S",,,"67",",,S"
"IN005150100","RAJKOT, IN","22.3","70.783","138.0","2020-03-28",,,"79","H,,S",,,"65",",,S"
"IN005150100","RAJKOT, IN","22.3","70.783","138.0","2020-03-29",,,"83","H,,S",,,"66",",,S"
"IN005150100","RAJKOT, IN","22.3","70.783","138.0","2020-03-30",,,"87","H,,S",,,"67",",,S"
"IN005150100","RAJKOT, IN","22.3","70.783","138.0","2020-03-31",,,"82","H,,S",,,"70",",,S"
"IN005150100","RAJKOT, IN","22.3","70.783","138.0","2020-04-01",,,"83","H,,S",,,"70",",,S"
"IN005150100","RAJKOT, IN","22.3","70.783","138.0","2020-04-02",,,"85","H,,S",,,"69",",,S"
"IN005150100","RAJKOT, IN","22.3","70.783","138.0","2020-04-03",,,"89","H,,S",,,"73",",,S"
"IN005150100","RAJKOT, IN","22.3","70.783","138.0","2020-04-04",,,"91","H,,S",,,"74",",,S"
"IN005150100","RAJKOT, IN","22.3","70.783","138.0","2020-04-05",,,"89","H,,S",,,"75",",,S"
"IN005150100","RAJKOT, IN","22.3","70.783","138.0","2020-04-06",,,"88","H,,S",,,"72",",,S"
"IN005150100","RAJKOT, IN","22.3","70.783","138.0","2020-04-07",,,"87","H,,S",,,"72",",,S"
"IN005150100","RAJKOT, IN","22.3","70.783","138.0","2020-04-08",,,"87","H,,S",,,"73",",,S"
"IN005150100","RAJKOT, IN","22.3","70.783","138.0","2020-04-09",,,"86","H,,S",,,"73",",,S"
"IN005150100","RAJKOT, IN","22.3","70.783","138.0","2020-04-10",,,"88","H,,S",,,"73",",,S"
"IN005150100","RAJKOT, IN","22.3","70.783","138.0","2020-04-11",,,"93","H,,S",,,"74",",,S"
"IN005150100","RAJKOT, IN","22.3","70.783","138.0","2020-04-12",,,"93","H,,S",,,"78",",,S"
"IN005150100","RAJKOT, IN","22.3","70.783","138.0","2020-04-13",,,"93","H,,S",,,"75",",,S"
"IN005150100","RAJKOT, IN","22.3","70.783","138.0","2020-04-14",,,"93","H,,S",,,"78",",,S"
"IN005150100","RAJKOT, IN","22.3","70.783","138.0","2020-04-15",,,"92","H,,S",,,"77",",,S"
"IN005150100","RAJKOT, IN","22.3","70.783","138.0","2020-04-16",,,"89","H,,S",,,"74",",,S"
"IN005150100","RAJKOT, IN","22.3","70.783","138.0","2020-04-17",,,"90","H,,S",,,"76",",,S"
"IN005150100","RAJKOT, IN","22.3","70.783","138.0","2020-04-18",,,"90","H,,S",,,"75",",,S"
"IN005150100","RAJKOT, IN","22.3","70.783","138.0","2020-04-19",,,"90","H,,S",,,"76",",,S"
"IN005150100","RAJKOT, IN","22.3","70.783","138.0","2020-04-20",,,"89","H,,S",,,"75",",,S"
"IN005150100","RAJKOT, IN","22.3","70.783","138.0","2020-04-21",,,"89","H,,S",,,"75",",,S"
"IN005150100","RAJKOT, IN","22.3","70.783","138.0","2020-04-22",,,"91","H,,S",,,"77",",,S"
"IN005150100","RAJKOT, IN","22.3","70.783","138.0","2020-04-23",,,"91","H,,S",,,"78",",,S"
"IN005150100","RAJKOT, IN","22.3","70.783","138.0","2020-04-24",,,"90","H,,S",,,"78",",,S"
"IN005150100","RAJKOT, IN","22.3","70.783","138.0","2020-04-25",,,"89","H,,S",,,"77",",,S"
"IN005150100","RAJKOT, IN","22.3","70.783","138.0","2020-04-26",,,"90","H,,S",,,"77",",,S"
"IN005150100","RAJKOT, IN","22.3","70.783","138.0","2020-04-27",,,"90","H,,S",,,"75",",,S"
"IN005150100","RAJKOT, IN","22.3","70.783","138.0","2020-04-28",,,"91","H,,S",,,"77",",,S"
"IN005150100","RAJKOT, IN","22.3","70.783","138.0","2020-04-29",,,"92","H,,S",,,"77",",,S"
"IN005150100","RAJKOT, IN","22.3","70.783","138.0","2020-04-30",,,"93","H,,S",,,"79",",,S"
"IN005150100","RAJKOT, IN","22.3","70.783","138.0","2020-05-01",,,"92","H,,S",,,"78",",,S"
"IN005150100","RAJKOT, IN","22.3","70.783","138.0","2020-05-02",,,"91","H,,S",,,"77",",,S"
"IN005150100","RAJKOT, IN","22.3","70.783","138.0","2020-05-03",,,"91","H,,S",,,"76",",,S"
"IN005150100","RAJKOT, IN","22.3","70.783","138.0","2020-05-04",,,"91","H,,S",,,"78",",,S"
"IN005150100","RAJKOT, IN","22.3","70.783","138.0","2020-05-05",,,"93","H,,S","109",",,S","78",",,S"
"IN005150100","RAJKOT, IN","22.3","70.783","138.0","2020-05-06",,,"93","H,,S",,,"78",",,S"
"IN005150100","RAJKOT, IN","22.3","70.783","138.0","2020-05-07",,,"92","H,,S",,,"78",",,S"
"IN005150100","RAJKOT, IN","22.3","70.783","138.0","2020-05-08",,,"93","H,,S",,,"77",",,S"
"IN005150100","RAJKOT, IN","22.3","70.783","138.0","2020-05-09",,,"92","H,,S",,,"76",",,S"
"IN005150100","RAJKOT, IN","22.3","70.783","138.0","2020-05-10",,,"92","H,,S",,,"78",",,S"
"IN005150100","RAJKOT, IN","22.3","70.783","138.0","2020-05-11",,,"91","H,,S",,,"73",",,S"
"IN005150100","RAJKOT, IN","22.3","70.783","138.0","2020-05-12",,,"90","H,,S",,,"78",",,S"
"IN005150100","RAJKOT, IN","22.3","70.783","138.0","2020-05-13",,,"91","H,,S",,,"78",",,S"
"IN005150100","RAJKOT, IN","22.3","70.783","138.0","2020-05-14",,,"91","H,,S",,,"77",",,S"
"IN005150100","RAJKOT, IN","22.3","70.783","138.0","2020-05-15",,,"91","H,,S",,,"79",",,S"
"IN005150100","RAJKOT, IN","22.3","70.783","138.0","2020-05-16",,,"91","H,,S",,,"78",",,S"
"IN005150100","RAJKOT, IN","22.3","70.783","138.0","2020-05-17",,,"90","H,,S",,,"79",",,S"
"IN005150100","RAJKOT, IN","22.3","70.783","138.0","2020-05-18",,,"90","H,,S",,,"78",",,S"
"IN005150100","RAJKOT, IN","22.3","70.783","138.0","2020-05-19",,,"92","H,,S",,,"77",",,S"
"IN005150100","RAJKOT, IN","22.3","70.783","138.0","2020-05-20",,,"94","H,,S",,,"77",",,S"
"IN005150100","RAJKOT, IN","22.3","70.783","138.0","2020-05-21",,,"94","H,,S",,,"80",",,S"
"IN005150100","RAJKOT, IN","22.3","70.783","138.0","2020-05-22",,,"93","H,,S",,,"79",",,S"
"IN005150100","RAJKOT, IN","22.3","70.783","138.0","2020-05-23",,,"91","H,,S",,,"78",",,S"
"IN005150100","RAJKOT, IN","22.3","70.783","138.0","2020-05-24",,,"91","H,,S",,,"78",",,S"
"IN005150100","RAJKOT, IN","22.3","70.783","138.0","2020-05-25",,,"91","H,,S",,,"78",",,S"
"IN005150100","RAJKOT, IN","22.3","70.783","138.0","2020-05-26",,,"92","H,,S",,,"78",",,S"
"IN005150100","RAJKOT, IN","22.3","70.783","138.0","2020-05-27",,,"93","H,,S",,,"80",",,S"
"IN005150100","RAJKOT, IN","22.3","70.783","138.0","2020-05-28",,,"92","H,,S",,,"81",",,S"
"IN005150100","RAJKOT, IN","22.3","70.783","138.0","2020-05-29",,,"92","H,,S",,,"81",",,S"
"IN005150100","RAJKOT, IN","22.3","70.783","138.0","2020-05-30",,,"92","H,,S",,,"82",",,S"
"IN005150100","RAJKOT, IN","22.3","70.783","138.0","2020-05-31",,,"91","H,,S",,,"82",",,S"
"IN005150100","RAJKOT, IN","22.3","70.783","138.0","2020-06-01",,,"92","H,,S",,,"81",",,S"
"IN005150100","RAJKOT, IN","22.3","70.783","138.0","2020-06-02",,,"90","H,,S",,,"81",",,S"
"IN005150100","RAJKOT, IN","22.3","70.783","138.0","2020-06-03",,,"92","H,,S",,,"81",",,S"
"IN005150100","RAJKOT, IN","22.3","70.783","138.0","2020-06-04",,,"88","H,,S",,,,
"IN005150100","RAJKOT, IN","22.3","70.783","138.0","2020-06-05","0.08",",,S","87","H,,S",,,"72",",,S"
"IN005150100","RAJKOT, IN","22.3","70.783","138.0","2020-06-06","0.28",",,S","89","H,,S",,,"71",",,S"
"IN005150100","RAJKOT, IN","22.3","70.783","138.0","2020-06-07","0.12",",,S","84","H,,S",,,"77",",,S"
"IN005150100","RAJKOT, IN","22.3","70.783","138.0","2020-06-08","0.00",",,S","81","H,,S",,,"78",",,S"
"IN005150100","RAJKOT, IN","22.3","70.783","138.0","2020-06-09","0.28",",,S","88","H,,S",,,"76",",,S"
"IN005150100","RAJKOT, IN","22.3","70.783","138.0","2020-06-10","0.00",",,S","88","H,,S",,,"80",",,S"
"IN005150100","RAJKOT, IN","22.3","70.783","138.0","2020-06-11",,,"88","H,,S",,,"76",",,S"
"IN005150100","RAJKOT, IN","22.3","70.783","138.0","2020-06-12",,,"90","H,,S",,,"81",",,S"
"IN005150100","RAJKOT, IN","22.3","70.783","138.0","2020-06-13","0.04",",,S","88","H,,S",,,"78",",,S"
"IN005150100","RAJKOT, IN","22.3","70.783","138.0","2020-06-14","0.00",",,S","86","H,,S",,,,
"IN005150100","RAJKOT, IN","22.3","70.783","138.0","2020-06-15","0.63",",,S","87","H,,S",,,"77",",,S"
"IN005150100","RAJKOT, IN","22.3","70.783","138.0","2020-06-16","0.00",",,S","90","H,,S",,,"80",",,S"
"IN005150100","RAJKOT, IN","22.3","70.783","138.0","2020-06-17",,,"90","H,,S",,,"81",",,S"
"IN005150100","RAJKOT, IN","22.3","70.783","138.0","2020-06-18",,,"91","H,,S",,,"80",",,S"
"IN005150100","RAJKOT, IN","22.3","70.783","138.0","2020-06-19",,,"91","H,,S",,,"81",",,S"
"IN005150100","RAJKOT, IN","22.3","70.783","138.0","2020-06-20",,,"91","H,,S",,,"81",",,S"
"IN005150100","RAJKOT, IN","22.3","70.783","138.0","2020-06-21",,,"86","H,,S",,,"78",",,S"
"IN005150100","RAJKOT, IN","22.3","70.783","138.0","2020-06-22",,,"86","H,,S",,,"78",",,S"
"IN005150100","RAJKOT, IN","22.3","70.783","138.0","2020-06-23",,,"89","H,,S",,,"79",",,S"
"IN005150100","RAJKOT, IN","22.3","70.783","138.0","2020-06-24",,,"89","H,,S",,,"80",",,S"
"IN005150100","RAJKOT, IN","22.3","70.783","138.0","2020-06-25",,,"90","H,,S",,,"80",",,S"
"IN005150100","RAJKOT, IN","22.3","70.783","138.0","2020-06-26",,,"91","H,,S",,,"81",",,S"
"IN005150100","RAJKOT, IN","22.3","70.783","138.0","2020-06-27",,,"91","H,,S",,,"81",",,S"
"IN005150100","RAJKOT, IN","22.3","70.783","138.0","2020-06-28",,,"91","H,,S",,,"81",",,S"
"IN005150100","RAJKOT, IN","22.3","70.783","138.0","2020-06-29",,,"89","H,,S",,,"82",",,S"
"IN005150100","RAJKOT, IN","22.3","70.783","138.0","2020-06-30",,,"83","H,,S",,,,
"IN005150100","RAJKOT, IN","22.3","70.783","138.0","2020-07-01",,,"88","H,,S",,,"79",",,S"
"IN005150100","RAJKOT, IN","22.3","70.783","138.0","2020-07-02",,,"90","H,,S",,,"80",",,S"
"IN005150100","RAJKOT, IN","22.3","70.783","138.0","2020-07-03",,,"90","H,,S",,,"81",",,S"
"IN005150100","RAJKOT, IN","22.3","70.783","138.0","2020-07-04","0.02",",,S","87","H,,S",,,,
"IN005150100","RAJKOT, IN","22.3","70.783","138.0","2020-07-05","0.71",",,S","80","H,,S",,,"76",",,S"
"IN005150100","RAJKOT, IN","22.3","70.783","138.0","2020-07-06","2.76",",,S","79","H,,S",,,"75",",,S"
"IN005150100","RAJKOT, IN","22.3","70.783","138.0","2020-07-07","8.62",",,S","80","H,,S",,,,
"IN005150100","RAJKOT, IN","22.3","70.783","138.0","2020-07-08","0.43",",,S","83","H,,S",,,"75",",,S"
"IN005150100","RAJKOT, IN","22.3","70.783","138.0","2020-07-09","0.00",",,S","84","H,,S",,,"78",",,S"
"IN005150100","RAJKOT, IN","22.3","70.783","138.0","2020-07-10","0.02",",,S","82","H,,S",,,,
"IN005150100","RAJKOT, IN","22.3","70.783","138.0","2020-07-11","1.34",",,S","83","H,,S",,,"75",",,S"
"IN005150100","RAJKOT, IN","22.3","70.783","138.0","2020-07-12","0.35",",,S","82","H,,S",,,"75",",,S"
"IN005150100","RAJKOT, IN","22.3","70.783","138.0","2020-07-13","0.35",",,S","85","H,,S",,,"78",",,S"
"IN005150100","RAJKOT, IN","22.3","70.783","138.0","2020-07-14","0.00",",,S","85","H,,S",,,"78",",,S"
"IN005150100","RAJKOT, IN","22.3","70.783","138.0","2020-07-15",,,"84","H,,S",,,"79",",,S"
"IN005150100","RAJKOT, IN","22.3","70.783","138.0","2020-07-16",,,"84","H,,S",,,"76",",,S"
"IN005150100","RAJKOT, IN","22.3","70.783","138.0","2020-07-17","0.08",",,S","86","H,,S",,,"78",",,S"
"IN005150100","RAJKOT, IN","22.3","70.783","138.0","2020-07-18","0.12",",,S","85","H,,S",,,"78",",,S"
"IN005150100","RAJKOT, IN","22.3","70.783","138.0","2020-07-19","0.00",",,S","85","H,,S",,,"79",",,S"
"IN005150100","RAJKOT, IN","22.3","70.783","138.0","2020-07-20","0.28",",,S","86","H,,S",,,"78",",,S"
"IN005150100","RAJKOT, IN","22.3","70.783","138.0","2020-07-21","0.00",",,S","86","H,,S",,,"78",",,S"
"IN005150100","RAJKOT, IN","22.3","70.783","138.0","2020-07-22",,,"86","H,,S",,,"79",",,S"
"IN005150100","RAJKOT, IN","22.3","70.783","138.0","2020-07-23",,,"88","H,,S",,,"78",",,S"
"IN005150100","RAJKOT, IN","22.3","70.783","138.0","2020-07-24",,,"86","H,,S",,,"80",",,S"
"IN005150100","RAJKOT, IN","22.3","70.783","138.0","2020-07-25",,,"86","H,,S",,,"78",",,S"
"IN005150100","RAJKOT, IN","22.3","70.783","138.0","2020-07-26",,,"85","H,,S",,,"77",",,S"
"IN005150100","RAJKOT, IN","22.3","70.783","138.0","2020-07-27",,,"85","H,,S",,,"77",",,S"
"IN005150100","RAJKOT, IN","22.3","70.783","138.0","2020-07-28",,,"85","H,,S",,,"77",",,S"
"IN005150100","RAJKOT, IN","22.3","70.783","138.0","2020-07-29",,,"87","H,,S",,,"78",",,S"
"IN005150100","RAJKOT, IN","22.3","70.783","138.0","2020-07-30",,,"85","H,,S",,,"79",",,S"
"IN005150100","RAJKOT, IN","22.3","70.783","138.0","2020-07-31",,,"85","H,,S",,,"77",",,S"
"IN005150100","RAJKOT, IN","22.3","70.783","138.0","2020-08-01",,,"88","H,,S",,,"73",",,S"
"IN005150100","RAJKOT, IN","22.3","70.783","138.0","2020-08-02",,,"89","H,,S",,,"79",",,S"
"IN005150100","RAJKOT, IN","22.3","70.783","138.0","2020-08-03",,,"89","H,,S",,,"79",",,S"
"IN005150100","RAJKOT, IN","22.3","70.783","138.0","2020-08-04",,,"84","H,,S",,,,
"IN005150100","RAJKOT, IN","22.3","70.783","138.0","2020-08-05",,,"83","H,,S",,,,
"IN005150100","RAJKOT, IN","22.3","70.783","138.0","2020-08-06",,,"82","H,,S",,,"74",",,S"
"IN005150100","RAJKOT, IN","22.3","70.783","138.0","2020-08-07",,,"83","H,,S",,,"76",",,S"
"IN005150100","RAJKOT, IN","22.3","70.783","138.0","2020-08-08",,,"82","H,,S",,,"77",",,S"
"IN005150100","RAJKOT, IN","22.3","70.783","138.0","2020-08-09",,,"85","H,,S",,,"77",",,S"
"IN005150100","RAJKOT, IN","22.3","70.783","138.0","2020-08-10","0.00",",,S","84","H,,S",,,"77",",,S"
"IN005150100","RAJKOT, IN","22.3","70.783","138.0","2020-08-11",,,"82","H,,S",,,"77",",,S"
"IN005150100","RAJKOT, IN","22.3","70.783","138.0","2020-08-12","0.67",",,S","80","H,,S",,,"76",",,S"
"IN005150100","RAJKOT, IN","22.3","70.783","138.0","2020-08-13","0.55",",,S","78","H,,S",,,"75",",,S"
"IN005150100","RAJKOT, IN","22.3","70.783","138.0","2020-08-14","1.81",",,S","80","H,,S",,,"74",",,S"
"IN005150100","RAJKOT, IN","22.3","70.783","138.0","2020-08-15","0.12",",,S","83","H,,S",,,"76",",,S"
"IN005150100","RAJKOT, IN","22.3","70.783","138.0","2020-08-16","0.04",",,S","80","H,,S",,,"76",",,S"
"IN005150100","RAJKOT, IN","22.3","70.783","138.0","2020-08-17","0.43",",,S","81","H,,S",,,"76",",,S"
"IN005150100","RAJKOT, IN","22.3","70.783","138.0","2020-08-18","0.20",",,S","78","H,,S",,,"76",",,S"
"IN005150100","RAJKOT, IN","22.3","70.783","138.0","2020-08-19","1.61",",,S","82","H,,S",,,"75",",,S"
"IN005150100","RAJKOT, IN","22.3","70.783","138.0","2020-08-20","0.02",",,S","82","H,,S",,,"76",",,S"
"IN005150100","RAJKOT, IN","22.3","70.783","138.0","2020-08-21","0.20",",,S","81","H,,S",,,"77",",,S"
"IN005150100","RAJKOT, IN","22.3","70.783","138.0","2020-08-22","0.75",",,S","83","H,,S",,,"74",",,S"
"IN005150100","RAJKOT, IN","22.3","70.783","138.0","2020-08-23","0.08",",,S","79","H,,S",,,"76",",,S"
"IN005150100","RAJKOT, IN","22.3","70.783","138.0","2020-08-24","4.65",",,S","77","H,,S",,,"74",",,S"
"IN005150100","RAJKOT, IN","22.3","70.783","138.0","2020-08-25","0.98",",,S","81","H,,S",,,"75",",,S"
"IN005150100","RAJKOT, IN","22.3","70.783","138.0","2020-08-26","0.08",",,S","80","H,,S",,,"75",",,S"
"IN005150100","RAJKOT, IN","22.3","70.783","138.0","2020-08-27","0.16",",,S","82","H,,S",,,"75",",,S"
"IN005150100","RAJKOT, IN","22.3","70.783","138.0","2020-08-28","0.12",",,S","81","H,,S",,,"75",",,S"
"IN005150100","RAJKOT, IN","22.3","70.783","138.0","2020-08-29","0.28",",,S","82","H,,S",,,"76",",,S"
"IN005150100","RAJKOT, IN","22.3","70.783","138.0","2020-08-30","0.59",",,S","77","H,,S",,,"74",",,S"
"IN005150100","RAJKOT, IN","22.3","70.783","138.0","2020-08-31","7.48",",,S","81","H,,S",,,"69",",,S"
"IN005150100","RAJKOT, IN","22.3","70.783","138.0","2020-09-01","0.02",",,S","83","H,,S",,,"74",",,S"
"IN005150100","RAJKOT, IN","22.3","70.783","138.0","2020-09-02","0.00",",,S","83","H,,S",,,"75",",,S"
"IN005150100","RAJKOT, IN","22.3","70.783","138.0","2020-09-03",,,"86","H,,S",,,"75",",,S"
"IN005150100","RAJKOT, IN","22.3","70.783","138.0","2020-09-04",,,"87","H,,S",,,"78",",,S"
"IN005150100","RAJKOT, IN","22.3","70.783","138.0","2020-09-05",,,"89","H,,S",,,"78",",,S"
"IN005150100","RAJKOT, IN","22.3","70.783","138.0","2020-09-06",,,"86","H,,S",,,"77",",,S"
"IN005150100","RAJKOT, IN","22.3","70.783","138.0","2020-09-07",,,"87","H,,S",,,"77",",,S"
"IN005150100","RAJKOT, IN","22.3","70.783","138.0","2020-09-08",,,"87","H,,S",,,"77",",,S"
"IN005150100","RAJKOT, IN","22.3","70.783","138.0","2020-09-09",,,"85","H,,S",,,"76",",,S"
"IN005150100","RAJKOT, IN","22.3","70.783","138.0","2020-09-10",,,"86","H,,S",,,"76",",,S"
"IN005150100","RAJKOT, IN","22.3","70.783","138.0","2020-09-11",,,"83","H,,S",,,"78",",,S"
"IN005150100","RAJKOT, IN","22.3","70.783","138.0","2020-09-12","0.31",",,S","84","H,,S",,,"75",",,S"
"IN005150100","RAJKOT, IN","22.3","70.783","138.0","2020-09-13","0.16",",,S","83","H,,S",,,"77",",,S"
"IN005150100","RAJKOT, IN","22.3","70.783","138.0","2020-09-14","0.03",",,S","83","H,,S",,,"76",",,S"
"IN005150100","RAJKOT, IN","22.3","70.783","138.0","2020-09-15","0.03",",,S","83","H,,S",,,"76",",,S"
"IN005150100","RAJKOT, IN","22.3","70.783","138.0","2020-09-16","0.28",",,S","83","H,,S",,,"76",",,S"
"IN005150100","RAJKOT, IN","22.3","70.783","138.0","2020-09-17","0.00",",,S","86","H,,S",,,"77",",,S"
"IN005150100","RAJKOT, IN","22.3","70.783","138.0","2020-09-18",,,"85","H,,S",,,"76",",,S"
"IN005150100","RAJKOT, IN","22.3","70.783","138.0","2020-09-19",,,"86","H,,S",,,"78",",,S"
"IN005150100","RAJKOT, IN","22.3","70.783","138.0","2020-09-20","0.16",",,S","83","H,,S",,,,
"IN005150100","RAJKOT, IN","22.3","70.783","138.0","2020-09-21","0.63",",,S","82","H,,S",,,"72",",,S"
"IN005150100","RAJKOT, IN","22.3","70.783","138.0","2020-09-22","0.01",",,S","86","H,,S",,,"78",",,S"
"IN005150100","RAJKOT, IN","22.3","70.783","138.0","2020-09-23","0.00",",,S","85","H,,S",,,"79",",,S"
"IN005150100","RAJKOT, IN","22.3","70.783","138.0","2020-09-24",,,"85","H,,S",,,"78",",,S"
"IN005150100","RAJKOT, IN","22.3","70.783","138.0","2020-09-25",,,"84","H,,S",,,"78",",,S"
"IN005150100","RAJKOT, IN","22.3","70.783","138.0","2020-09-26",,,"86","H,,S",,,"76",",,S"
"IN005150100","RAJKOT, IN","22.3","70.783","138.0","2020-09-27",,,"85","H,,S",,,"75",",,S"
"IN005150100","RAJKOT, IN","22.3","70.783","138.0","2020-09-28",,,"84","H,,S",,,"75",",,S"
"IN005150100","RAJKOT, IN","22.3","70.783","138.0","2020-09-29",,,"85","H,,S",,,"75",",,S"
"IN005150100","RAJKOT, IN","22.3","70.783","138.0","2020-09-30",,,"83","H,,S",,,"75",",,S"
"IN005150100","RAJKOT, IN","22.3","70.783","138.0","2020-10-01",,,"84","H,,S",,,"74",",,S"
"IN005150100","RAJKOT, IN","22.3","70.783","138.0","2020-10-02",,,"84","H,,S",,,"75",",,S"
"IN005150100","RAJKOT, IN","22.3","70.783","138.0","2020-10-03",,,"85","H,,S",,,"75",",,S"
"IN005150100","RAJKOT, IN","22.3","70.783","138.0","2020-10-04",,,"85","H,,S",,,"75",",,S"
"IN005150100","RAJKOT, IN","22.3","70.783","138.0","2020-10-05",,,"84","H,,S",,,"75",",,S"
"IN005150100","RAJKOT, IN","22.3","70.783","138.0","2020-10-06",,,"87","H,,S",,,"74",",,S"
"IN005150100","RAJKOT, IN","22.3","70.783","138.0","2020-10-07",,,"85","H,,S",,,"74",",,S"
"IN005150100","RAJKOT, IN","22.3","70.783","138.0","2020-10-08",,,"87","H,,S",,,"74",",,S"
"IN005150100","RAJKOT, IN","22.3","70.783","138.0","2020-10-09",,,"89","H,,S",,,"74",",,S"
"IN005150100","RAJKOT, IN","22.3","70.783","138.0","2020-10-10",,,"89","H,,S",,,"76",",,S"
"IN005150100","RAJKOT, IN","22.3","70.783","138.0","2020-10-11",,,"86","H,,S",,,"76",",,S"
"IN005150100","RAJKOT, IN","22.3","70.783","138.0","2020-10-12",,,"86","H,,S",,,,
"IN005150100","RAJKOT, IN","22.3","70.783","138.0","2020-10-13",,,"90","H,,S",,,"76",",,S"
"IN005150100","RAJKOT, IN","22.3","70.783","138.0","2020-10-14",,,"86","H,,S",,,"76",",,S"
"IN005150100","RAJKOT, IN","22.3","70.783","138.0","2020-10-15",,,"90","H,,S",,,"74",",,S"
"IN005150100","RAJKOT, IN","22.3","70.783","138.0","2020-10-16",,,"89","H,,S",,,"77",",,S"
"IN005150100","RAJKOT, IN","22.3","70.783","138.0","2020-10-17",,,"89","H,,S",,,"80",",,S"
"IN005150100","RAJKOT, IN","22.3","70.783","138.0","2020-10-18",,,"83","H,,S",,,,
"IN005150100","RAJKOT, IN","22.3","70.783","138.0","2020-10-19",,,"83","H,,S",,,"71",",,S"
"IN005150100","RAJKOT, IN","22.3","70.783","138.0","2020-10-20",,,"87","H,,S",,,"78",",,S"
"IN005150100","RAJKOT, IN","22.3","70.783","138.0","2020-10-21",,,"85","H,,S","95",",,S","78",",,S"
"IN005150100","RAJKOT, IN","22.3","70.783","138.0","2020-10-22",,,"85","H,,S",,,"75",",,S"
"IN005150100","RAJKOT, IN","22.3","70.783","138.0","2020-10-23",,,"82","H,,S",,,"73",",,S"
"IN005150100","RAJKOT, IN","22.3","70.783","138.0","2020-10-24",,,"83","H,,S",,,"70",",,S"
"IN005150100","RAJKOT, IN","22.3","70.783","138.0","2020-10-25",,,"82","H,,S",,,"71",",,S"
"IN005150100","RAJKOT, IN","22.3","70.783","138.0","2020-10-26",,,"82","H,,S",,,"72",",,S"
"IN005150100","RAJKOT, IN","22.3","70.783","138.0","2020-10-27",,,"83","H,,S",,,"66",",,S"
"IN005150100","RAJKOT, IN","22.3","70.783","138.0","2020-10-28",,,"81","H,,S",,,"67",",,S"
"IN005150100","RAJKOT, IN","22.3","70.783","138.0","2020-10-29",,,"80","H,,S",,,"68",",,S"
"IN005150100","RAJKOT, IN","22.3","70.783","138.0","2020-10-30",,,"79","H,,S",,,"65",",,S"
"IN005150100","RAJKOT, IN","22.3","70.783","138.0","2020-10-31",,,"80","H,,S",,,"65",",,S"
"IN005150100","RAJKOT, IN","22.3","70.783","138.0","2020-11-01",,,"77","H,,S",,,"67",",,S"
"IN005150100","RAJKOT, IN","22.3","70.783","138.0","2020-11-02",,,"78","H,,S",,,"64",",,S"
"IN005150100","RAJKOT, IN","22.3","70.783","138.0","2020-11-03",,,"83","H,,S",,,"64",",,S"
"IN005150100","RAJKOT, IN","22.3","70.783","138.0","2020-11-04",,,"79","H,,S",,,"63",",,S"
"IN005150100","RAJKOT, IN","22.3","70.783","138.0","2020-11-05",,,"83","H,,S",,,"66",",,S"
"IN005150100","RAJKOT, IN","22.3","70.783","138.0","2020-11-06",,,"80","H,,S",,,"65",",,S"
"IN005150100","RAJKOT, IN","22.3","70.783","138.0","2020-11-07",,,"82","H,,S",,,"65",",,S"
"IN005150100","RAJKOT, IN","22.3","70.783","138.0","2020-11-08",,,"78","H,,S",,,"63",",,S"
"IN005150100","RAJKOT, IN","22.3","70.783","138.0","2020-11-09",,,"81","H,,S",,,"65",",,S"
"IN005150100","RAJKOT, IN","22.3","70.783","138.0","2020-11-10",,,"78","H,,S",,,"64",",,S"
"IN005150100","RAJKOT, IN","22.3","70.783","138.0","2020-11-11",,,"81","H,,S",,,"63",",,S"
"IN005150100","RAJKOT, IN","22.3","70.783","138.0","2020-11-12",,,"74","H,,S",,,"60",",,S"
"IN005150100","RAJKOT, IN","22.3","70.783","138.0","2020-11-13",,,"75","H,,S",,,"60",",,S"
"IN005150100","RAJKOT, IN","22.3","70.783","138.0","2020-11-14",,,"80","H,,S",,,"63",",,S"
"IN005150100","RAJKOT, IN","22.3","70.783","138.0","2020-11-15",,,"77","H,,S",,,"68",",,S"
"IN005150100","RAJKOT, IN","22.3","70.783","138.0","2020-11-16",,,"76","H,,S",,,"62",",,S"
"IN005150100","RAJKOT, IN","22.3","70.783","138.0","2020-11-17",,,"75","H,,S",,,"59",",,S"
"IN005150100","RAJKOT, IN","22.3","70.783","138.0","2020-11-18",,,"72","H,,S","87",",,S","57",",,S"
"IN005150100","RAJKOT, IN","22.3","70.783","138.0","2020-11-19",,,"69","H,,S",,,"56",",,S"
"IN005150100","RAJKOT, IN","22.3","70.783","138.0","2020-11-20",,,"68","H,,S",,,"55",",,S"
"IN005150100","RAJKOT, IN","22.3","70.783","138.0","2020-11-21",,,"71","H,,S",,,"52",",,S"
"IN005150100","RAJKOT, IN","22.3","70.783","138.0","2020-11-22",,,"72","H,,S",,,"59",",,S"
"IN005150100","RAJKOT, IN","22.3","70.783","138.0","2020-11-23",,,"72","H,,S",,,"54",",,S"
"IN005150100","RAJKOT, IN","22.3","70.783","138.0","2020-11-24",,,"71","H,,S",,,"56",",,S"
"IN005150100","RAJKOT, IN","22.3","70.783","138.0","2020-11-25",,,"71","H,,S",,,"57",",,S"
"IN005150100","RAJKOT, IN","22.3","70.783","138.0","2020-11-26",,,"73","H,,S",,,"58",",,S"
"IN005150100","RAJKOT, IN","22.3","70.783","138.0","2020-11-27",,,"73","H,,S",,,"58",",,S"
"IN005150100","RAJKOT, IN","22.3","70.783","138.0","2020-11-28",,,"71","H,,S",,,"57",",,S"
"IN005150100","RAJKOT, IN","22.3","70.783","138.0","2020-11-29",,,"76","H,,S",,,"60",",,S"
"IN005150100","RAJKOT, IN","22.3","70.783","138.0","2020-11-30",,,"80","H,,S",,,"65",",,S"
"IN005150100","RAJKOT, IN","22.3","70.783","138.0","2020-12-01",,,"80","H,,S",,,"66",",,S"
"IN005150100","RAJKOT, IN","22.3","70.783","138.0","2020-12-02",,,"79","H,,S",,,"61",",,S"
"IN005150100","RAJKOT, IN","22.3","70.783","138.0","2020-12-03",,,"77","H,,S",,,"60",",,S"
"IN005150100","RAJKOT, IN","22.3","70.783","138.0","2020-12-04",,,"75","H,,S",,,"60",",,S"
"IN005150100","RAJKOT, IN","22.3","70.783","138.0","2020-12-05",,,"77","H,,S",,,"62",",,S"
"IN005150100","RAJKOT, IN","22.3","70.783","138.0","2020-12-06",,,"78","H,,S",,,"62",",,S"
"IN005150100","RAJKOT, IN","22.3","70.783","138.0","2020-12-07",,,"77","H,,S",,,"62",",,S"
"IN005150100","RAJKOT, IN","22.3","70.783","138.0","2020-12-08",,,"78","H,,S",,,"63",",,S"
"IN005150100","RAJKOT, IN","22.3","70.783","138.0","2020-12-09",,,"76","H,,S",,,"62",",,S"
"IN005150100","RAJKOT, IN","22.3","70.783","138.0","2020-12-10",,,"78","H,,S",,,"63",",,S"
"IN005150100","RAJKOT, IN","22.3","70.783","138.0","2020-12-11","0.04",",,S","75","H,,S",,,,
"IN005150100","RAJKOT, IN","22.3","70.783","138.0","2020-12-12","0.00",",,S","72","H,,S",,,,
"IN005150100","RAJKOT, IN","22.3","70.783","138.0","2020-12-13",,,"68","H,,S",,,"59",",,S"
"IN005150100","RAJKOT, IN","22.3","70.783","138.0","2020-12-14",,,"65","H,,S",,,"53",",,S"
"IN005150100","RAJKOT, IN","22.3","70.783","138.0","2020-12-15",,,"69","H,,S",,,"56",",,S"
"IN005150100","RAJKOT, IN","22.3","70.783","138.0","2020-12-16",,,"64","H,,S",,,"51",",,S"
"IN005150100","RAJKOT, IN","22.3","70.783","138.0","2020-12-17",,,"63","H,,S",,,"53",",,S"
"IN005150100","RAJKOT, IN","22.3","70.783","138.0","2020-12-18",,,"69","H,,S",,,"50",",,S"
"IN005150100","RAJKOT, IN","22.3","70.783","138.0","2020-12-19",,,"69","H,,S",,,"51",",,S"
"IN005150100","RAJKOT, IN","22.3","70.783","138.0","2020-12-20",,,"69","H,,S",,,"53",",,S"
"IN005150100","RAJKOT, IN","22.3","70.783","138.0","2020-12-21",,,"69","H,,S",,,"52",",,S"
"IN005150100","RAJKOT, IN","22.3","70.783","138.0","2020-12-22",,,"70","H,,S",,,"52",",,S"
"IN005150100","RAJKOT, IN","22.3","70.783","138.0","2020-12-23",,,"70","H,,S",,,"52",",,S"
"IN005150100","RAJKOT, IN","22.3","70.783","138.0","2020-12-24",,,"69","H,,S",,,"54",",,S"
"IN005150100","RAJKOT, IN","22.3","70.783","138.0","2020-12-25",,,"70","H,,S",,,"56",",,S"
"IN005150100","RAJKOT, IN","22.3","70.783","138.0","2020-12-26",,,"70","H,,S",,,"60",",,S"
"IN005150100","RAJKOT, IN","22.3","70.783","138.0","2020-12-27",,,"65","H,,S",,,,
"IN005150100","RAJKOT, IN","22.3","70.783","138.0","2020-12-28",,,"62","H,,S",,,"47",",,S"
"IN005150100","RAJKOT, IN","22.3","70.783","138.0","2020-12-29",,,"60","H,,S",,,"47",",,S"
"IN005150100","RAJKOT, IN","22.3","70.783","138.0","2020-12-30",,,"60","H,,S",,,"49",",,S"
"IN005150100","RAJKOT, IN","22.3","70.783","138.0","2020-12-31",,,"62","H,,S",,,"48",",,S"
"IN005150100","RAJKOT, IN","22.3","70.783","138.0","2021-01-01",,,"63","H,,S",,,"50",",,S"
"IN005150100","RAJKOT, IN","22.3","70.783","138.0","2021-01-02",,,"61","H,,S",,,"49",",,S"
"IN005150100","RAJKOT, IN","22.3","70.783","138.0","2021-01-03",,,"59","H,,S",,,"48",",,S"
"IN005150100","RAJKOT, IN","22.3","70.783","138.0","2021-01-04",,,"63","H,,S",,,"49",",,S"
"IN005150100","RAJKOT, IN","22.3","70.783","138.0","2021-01-05",,,"61","H,,S",,,"51",",,S"
"IN005150100","RAJKOT, IN","22.3","70.783","138.0","2021-01-06",,,"64","H,,S",,,"51",",,S"
"IN005150100","RAJKOT, IN","22.3","70.783","138.0","2021-01-07",,,"65","H,,S",,,"49",",,S"
"IN005150100","RAJKOT, IN","22.3","70.783","138.0","2021-01-08",,,"61","H,,S","80",",,S","50",",,S"
"IN005150100","RAJKOT, IN","22.3","70.783","138.0","2021-01-09",,,"64","H,,S",,,"50",",,S"
"IN005150100","RAJKOT, IN","22.3","70.783","138.0","2021-01-10",,,"66","H,,S",,,"54",",,S"
"IN005150100","RAJKOT, IN","22.3","70.783","138.0","2021-01-11",,,"69","H,,S",,,"56",",,S"
"IN005150100","RAJKOT, IN","22.3","70.783","138.0","2021-01-12",,,"71","H,,S",,,"55",",,S"
"IN005150100","RAJKOT, IN","22.3","70.783","138.0","2021-01-13",,,"70","H,,S",,,,
"IN005150100","RAJKOT, IN","22.3","70.783","138.0","2021-01-14",,,"71","H,,S",,,"55",",,S"
"IN005150100","RAJKOT, IN","22.3","70.783","138.0","2021-01-15",,,"70","H,,S",,,"55",",,S"
"IN005150100","RAJKOT, IN","22.3","70.783","138.0","2021-01-16",,,"72","H,,S",,,"56",",,S"
"IN005150100","RAJKOT, IN","22.3","70.783","138.0","2021-01-17",,,"72","H,,S",,,"57",",,S"
"IN005150100","RAJKOT, IN","22.3","70.783","138.0","2021-01-18",,,"69","H,,S",,,"59",",,S"
"IN005150100","RAJKOT, IN","22.3","70.783","138.0","2021-01-19",,,"69","H,,S",,,"55",",,S"
"IN005150100","RAJKOT, IN","22.3","70.783","138.0","2021-01-20",,,"67","H,,S",,,"54",",,S"
"IN005150100","RAJKOT, IN","22.3","70.783","138.0","2021-01-21",,,"70","H,,S","87",",,S","54",",,S"
"IN005150100","RAJKOT, IN","22.3","70.783","138.0","2021-01-22",,,"71","H,,S",,,,
"IN005150100","RAJKOT, IN","22.3","70.783","138.0","2021-01-23",,,"70","H,,S",,,"58",",,S"
"IN005150100","RAJKOT, IN","22.3","70.783","138.0","2021-01-24",,,"67","H,,S",,,"54",",,S"
"IN005150100","RAJKOT, IN","22.3","70.783","138.0","2021-01-25",,,"66","H,,S",,,"51",",,S"
"IN005150100","RAJKOT, IN","22.3","70.783","138.0","2021-01-26",,,"66","H,,S",,,"49",",,S"
"IN005150100","RAJKOT, IN","22.3","70.783","138.0","2021-01-27",,,"66","H,,S",,,"50",",,S"
"IN005150100","RAJKOT, IN","22.3","70.783","138.0","2021-01-28",,,"67","H,,S",,,"49",",,S"
"IN005150100","RAJKOT, IN","22.3","70.783","138.0","2021-01-29",,,"66","H,,S",,,"52",",,S"
"IN005150100","RAJKOT, IN","22.3","70.783","138.0","2021-01-30",,,"69","H,,S",,,"53",",,S"
"IN005150100","RAJKOT, IN","22.3","70.783","138.0","2021-01-31",,,"69","H,,S",,,"51",",,S"
"IN005150100","RAJKOT, IN","22.3","70.783","138.0","2021-02-01",,,"73","H,,S",,,"53",",,S"
"IN005150100","RAJKOT, IN","22.3","70.783","138.0","2021-02-02",,,"75","H,,S",,,"59",",,S"
"IN005150100","RAJKOT, IN","22.3","70.783","138.0","2021-02-03",,,"74","H,,S",,,"63",",,S"
"IN005150100","RAJKOT, IN","22.3","70.783","138.0","2021-02-04",,,"72","H,,S",,,"63",",,S"
"IN005150100","RAJKOT, IN","22.3","70.783","138.0","2021-02-05",,,"72","H,,S",,,"56",",,S"
"IN005150100","RAJKOT, IN","22.3","70.783","138.0","2021-02-06",,,"70","H,,S",,,"57",",,S"
"IN005150100","RAJKOT, IN","22.3","70.783","138.0","2021-02-07",,,"74","H,,S",,,"57",",,S"
"IN005150100","RAJKOT, IN","22.3","70.783","138.0","2021-02-08",,,"75","H,,S",,,"60",",,S"
"IN005150100","RAJKOT, IN","22.3","70.783","138.0","2021-02-09",,,"74","H,,S",,,"57",",,S"
"IN005150100","RAJKOT, IN","22.3","70.783","138.0","2021-02-10",,,"68","H,,S",,,"59",",,S"
"IN005150100","RAJKOT, IN","22.3","70.783","138.0","2021-02-13",,,"81","H,,S",,,,
"IN005150100","RAJKOT, IN","22.3","70.783","138.0","2021-02-14",,,"75","H,,S",,,"66",",,S"
"IN005150100","RAJKOT, IN","22.3","70.783","138.0","2021-02-15",,,"74","H,,S",,,"64",",,S"
"IN005150100","RAJKOT, IN","22.3","70.783","138.0","2021-02-16",,,"73","H,,S",,,"63",",,S"
"IN005150100","RAJKOT, IN","22.3","70.783","138.0","2021-02-17",,,"75","H,,S",,,"64",",,S"
"IN005150100","RAJKOT, IN","22.3","70.783","138.0","2021-02-18",,,"79","H,,S",,,"61",",,S"
"IN005150100","RAJKOT, IN","22.3","70.783","138.0","2021-02-19",,,"81","H,,S",,,"68",",,S"
"IN005150100","RAJKOT, IN","22.3","70.783","138.0","2021-02-21",,,"78","H,,S",,,"65",",,S"
"IN005150100","RAJKOT, IN","22.3","70.783","138.0","2021-02-22",,,"82","H,,S",,,"65",",,S"
"IN005150100","RAJKOT, IN","22.3","70.783","138.0","2021-02-23",,,"82","H,,S",,,"66",",,S"
"IN005150100","RAJKOT, IN","22.3","70.783","138.0","2021-02-24",,,"78","H,,S",,,"67",",,S"
"IN005150100","RAJKOT, IN","22.3","70.783","138.0","2021-02-25",,,"81","H,,S",,,"67",",,S"
"IN005150100","RAJKOT, IN","22.3","70.783","138.0","2021-02-26",,,"82","H,,S",,,"68",",,S"
"IN005150100","RAJKOT, IN","22.3","70.783","138.0","2021-02-27",,,"82","H,,S",,,"70",",,S"
"IN005150100","RAJKOT, IN","22.3","70.783","138.0","2021-02-28",,,"81","H,,S",,,"67",",,S"
"IN005150100","RAJKOT, IN","22.3","70.783","138.0","2021-03-01",,,"79","H,,S",,,,
"IN005150100","RAJKOT, IN","22.3","70.783","138.0","2021-03-02",,,"77","H,,S",,,"62",",,S"
"IN005150100","RAJKOT, IN","22.3","70.783","138.0","2021-03-03",,,"81","H,,S",,,"63",",,S"
"IN005150100","RAJKOT, IN","22.3","70.783","138.0","2021-03-04",,,"81","H,,S",,,"62",",,S"
"IN005150100","RAJKOT, IN","22.3","70.783","138.0","2021-03-05",,,"85","H,,S",,,"68",",,S"
"IN005150100","RAJKOT, IN","22.3","70.783","138.0","2021-03-06",,,"86","H,,S",,,"73",",,S"
"IN005150100","RAJKOT, IN","22.3","70.783","138.0","2021-03-07",,,"86","H,,S",,,"70",",,S"
"IN005150100","RAJKOT, IN","22.3","70.783","138.0","2021-03-08",,,"86","H,,S",,,"72",",,S"
"IN005150100","RAJKOT, IN","22.3","70.783","138.0","2021-03-09",,,"83","H,,S",,,"68",",,S"
"IN005150100","RAJKOT, IN","22.3","70.783","138.0","2021-03-10",,,"82","H,,S",,,"66",",,S"
"IN005150100","RAJKOT, IN","22.3","70.783","138.0","2021-03-11",,,"82","H,,S",,,"70",",,S"
"IN005150100","RAJKOT, IN","22.3","70.783","138.0","2021-03-12",,,"83","H,,S",,,"67",",,S"
"IN005150100","RAJKOT, IN","22.3","70.783","138.0","2021-03-13",,,"84","H,,S",,,"69",",,S"
"IN005150100","RAJKOT, IN","22.3","70.783","138.0","2021-03-14",,,"87","H,,S",,,"70",",,S"
"IN005150100","RAJKOT, IN","22.3","70.783","138.0","2021-03-15",,,"86","H,,S",,,"70",",,S"
"IN005150100","RAJKOT, IN","22.3","70.783","138.0","2021-03-16",,,"86","H,,S",,,"72",",,S"
"IN005150100","RAJKOT, IN","22.3","70.783","138.0","2021-03-17",,,"87","H,,S",,,"72",",,S"
"IN005150100","RAJKOT, IN","22.3","70.783","138.0","2021-03-18",,,"85","H,,S","100",",,S","72",",,S"
"IN005150100","RAJKOT, IN","22.3","70.783","138.0","2021-03-19",,,"80","H,,S",,,"70",",,S"
"IN005150100","RAJKOT, IN","22.3","70.783","138.0","2021-03-20",,,"87","H,,S",,,"73",",,S"
"IN005150100","RAJKOT, IN","22.3","70.783","138.0","2021-03-21",,,"88","H,,S",,,"72",",,S"
"IN005150100","RAJKOT, IN","22.3","70.783","138.0","2021-03-22",,,"88","H,,S",,,"73",",,S"
"IN005150100","RAJKOT, IN","22.3","70.783","138.0","2021-03-23",,,"87","H,,S",,,"73",",,S"
"IN005150100","RAJKOT, IN","22.3","70.783","138.0","2021-03-24",,,"88","H,,S",,,"72",",,S"
"IN005150100","RAJKOT, IN","22.3","70.783","138.0","2021-03-25",,,"85","H,,S",,,"69",",,S"
"IN005150100","RAJKOT, IN","22.3","70.783","138.0","2021-03-26",,,"89","H,,S",,,"69",",,S"
"IN005150100","RAJKOT, IN","22.3","70.783","138.0","2021-03-27",,,"92","H,,S",,,"72",",,S"
"IN005150100","RAJKOT, IN","22.3","70.783","138.0","2021-03-28",,,"93","H,,S",,,"74",",,S"
"IN005150100","RAJKOT, IN","22.3","70.783","138.0","2021-03-29",,,"89","H,,S",,,"71",",,S"
"IN005150100","RAJKOT, IN","22.3","70.783","138.0","2021-03-30",,,"89","H,,S",,,"73",",,S"
"IN005150100","RAJKOT, IN","22.3","70.783","138.0","2021-03-31",,,"90","H,,S",,,"75",",,S"
"IN005150100","RAJKOT, IN","22.3","70.783","138.0","2021-04-01",,,"90","H,,S",,,"73",",,S"
"IN005150100","RAJKOT, IN","22.3","70.783","138.0","2021-04-02",,,"93","H,,S",,,"75",",,S"
"IN005150100","RAJKOT, IN","22.3","70.783","138.0","2021-04-03",,,"93","H,,S",,,"73",",,S"
"IN005150100","RAJKOT, IN","22.3","70.783","138.0","2021-04-04",,,"92","H,,S",,,"76",",,S"
"IN005150100","RAJKOT, IN","22.3","70.783","138.0","2021-04-05",,,"91","H,,S",,,"76",",,S"
"IN005150100","RAJKOT, IN","22.3","70.783","138.0","2021-04-06",,,"91","H,,S",,,,
"IN005150100","RAJKOT, IN","22.3","70.783","138.0","2021-04-07",,,"89","H,,S",,,"72",",,S"
"IN005150100","RAJKOT, IN","22.3","70.783","138.0","2021-04-08",,,"93","H,,S",,,"75",",,S"
"IN005150100","RAJKOT, IN","22.3","70.783","138.0","2021-04-09",,,"91","H,,S",,,"75",",,S"
"IN005150100","RAJKOT, IN","22.3","70.783","138.0","2021-04-10",,,"92","H,,S",,,"67",",,S"
"IN005150100","RAJKOT, IN","22.3","70.783","138.0","2021-04-11",,,"92","H,,S",,,"75",",,S"
"IN005150100","RAJKOT, IN","22.3","70.783","138.0","2021-04-12",,,"91","H,,S",,,"73",",,S"
"IN005150100","RAJKOT, IN","22.3","70.783","138.0","2021-04-13",,,"92","H,,S",,,"71",",,S"
"IN005150100","RAJKOT, IN","22.3","70.783","138.0","2021-04-14",,,"89","H,,S",,,"74",",,S"
"IN005150100","RAJKOT, IN","22.3","70.783","138.0","2021-04-15",,,"89","H,,S",,,,
"IN005150100","RAJKOT, IN","22.3","70.783","138.0","2021-04-16",,,"90","H,,S",,,"75",",,S"
"IN005150100","RAJKOT, IN","22.3","70.783","138.0","2021-04-17",,,"89","H,,S",,,"76",",,S"
"IN005150100","RAJKOT, IN","22.3","70.783","138.0","2021-04-18",,,"93","H,,S",,,"77",",,S"
"IN005150100","RAJKOT, IN","22.3","70.783","138.0","2021-04-19",,,"92","H,,S",,,"76",",,S"
"IN005150100","RAJKOT, IN","22.3","70.783","138.0","2021-04-20",,,"89","H,,S",,,"75",",,S"
"IN005150100","RAJKOT, IN","22.3","70.783","138.0","2021-04-21",,,"89","H,,S",,,"76",",,S"
"IN005150100","RAJKOT, IN","22.3","70.783","138.0","2021-04-22",,,"92","H,,S",,,"76",",,S"
"IN005150100","RAJKOT, IN","22.3","70.783","138.0","2021-04-23",,,"93","H,,S",,,"77",",,S"
"IN005150100","RAJKOT, IN","22.3","70.783","138.0","2021-04-24",,,"90","H,,S",,,"78",",,S"
"IN005150100","RAJKOT, IN","22.3","70.783","138.0","2021-04-25",,,"93","H,,S",,,"80",",,S"
"IN005150100","RAJKOT, IN","22.3","70.783","138.0","2021-04-27",,,"93","H,,S",,,"79",",,S"
"IN005150100","RAJKOT, IN","22.3","70.783","138.0","2021-04-28",,,"93","H,,S",,,"79",",,S"
"IN005150100","RAJKOT, IN","22.3","70.783","138.0","2021-04-29","0.00",",,S","92","H,,S",,,"77",",,S"
"IN005150100","RAJKOT, IN","22.3","70.783","138.0","2021-04-30","0.02",",,S","92","H,,S",,,"77",",,S"
"IN005150100","RAJKOT, IN","22.3","70.783","138.0","2021-05-01","0.00",",,S","90","H,,S",,,"80",",,S"
"IN005150100","RAJKOT, IN","22.3","70.783","138.0","2021-05-02",,,"96","H,,S",,,"77",",,S"
"IN005150100","RAJKOT, IN","22.3","70.783","138.0","2021-05-03",,,"96","H,,S",,,"78",",,S"
"IN005150100","RAJKOT, IN","22.3","70.783","138.0","2021-05-04",,,"94","H,,S",,,"79",",,S"
"IN005150100","RAJKOT, IN","22.3","70.783","138.0","2021-05-05",,,"92","H,,S",,,"78",",,S"
"IN005150100","RAJKOT, IN","22.3","70.783","138.0","2021-05-06",,,"95","H,,S",,,"78",",,S"
"IN005150100","RAJKOT, IN","22.3","70.783","138.0","2021-05-07",,,"92","H,,S",,,"79",",,S"
"IN005150100","RAJKOT, IN","22.3","70.783","138.0","2021-05-08",,,"96","H,,S",,,"80",",,S"
"IN005150100","RAJKOT, IN","22.3","70.783","138.0","2021-05-09",,,"93","H,,S",,,"80",",,S"
"IN005150100","RAJKOT, IN","22.3","70.783","138.0","2021-05-10",,,"93","H,,S",,,"78",",,S"
"IN005150100","RAJKOT, IN","22.3","70.783","138.0","2021-05-11",,,"95","H,,S",,,"79",",,S"
"IN005150100","RAJKOT, IN","22.3","70.783","138.0","2021-05-12",,,"91","H,,S","105",",,S","78",",,S"
"IN005150100","RAJKOT, IN","22.3","70.783","138.0","2021-05-13",,,"94","H,,S",,,"80",",,S"
"IN005150100","RAJKOT, IN","22.3","70.783","138.0","2021-05-14",,,"91","H,,S",,,"79",",,S"
"IN005150100","RAJKOT, IN","22.3","70.783","138.0","2021-05-15",,,"94","H,,S",,,"78",",,S"
"IN005150100","RAJKOT, IN","22.3","70.783","138.0","2021-05-16",,,"96","H,,S",,,"83",",,S"
"IN005150100","RAJKOT, IN","22.3","70.783","138.0","2021-05-17","0.08",",,S","88","H,,S",,,,
"IN005150100","RAJKOT, IN","22.3","70.783","138.0","2021-05-18","1.02",",,S","74","H,,S",,,,
"IN005150100","RAJKOT, IN","22.3","70.783","138.0","2021-05-19","0.67",",,S","85","H,,S",,,"71",",,S"
"IN005150100","RAJKOT, IN","22.3","70.783","138.0","2021-05-20","0.00",",,S","89","H,,S",,,"79",",,S"
"IN005150100","RAJKOT, IN","22.3","70.783","138.0","2021-05-21",,,"92","H,,S",,,"80",",,S"
"IN005150100","RAJKOT, IN","22.3","70.783","138.0","2021-05-22",,,"90","H,,S",,,"80",",,S"
"IN005150100","RAJKOT, IN","22.3","70.783","138.0","2021-05-23",,,"92","H,,S",,,"81",",,S"
"IN005150100","RAJKOT, IN","22.3","70.783","138.0","2021-05-24",,,"91","H,,S",,,"81",",,S"
"IN005150100","RAJKOT, IN","22.3","70.783","138.0","2021-05-25",,,"94","H,,S",,,"80",",,S"
"IN005150100","RAJKOT, IN","22.3","70.783","138.0","2021-05-26",,,"92","H,,S",,,"81",",,S"
"IN005150100","RAJKOT, IN","22.3","70.783","138.0","2021-05-27",,,"95","H,,S",,,"81",",,S"
"IN005150100","RAJKOT, IN","22.3","70.783","138.0","2021-05-28",,,"93","H,,S",,,"82",",,S"
"IN005150100","RAJKOT, IN","22.3","70.783","138.0","2021-05-29",,,"92","H,,S",,,"81",",,S"
"IN005150100","RAJKOT, IN","22.3","70.783","138.0","2021-05-30",,,"93","H,,S",,,"80",",,S"
"IN005150100","RAJKOT, IN","22.3","70.783","138.0","2021-05-31",,,"93","H,,S",,,"80",",,S"
"IN005150100","RAJKOT, IN","22.3","70.783","138.0","2021-06-01",,,"95","H,,S",,,"81",",,S"
"IN005150100","RAJKOT, IN","22.3","70.783","138.0","2021-06-02",,,"91","H,,S","105",",,S","80",",,S"
"IN005150100","RAJKOT, IN","22.3","70.783","138.0","2021-06-03",,,"95","H,,S",,,"81",",,S"
"IN005150100","RAJKOT, IN","22.3","70.783","138.0","2021-06-04",,,"93","H,,S",,,"81",",,S"
"IN005150100","RAJKOT, IN","22.3","70.783","138.0","2021-06-05",,,"94","H,,S",,,"81",",,S"
"IN005150100","RAJKOT, IN","22.3","70.783","138.0","2021-06-06","0.08",",,S","89","H,,S",,,,
"IN005150100","RAJKOT, IN","22.3","70.783","138.0","2021-06-07","0.87",",,S","90","H,,S",,,"72",",,S"
"IN005150100","RAJKOT, IN","22.3","70.783","138.0","2021-06-08","0.00",",,S","90","H,,S",,,"81",",,S"
"IN005150100","RAJKOT, IN","22.3","70.783","138.0","2021-06-09",,,"92","H,,S",,,"82",",,S"
"IN005150100","RAJKOT, IN","22.3","70.783","138.0","2021-06-10",,,"89","H,,S",,,"82",",,S"
"IN005150100","RAJKOT, IN","22.3","70.783","138.0","2021-06-11",,,"92","H,,S",,,"81",",,S"
"IN005150100","RAJKOT, IN","22.3","70.783","138.0","2021-06-12",,,"93","H,,S",,,"82",",,S"
"IN005150100","RAJKOT, IN","22.3","70.783","138.0","2021-06-13",,,"92","H,,S",,,"83",",,S"
"IN005150100","RAJKOT, IN","22.3","70.783","138.0","2021-06-14",,,"92","H,,S",,,"82",",,S"
"IN005150100","RAJKOT, IN","22.3","70.783","138.0","2021-06-15",,,"91","H,,S",,,"83",",,S"
"IN005150100","RAJKOT, IN","22.3","70.783","138.0","2021-06-16",,,"92","H,,S",,,"83",",,S"
"IN005150100","RAJKOT, IN","22.3","70.783","138.0","2021-06-17",,,"89","H,,S",,,,
"IN005150100","RAJKOT, IN","22.3","70.783","138.0","2021-06-18",,,"84","H,,S",,,"77",",,S"
"IN005150100","RAJKOT, IN","22.3","70.783","138.0","2021-06-19",,,"81","H,,S",,,,
"IN005150100","RAJKOT, IN","22.3","70.783","138.0","2021-06-20",,,"81","H,,S",,,,
"IN005150100","RAJKOT, IN","22.3","70.783","138.0","2021-06-21",,,"87","H,,S",,,"77",",,S"
"IN005150100","RAJKOT, IN","22.3","70.783","138.0","2021-06-22",,,"85","H,,S",,,,
"IN005150100","RAJKOT, IN","22.3","70.783","138.0","2021-06-23",,,"87","H,,S",,,"80",",,S"
"IN005150100","RAJKOT, IN","22.3","70.783","138.0","2021-06-24",,,"87","H,,S",,,"80",",,S"
"IN005150100","RAJKOT, IN","22.3","70.783","138.0","2021-06-25",,,"88","H,,S",,,"79",",,S"
"IN005150100","RAJKOT, IN","22.3","70.783","138.0","2021-06-26",,,"90","H,,S",,,"80",",,S"
"IN005150100","RAJKOT, IN","22.3","70.783","138.0","2021-06-27",,,"89","H,,S",,,"80",",,S"
"IN005150100","RAJKOT, IN","22.3","70.783","138.0","2021-06-28",,,"87","H,,S",,,"81",",,S"
"IN005150100","RAJKOT, IN","22.3","70.783","138.0","2021-06-29",,,"88","H,,S",,,"80",",,S"
"IN005150100","RAJKOT, IN","22.3","70.783","138.0","2021-06-30",,,"88","H,,S",,,"81",",,S"
"IN005150100","RAJKOT, IN","22.3","70.783","138.0","2021-07-01",,,"90","H,,S",,,"80",",,S"
"IN005150100","RAJKOT, IN","22.3","70.783","138.0","2021-07-02",,,"89","H,,S",,,"81",",,S"
"IN005150100","RAJKOT, IN","22.3","70.783","138.0","2021-07-03",,,"89","H,,S",,,"81",",,S"
"IN005150100","RAJKOT, IN","22.3","70.783","138.0","2021-07-04",,,"89","H,,S",,,"81",",,S"
"IN005150100","RAJKOT, IN","22.3","70.783","138.0","2021-07-05",,,"91","H,,S",,,"80",",,S"
"IN005150100","RAJKOT, IN","22.3","70.783","138.0","2021-07-06",,,"91","H,,S",,,"80",",,S"
"IN005150100","RAJKOT, IN","22.3","70.783","138.0","2021-07-07",,,"89","H,,S",,,"80",",,S"
"IN005150100","RAJKOT, IN","22.3","70.783","138.0","2021-07-08",,,"90","H,,S",,,"80",",,S"
"IN005150100","RAJKOT, IN","22.3","70.783","138.0","2021-07-09",,,"88","H,,S",,,"80",",,S"
"IN005150100","RAJKOT, IN","22.3","70.783","138.0","2021-07-10","0.20",",,S","87","H,,S",,,"81",",,S"
"IN005150100","RAJKOT, IN","22.3","70.783","138.0","2021-07-11","0.28",",,S","86","H,,S",,,,
"IN005150100","RAJKOT, IN","22.3","70.783","138.0","2021-07-12","1.22",",,S","84","H,,S",,,"78",",,S"
"IN005150100","RAJKOT, IN","22.3","70.783","138.0","2021-07-13","0.51",",,S","85","H,,S",,,"79",",,S"
"IN005150100","RAJKOT, IN","22.3","70.783","138.0","2021-07-14","0.55",",,S","86","H,,S",,,"79",",,S"
"IN005150100","RAJKOT, IN","22.3","70.783","138.0","2021-07-15","0.08",",,S","88","H,,S",,,"78",",,S"
"IN005150100","RAJKOT, IN","22.3","70.783","138.0","2021-07-16","0.01",",,S","87","H,,S",,,"81",",,S"
"IN005150100","RAJKOT, IN","22.3","70.783","138.0","2021-07-17","0.00",",,S","85","H,,S",,,,
"IN005150100","RAJKOT, IN","22.3","70.783","138.0","2021-07-18","0.02",",,S","84","H,,S",,,"80",",,S"
"IN005150100","RAJKOT, IN","22.3","70.783","138.0","2021-07-19","0.08",",,S","85","H,,S",,,,
"IN005150100","RAJKOT, IN","22.3","70.783","138.0","2021-07-20","0.01",",,S","83","H,,S",,,"80",",,S"
"IN005150100","RAJKOT, IN","22.3","70.783","138.0","2021-07-21","0.00",",,S","84","H,,S",,,,
"IN005150100","RAJKOT, IN","22.3","70.783","138.0","2021-07-22","0.01",",,S","85","H,,S",,,"80",",,S"
"IN005150100","RAJKOT, IN","22.3","70.783","138.0","2021-07-23","0.01",",,S","87","H,,S",,,,
"IN005150100","RAJKOT, IN","22.3","70.783","138.0","2021-07-24","0.08",",,S","80","H,,S",,,"76",",,S"
"IN005150100","RAJKOT, IN","22.3","70.783","138.0","2021-07-25","3.58",",,S","80","H,,S",,,"77",",,S"
"IN005150100","RAJKOT, IN","22.3","70.783","138.0","2021-07-26","4.88",",,S","80","H,,S",,,"72",",,S"
"IN005150100","RAJKOT, IN","22.3","70.783","138.0","2021-07-27","0.08",",,S","81","H,,S",,,"78",",,S"
"IN005150100","RAJKOT, IN","22.3","70.783","138.0","2021-07-28","0.00",",,S","83","H,,S",,,"79",",,S"
"IN005150100","RAJKOT, IN","22.3","70.783","138.0","2021-07-29",,,"81","H,,S",,,"79",",,S"
"IN005150100","RAJKOT, IN","22.3","70.783","138.0","2021-07-30",,,"84","H,,S",,,"78",",,S"
"IN005150100","RAJKOT, IN","22.3","70.783","138.0","2021-07-31",,,"83","H,,S",,,"79",",,S"
"IN005150100","RAJKOT, IN","22.3","70.783","138.0","2021-08-01","0.01",",,S","82","H,,S",,,"78",",,S"
"IN005150100","RAJKOT, IN","22.3","70.783","138.0","2021-08-02","0.04",",,S","81","H,,S",,,"77",",,S"
"IN005150100","RAJKOT, IN","22.3","70.783","138.0","2021-08-03","0.08",",,S","83","H,,S",,,"77",",,S"
"IN005150100","RAJKOT, IN","22.3","70.783","138.0","2021-08-04","0.02",",,S","84","H,,S",,,"77",",,S"
"IN005150100","RAJKOT, IN","22.3","70.783","138.0","2021-08-05","0.00",",,S","85","H,,S",,,"78",",,S"
"IN005150100","RAJKOT, IN","22.3","70.783","138.0","2021-08-06",,,"86","H,,S",,,"78",",,S"
"IN005150100","RAJKOT, IN","22.3","70.783","138.0","2021-08-07",,,"85","H,,S",,,"73",",,S"
"IN005150100","RAJKOT, IN","22.3","70.783","138.0","2021-08-08",,,"85","H,,S",,,"77",",,S"
"IN005150100","RAJKOT, IN","22.3","70.783","138.0","2021-08-09",,,"85","H,,S",,,"78",",,S"
"IN005150100","RAJKOT, IN","22.3","70.783","138.0","2021-08-10",,,"84","H,,S",,,"78",",,S"
"IN005150100","RAJKOT, IN","22.3","70.783","138.0","2021-08-11",,,"84","H,,S","92",",,S","76",",,S"
"IN005150100","RAJKOT, IN","22.3","70.783","138.0","2021-08-12",,,"83","H,,S",,,"77",",,S"
"IN005150100","RAJKOT, IN","22.3","70.783","138.0","2021-08-13",,,"83","H,,S",,,"77",",,S"
"IN005150100","RAJKOT, IN","22.3","70.783","138.0","2021-08-14",,,"84","H,,S",,,"76",",,S"
"IN005150100","RAJKOT, IN","22.3","70.783","138.0","2021-08-15",,,"86","H,,S",,,"77",",,S"
"IN005150100","RAJKOT, IN","22.3","70.783","138.0","2021-08-16",,,"87","H,,S",,,"76",",,S"
"IN005150100","RAJKOT, IN","22.3","70.783","138.0","2021-08-17",,,"87","H,,S",,,"76",",,S"
"IN005150100","RAJKOT, IN","22.3","70.783","138.0","2021-08-18",,,"85","H,,S",,,"77",",,S"
"IN005150100","RAJKOT, IN","22.3","70.783","138.0","2021-08-19","0.01",",,S","85","H,,S",,,"78",",,S"
"IN005150100","RAJKOT, IN","22.3","70.783","138.0","2021-08-20","0.00",",,S","85","H,,S",,,"78",",,S"
"IN005150100","RAJKOT, IN","22.3","70.783","138.0","2021-08-21","0.12",",,S","81","H,,S",,,"76",",,S"
"IN005150100","RAJKOT, IN","22.3","70.783","138.0","2021-08-22","0.03",",,S","83","H,,S",,,"76",",,S"
"IN005150100","RAJKOT, IN","22.3","70.783","138.0","2021-08-23","0.00",",,S","86","H,,S",,,"77",",,S"
"IN005150100","RAJKOT, IN","22.3","70.783","138.0","2021-08-24",,,"86","H,,S",,,"78",",,S"
"IN005150100","RAJKOT, IN","22.3","70.783","138.0","2021-08-25",,,"86","H,,S",,,"78",",,S"
"IN005150100","RAJKOT, IN","22.3","70.783","138.0","2021-08-26",,,"85","H,,S",,,"78",",,S"
"IN005150100","RAJKOT, IN","22.3","70.783","138.0","2021-08-27",,,"87","H,,S",,,"77",",,S"
"IN005150100","RAJKOT, IN","22.3","70.783","138.0","2021-08-28",,,"86","H,,S",,,"78",",,S"
"IN005150100","RAJKOT, IN","22.3","70.783","138.0","2021-08-29",,,"87","H,,S",,,"77",",,S"
"IN005150100","RAJKOT, IN","22.3","70.783","138.0","2021-08-30",,,"84","H,,S",,,"78",",,S"
"IN005150100","RAJKOT, IN","22.3","70.783","138.0","2021-08-31","0.01",",,S","84","H,,S",,,"77",",,S"
"IN005150100","RAJKOT, IN","22.3","70.783","138.0","2021-09-01","0.35",",,S","79","H,,S",,,"76",",,S"
"IN005150100","RAJKOT, IN","22.3","70.783","138.0","2021-09-02","1.85",",,S","81","H,,S",,,"76",",,S"
"IN005150100","RAJKOT, IN","22.3","70.783","138.0","2021-09-03","0.35",",,S","81","H,,S",,,"77",",,S"
"IN005150100","RAJKOT, IN","22.3","70.783","138.0","2021-09-04","0.20",",,S","81","H,,S",,,"75",",,S"
"IN005150100","RAJKOT, IN","22.3","70.783","138.0","2021-09-05","0.00",",,S","81","H,,S",,,"75",",,S"
"IN005150100","RAJKOT, IN","22.3","70.783","138.0","2021-09-06","0.04",",,S","85","H,,S",,,"78",",,S"
"IN005150100","RAJKOT, IN","22.3","70.783","138.0","2021-09-07","0.00",",,S","86","H,,S",,,"77",",,S"
"IN005150100","RAJKOT, IN","22.3","70.783","138.0","2021-09-08",,,"83","H,,S",,,,
"IN005150100","RAJKOT, IN","22.3","70.783","138.0","2021-09-09",,,"78","H,,S",,,"74",",,S"
"IN005150100","RAJKOT, IN","22.3","70.783","138.0","2021-09-10",,,"82","H,,S",,,"75",",,S"
"IN005150100","RAJKOT, IN","22.3","70.783","138.0","2021-09-11","0.08",",,S","82","H,,S",,,"76",",,S"
"IN005150100","RAJKOT, IN","22.3","70.783","138.0","2021-09-12","0.24",",,S","78","H,,S",,,"75",",,S"
"IN005150100","RAJKOT, IN","22.3","70.783","138.0","2021-09-13","4.13",",,S","76","H,,S",,,"75",",,S"
"IN005150100","RAJKOT, IN","22.3","70.783","138.0","2021-09-14","7.99",",,S","81","H,,S",,,"73",",,S"
"IN005150100","RAJKOT, IN","22.3","70.783","138.0","2021-09-15","0.16",",,S","83","H,,S",,,"76",",,S"
"IN005150100","RAJKOT, IN","22.3","70.783","138.0","2021-09-16","0.00",",,S","81","H,,S",,,,
"IN005150100","RAJKOT, IN","22.3","70.783","138.0","2021-09-17","0.47",",,S","81","H,,S",,,"77",",,S"
"IN005150100","RAJKOT, IN","22.3","70.783","138.0","2021-09-18","0.00",",,S","83","H,,S",,,"78",",,S"
"IN005150100","RAJKOT, IN","22.3","70.783","138.0","2021-09-19",,,"85","H,,S",,,"77",",,S"
"IN005150100","RAJKOT, IN","22.3","70.783","138.0","2021-09-20",,,"85","H,,S",,,"78",",,S"
"IN005150100","RAJKOT, IN","22.3","70.783","138.0","2021-09-21",,,"83","H,,S",,,"78",",,S"
"IN005150100","RAJKOT, IN","22.3","70.783","138.0","2021-09-22",,,"82","H,,S",,,"78",",,S"
"IN005150100","RAJKOT, IN","22.3","70.783","138.0","2021-09-23",,,"80","H,,S",,,"77",",,S"
"IN005150100","RAJKOT, IN","22.3","70.783","138.0","2021-09-24",,,"82","H,,S",,,"76",",,S"
"IN005150100","RAJKOT, IN","22.3","70.783","138.0","2021-09-25",,,"84","H,,S",,,"76",",,S"
"IN005150100","RAJKOT, IN","22.3","70.783","138.0","2021-09-26",,,"84","H,,S",,,"76",",,S"
"IN005150100","RAJKOT, IN","22.3","70.783","138.0","2021-09-27",,,"78","H,,S",,,,
"IN005150100","RAJKOT, IN","22.3","70.783","138.0","2021-09-28",,,"83","H,,S",,,"74",",,S"
"IN005150100","RAJKOT, IN","22.3","70.783","138.0","2021-09-29","3.74",",,S","77","H,,S",,,"72",",,S"
"IN005150100","RAJKOT, IN","22.3","70.783","138.0","2021-09-30","2.76",",,S","80","H,,S",,,"75",",,S"
"IN005150100","RAJKOT, IN","22.3","70.783","138.0","2021-10-01","0.24",",,S","85","H,,S",,,"75",",,S"
"IN005150100","RAJKOT, IN","22.3","70.783","138.0","2021-10-02","0.00",",,S","84","H,,S",,,"76",",,S"
"IN005150100","RAJKOT, IN","22.3","70.783","138.0","2021-10-03",,,"84","H,,S",,,"77",",,S"
"IN005150100","RAJKOT, IN","22.3","70.783","138.0","2021-10-04",,,"85","H,,S",,,"78",",,S"
"IN005150100","RAJKOT, IN","22.3","70.783","138.0","2021-10-05",,,"85","H,,S",,,"78",",,S"
"IN005150100","RAJKOT, IN","22.3","70.783","138.0","2021-10-06",,,"86","H,,S",,,"77",",,S"
"IN005150100","RAJKOT, IN","22.3","70.783","138.0","2021-10-07",,,"89","H,,S",,,"79",",,S"
"IN005150100","RAJKOT, IN","22.3","70.783","138.0","2021-10-08",,,"86","H,,S",,,"80",",,S"
"IN005150100","RAJKOT, IN","22.3","70.783","138.0","2021-10-09",,,"86","H,,S",,,"79",",,S"
"IN005150100","RAJKOT, IN","22.3","70.783","138.0","2021-10-10",,,"85","H,,S",,,"78",",,S"
"IN005150100","RAJKOT, IN","22.3","70.783","138.0","2021-10-11",,,"86","H,,S",,,"78",",,S"
"IN005150100","RAJKOT, IN","22.3","70.783","138.0","2021-10-12",,,"87","H,,S",,,"76",",,S"
"IN005150100","RAJKOT, IN","22.3","70.783","138.0","2021-10-13",,,"86","H,,S",,,"76",",,S"
"IN005150100","RAJKOT, IN","22.3","70.783","138.0","2021-10-14",,,"87","H,,S",,,"75",",,S"
"IN005150100","RAJKOT, IN","22.3","70.783","138.0","2021-10-15",,,"88","H,,S",,,"74",",,S"
"IN005150100","RAJKOT, IN","22.3","70.783","138.0","2021-10-16",,,"86","H,,S",,,"73",",,S"
"IN005150100","RAJKOT, IN","22.3","70.783","138.0","2021-10-17",,,"85","H,,S",,,"71",",,S"
"IN005150100","RAJKOT, IN","22.3","70.783","138.0","2021-10-18",,,"84","H,,S",,,"73",",,S"
"IN005150100","RAJKOT, IN","22.3","70.783","138.0","2021-10-19",,,"85","H,,S",,,"72",",,S"
"IN005150100","RAJKOT, IN","22.3","70.783","138.0","2021-10-20",,,"85","H,,S",,,"73",",,S"
"IN005150100","RAJKOT, IN","22.3","70.783","138.0","2021-10-21",,,"83","H,,S",,,"73",",,S"
"IN005150100","RAJKOT, IN","22.3","70.783","138.0","2021-10-22",,,"83","H,,S",,,"72",",,S"
"IN005150100","RAJKOT, IN","22.3","70.783","138.0","2021-10-23",,,"84","H,,S",,,"72",",,S"
"IN005150100","RAJKOT, IN","22.3","70.783","138.0","2021-10-24",,,"83","H,,S",,,"74",",,S"
"IN005150100","RAJKOT, IN","22.3","70.783","138.0","2021-10-25",,,"82","H,,S",,,"70",",,S"
"IN005150100","RAJKOT, IN","22.3","70.783","138.0","2021-10-26",,,"86","H,,S",,,"70",",,S"
"IN005150100","RAJKOT, IN","22.3","70.783","138.0","2021-10-27",,,"85","H,,S",,,"70",",,S"
"IN005150100","RAJKOT, IN","22.3","70.783","138.0","2021-10-28",,,"85","H,,S",,,"70",",,S"
"IN005150100","RAJKOT, IN","22.3","70.783","138.0","2021-10-29",,,"83","H,,S",,,"65",",,S"
"IN005150100","RAJKOT, IN","22.3","70.783","138.0","2021-10-30",,,"81","H,,S",,,"65",",,S"
"IN005150100","RAJKOT, IN","22.3","70.783","138.0","2021-10-31",,,"80","H,,S",,,"64",",,S"
"IN005150100","RAJKOT, IN","22.3","70.783","138.0","2021-11-01",,,"80","H,,S",,,"63",",,S"
"IN005150100","RAJKOT, IN","22.3","70.783","138.0","2021-11-02",,,"82","H,,S",,,"64",",,S"
"IN005150100","RAJKOT, IN","22.3","70.783","138.0","2021-11-03",,,"83","H,,S",,,"69",",,S"
"IN005150100","RAJKOT, IN","22.3","70.783","138.0","2021-11-04",,,"81","H,,S",,,"66",",,S"
"IN005150100","RAJKOT, IN","22.3","70.783","138.0","2021-11-05",,,"81","H,,S",,,"65",",,S"
"IN005150100","RAJKOT, IN","22.3","70.783","138.0","2021-11-06",,,"80","H,,S",,,"69",",,S"
"IN005150100","RAJKOT, IN","22.3","70.783","138.0","2021-11-07",,,"82","H,,S",,,"67",",,S"
"IN005150100","RAJKOT, IN","22.3","70.783","138.0","2021-11-08",,,"82","H,,S",,,,
"IN005150100","RAJKOT, IN","22.3","70.783","138.0","2021-11-09",,,"82","H,,S",,,"66",",,S"
"IN005150100","RAJKOT, IN","22.3","70.783","138.0","2021-11-10",,,"81","H,,S",,,"65",",,S"
"IN005150100","RAJKOT, IN","22.3","70.783","138.0","2021-11-11",,,"80","H,,S",,,"63",",,S"
"IN005150100","RAJKOT, IN","22.3","70.783","138.0","2021-11-12",,,"79","H,,S",,,"63",",,S"
"IN005150100","RAJKOT, IN","22.3","70.783","138.0","2021-11-13",,,"78","H,,S",,,"63",",,S"
"IN005150100","RAJKOT, IN","22.3","70.783","138.0","2021-11-14",,,"78","H,,S",,,"62",",,S"
"IN005150100","RAJKOT, IN","22.3","70.783","138.0","2021-11-15",,,"76","H,,S",,,"60",",,S"
"IN005150100","RAJKOT, IN","22.3","70.783","138.0","2021-11-16",,,"79","H,,S",,,"63",",,S"
"IN005150100","RAJKOT, IN","22.3","70.783","138.0","2021-11-17",,,"78","H,,S",,,"68",",,S"
"IN005150100","RAJKOT, IN","22.3","70.783","138.0","2021-11-18","0.00",",,S","76","H,,S",,,"71",",,S"
"IN005150100","RAJKOT, IN","22.3","70.783","138.0","2021-11-19","0.00",",,S","77","H,,S",,,"71",",,S"
"IN005150100","RAJKOT, IN","22.3","70.783","138.0","2021-11-20","0.08",",,S","80","H,,S",,,"70",",,S"
"IN005150100","RAJKOT, IN","22.3","70.783","138.0","2021-11-21","0.00",",,S","83","H,,S",,,"71",",,S"
"IN005150100","RAJKOT, IN","22.3","70.783","138.0","2021-11-22",,,"83","H,,S",,,"72",",,S"
"IN005150100","RAJKOT, IN","22.3","70.783","138.0","2021-11-23",,,"82","H,,S",,,"69",",,S"
"IN005150100","RAJKOT, IN","22.3","70.783","138.0","2021-11-24",,,"79","H,,S",,,,
"IN005150100","RAJKOT, IN","22.3","70.783","138.0","2021-11-25",,,"78","H,,S",,,"61",",,S"
"IN005150100","RAJKOT, IN","22.3","70.783","138.0","2021-11-26",,,"79","H,,S",,,"62",",,S"
"IN005150100","RAJKOT, IN","22.3","70.783","138.0","2021-11-27",,,"80","H,,S",,,"63",",,S"
"IN005150100","RAJKOT, IN","22.3","70.783","138.0","2021-11-28",,,"81","H,,S",,,"67",",,S"
"IN005150100","RAJKOT, IN","22.3","70.783","138.0","2021-11-29",,,"78","H,,S",,,"65",",,S"
"IN005150100","RAJKOT, IN","22.3","70.783","138.0","2021-11-30",,,"78","H,,S",,,"68",",,S"
"IN005150100","RAJKOT, IN","22.3","70.783","138.0","2021-12-01",,,"71","H,,S",,,,
"IN005150100","RAJKOT, IN","22.3","70.783","138.0","2021-12-02",,,"68","H,,S",,,,
"IN005150100","RAJKOT, IN","22.3","70.783","138.0","2021-12-03",,,"69","H,,S",,,"57",",,S"
"IN005150100","RAJKOT, IN","22.3","70.783","138.0","2021-12-04",,,"74","H,,S",,,"63",",,S"
"IN005150100","RAJKOT, IN","22.3","70.783","138.0","2021-12-05",,,"74","H,,S",,,"64",",,S"
"IN005150100","RAJKOT, IN","22.3","70.783","138.0","2021-12-06",,,"74","H,,S",,,"60",",,S"
"IN005150100","RAJKOT, IN","22.3","70.783","138.0","2021-12-07",,,"76","H,,S",,,"61",",,S"
"IN005150100","RAJKOT, IN","22.3","70.783","138.0","2021-12-08",,,"76","H,,S",,,,
"IN005150100","RAJKOT, IN","22.3","70.783","138.0","2021-12-09",,,"73","H,,S",,,"60",",,S"
"IN005150100","RAJKOT, IN","22.3","70.783","138.0","2021-12-10",,,"74","H,,S",,,"61",",,S"
"IN005150100","RAJKOT, IN","22.3","70.783","138.0","2021-12-11",,,"74","H,,S",,,"64",",,S"
"IN005150100","RAJKOT, IN","22.3","70.783","138.0","2021-12-12",,,"76","H,,S",,,"61",",,S"
"IN005150100","RAJKOT, IN","22.3","70.783","138.0","2021-12-13",,,"73","H,,S",,,,
"IN005150100","RAJKOT, IN","22.3","70.783","138.0","2021-12-14",,,"70","H,,S",,,,
"IN005150100","RAJKOT, IN","22.3","70.783","138.0","2021-12-15",,,"68","H,,S",,,"52",",,S"
"IN005150100","RAJKOT, IN","22.3","70.783","138.0","2021-12-16",,,"66","H,,S",,,"51",",,S"
"IN005150100","RAJKOT, IN","22.3","70.783","138.0","2021-12-17",,,"63","H,,S",,,"49",",,S"
"IN005150100","RAJKOT, IN","22.3","70.783","138.0","2021-12-18",,,"66","H,,S",,,"52",",,S"
"IN005150100","RAJKOT, IN","22.3","70.783","138.0","2021-12-19",,,"68","H,,S",,,"52",",,S"
"IN005150100","RAJKOT, IN","22.3","70.783","138.0","2021-12-20",,,"71","H,,S",,,"51",",,S"
"IN005150100","RAJKOT, IN","22.3","70.783","138.0","2021-12-21",,,"70","H,,S",,,"52",",,S"
"IN005150100","RAJKOT, IN","22.3","70.783","138.0","2021-12-22",,,"72","H,,S",,,"54",",,S"
"IN005150100","RAJKOT, IN","22.3","70.783","138.0","2021-12-23",,,"73","H,,S",,,"62",",,S"
"IN005150100","RAJKOT, IN","22.3","70.783","138.0","2021-12-24",,,"73","H,,S",,,"63",",,S"
"IN005150100","RAJKOT, IN","22.3","70.783","138.0","2021-12-25",,,"73","H,,S",,,"62",",,S"
"IN005150100","RAJKOT, IN","22.3","70.783","138.0","2021-12-26",,,"73","H,,S",,,"63",",,S"
"IN005150100","RAJKOT, IN","22.3","70.783","138.0","2021-12-27",,,"75","H,,S",,,"64",",,S"
"IN005150100","RAJKOT, IN","22.3","70.783","138.0","2021-12-28","0.00",",,S","67","H,,S",,,,
"IN005150100","RAJKOT, IN","22.3","70.783","138.0","2021-12-29","0.08",",,S","65","H,,S",,,"57",",,S"
"IN005150100","RAJKOT, IN","22.3","70.783","138.0","2021-12-30","0.00",",,S","66","H,,S",,,"55",",,S"
"IN005150100","RAJKOT, IN","22.3","70.783","138.0","2021-12-31",,,"68","H,,S",,,"57",",,S"
"IN005150100","RAJKOT, IN","22.3","70.783","138.0","2022-01-01",,,"72","H,,S",,,"58",",,S"
"IN005150100","RAJKOT, IN","22.3","70.783","138.0","2022-01-02",,,"74","H,,S",,,"59",",,S"
"IN005150100","RAJKOT, IN","22.3","70.783","138.0","2022-01-03",,,"76","H,,S",,,"63",",,S"
"IN005150100","RAJKOT, IN","22.3","70.783","138.0","2022-01-04",,,"75","H,,S",,,"64",",,S"
"IN005150100","RAJKOT, IN","22.3","70.783","138.0","2022-01-05",,,"75","H,,S",,,,
"IN005150100","RAJKOT, IN","22.3","70.783","138.0","2022-01-06","0.04",",,S","68","H,,S",,,"64",",,S"
"IN005150100","RAJKOT, IN","22.3","70.783","138.0","2022-01-07","0.02",",,S","69","H,,S",,,"60",",,S"
"IN005150100","RAJKOT, IN","22.3","70.783","138.0","2022-01-08","0.00",",,S","64","H,,S",,,"53",",,S"
"IN005150100","RAJKOT, IN","22.3","70.783","138.0","2022-01-09",,,"64","H,,S",,,"51",",,S"
"IN005150100","RAJKOT, IN","22.3","70.783","138.0","2022-01-10",,,"64","H,,S",,,"49",",,S"
"IN005150100","RAJKOT, IN","22.3","70.783","138.0","2022-01-11",,,"61","H,,S",,,"49",",,S"
"IN005150100","RAJKOT, IN","22.3","70.783","138.0","2022-01-12",,,"62","H,,S",,,"48",",,S"
"IN005150100","RAJKOT, IN","22.3","70.783","138.0","2022-01-13",,,"64","H,,S",,,"47",",,S"
"IN005150100","RAJKOT, IN","22.3","70.783","138.0","2022-01-14",,,"63","H,,S",,,"48",",,S"
"IN005150100","RAJKOT, IN","22.3","70.783","138.0","2022-01-15",,,"68","H,,S","81",",,S","49",",,S"
"IN005150100","RAJKOT, IN","22.3","70.783","138.0","2022-01-16",,,"70","H,,S",,,"54",",,S"
"IN005150100","RAJKOT, IN","22.3","70.783","138.0","2022-01-17",,,"75","H,,S",,,"56",",,S"
"IN005150100","RAJKOT, IN","22.3","70.783","138.0","2022-01-18",,,"71","H,,S",,,"56",",,S"
"IN005150100","RAJKOT, IN","22.3","70.783","138.0","2022-01-19",,,"74","H,,S",,,"56",",,S"
"IN005150100","RAJKOT, IN","22.3","70.783","138.0","2022-01-20",,,"75","H,,S",,,"63",",,S"
"IN005150100","RAJKOT, IN","22.3","70.783","138.0","2022-01-21",,,"77","H,,S",,,"67",",,S"
"IN005150100","RAJKOT, IN","22.3","70.783","138.0","2022-01-22",,,"73","H,,S",,,,
"IN005150100","RAJKOT, IN","22.3","70.783","138.0","2022-01-23",,,"64","H,,S",,,,
"IN005150100","RAJKOT, IN","22.3","70.783","138.0","2022-01-24",,,"64","H,,S",,,"49",",,S"
"IN005150100","RAJKOT, IN","22.3","70.783","138.0","2022-01-25",,,"65","H,,S",,,"47",",,S"
"IN005150100","RAJKOT, IN","22.3","70.783","138.0","2022-01-26",,,"62","H,,S",,,"47",",,S"
"IN005150100","RAJKOT, IN","22.3","70.783","138.0","2022-01-27",,,"68","H,,S",,,"51",",,S"
"IN005150100","RAJKOT, IN","22.3","70.783","138.0","2022-01-28",,,"69","H,,S",,,"51",",,S"
"IN005150100","RAJKOT, IN","22.3","70.783","138.0","2022-01-29",,,"71","H,,S",,,"51",",,S"
"IN005150100","RAJKOT, IN","22.3","70.783","138.0","2022-01-30",,,"71","H,,S",,,"53",",,S"
"IN005150100","RAJKOT, IN","22.3","70.783","138.0","2022-01-31",,,"73","H,,S",,,"60",",,S"
"IN005150100","RAJKOT, IN","22.3","70.783","138.0","2022-02-01",,,"75","H,,S",,,"64",",,S"
"IN005150100","RAJKOT, IN","22.3","70.783","138.0","2022-02-02",,,"76","H,,S",,,"61",",,S"
"IN005150100","RAJKOT, IN","22.3","70.783","138.0","2022-02-03",,,"75","H,,S",,,,
"IN005150100","RAJKOT, IN","22.3","70.783","138.0","2022-02-04",,,"72","H,,S",,,"58",",,S"
"IN005150100","RAJKOT, IN","22.3","70.783","138.0","2022-02-05",,,"72","H,,S",,,"56",",,S"
"IN005150100","RAJKOT, IN","22.3","70.783","138.0","2022-02-06",,,"72","H,,S",,,"58",",,S"
"IN005150100","RAJKOT, IN","22.3","70.783","138.0","2022-02-07",,,"72","H,,S",,,"57",",,S"
"IN005150100","RAJKOT, IN","22.3","70.783","138.0","2022-02-08",,,"73","H,,S",,,"62",",,S"
"IN005150100","RAJKOT, IN","22.3","70.783","138.0","2022-02-09",,,"74","H,,S",,,"63",",,S"
"IN005150100","RAJKOT, IN","22.3","70.783","138.0","2022-02-10",,,"73","H,,S",,,"56",",,S"
"IN005150100","RAJKOT, IN","22.3","70.783","138.0","2022-02-11",,,"74","H,,S",,,"58",",,S"
"IN005150100","RAJKOT, IN","22.3","70.783","138.0","2022-02-12",,,"75","H,,S",,,"55",",,S"
"IN005150100","RAJKOT, IN","22.3","70.783","138.0","2022-02-13",,,"74","H,,S",,,"56",",,S"
"IN005150100","RAJKOT, IN","22.3","70.783","138.0","2022-02-14",,,"73","H,,S",,,"60",",,S"
"IN005150100","RAJKOT, IN","22.3","70.783","138.0","2022-02-15",,,"74","H,,S",,,"61",",,S"
"IN005150100","RAJKOT, IN","22.3","70.783","138.0","2022-02-16",,,"77","H,,S",,,"61",",,S"
"IN005150100","RAJKOT, IN","22.3","70.783","138.0","2022-02-17",,,"77","H,,S",,,"60",",,S"
"IN005150100","RAJKOT, IN","22.3","70.783","138.0","2022-02-18",,,"78","H,,S",,,"60",",,S"
"IN005150100","RAJKOT, IN","22.3","70.783","138.0","2022-02-19",,,"79","H,,S",,,"61",",,S"
"IN005150100","RAJKOT, IN","22.3","70.783","138.0","2022-02-20",,,"80","H,,S",,,"59",",,S"
"IN005150100","RAJKOT, IN","22.3","70.783","138.0","2022-02-21",,,"78","H,,S",,,,
"IN005150100","RAJKOT, IN","22.3","70.783","138.0","2022-02-22",,,"78","H,,S",,,"65",",,S"
"IN005150100","RAJKOT, IN","22.3","70.783","138.0","2022-02-23",,,"78","H,,S",,,"66",",,S"
"IN005150100","RAJKOT, IN","22.3","70.783","138.0","2022-02-24",,,"74","H,,S",,,"65",",,S"
"IN005150100","RAJKOT, IN","22.3","70.783","138.0","2022-02-25",,,"84","H,,S",,,"64",",,S"
"IN005150100","RAJKOT, IN","22.3","70.783","138.0","2022-02-26",,,"76","H,,S",,,"63",",,S"
"IN005150100","RAJKOT, IN","22.3","70.783","138.0","2022-02-27",,,"79","H,,S",,,"65",",,S"
"IN005150100","RAJKOT, IN","22.3","70.783","138.0","2022-02-28",,,"80","H,,S",,,"63",",,S"
"IN005150100","RAJKOT, IN","22.3","70.783","138.0","2022-03-01",,,"83","H,,S",,,"65",",,S"
"IN005150100","RAJKOT, IN","22.3","70.783","138.0","2022-03-02",,,"82","H,,S",,,"65",",,S"
"IN005150100","RAJKOT, IN","22.3","70.783","138.0","2022-03-03",,,"81","H,,S",,,"67",",,S"
"IN005150100","RAJKOT, IN","22.3","70.783","138.0","2022-03-04",,,"81","H,,S",,,"63",",,S"
"IN005150100","RAJKOT, IN","22.3","70.783","138.0","2022-03-05",,,"83","H,,S",,,"61",",,S"
"IN005150100","RAJKOT, IN","22.3","70.783","138.0","2022-03-06",,,"79","H,,S",,,"63",",,S"
"IN005150100","RAJKOT, IN","22.3","70.783","138.0","2022-03-07",,,"82","H,,S",,,"65",",,S"
"IN005150100","RAJKOT, IN","22.3","70.783","138.0","2022-03-08",,,"85","H,,S",,,"69",",,S"
"IN005150100","RAJKOT, IN","22.3","70.783","138.0","2022-03-09",,,"86","H,,S",,,"68",",,S"
"IN005150100","RAJKOT, IN","22.3","70.783","138.0","2022-03-10",,,"84","H,,S",,,"67",",,S"
"IN005150100","RAJKOT, IN","22.3","70.783","138.0","2022-03-11",,,"87","H,,S",,,"70",",,S"
"IN005150100","RAJKOT, IN","22.3","70.783","138.0","2022-03-12",,,"87","H,,S",,,"68",",,S"
"IN005150100","RAJKOT, IN","22.3","70.783","138.0","2022-03-13",,,"88","H,,S",,,"69",",,S"
"IN005150100","RAJKOT, IN","22.3","70.783","138.0","2022-03-14",,,"90","H,,S",,,"72",",,S"
"IN005150100","RAJKOT, IN","22.3","70.783","138.0","2022-03-15",,,"91","H,,S",,,"73",",,S"
"IN005150100","RAJKOT, IN","22.3","70.783","138.0","2022-03-16",,,"89","H,,S",,,"73",",,S"
"IN005150100","RAJKOT, IN","22.3","70.783","138.0","2022-03-17",,,"90","H,,S",,,"71",",,S"
"IN005150100","RAJKOT, IN","22.3","70.783","138.0","2022-03-18",,,"88","H,,S",,,"72",",,S"
"IN005150100","RAJKOT, IN","22.3","70.783","138.0","2022-03-19",,,"88","H,,S",,,"72",",,S"
"IN005150100","RAJKOT, IN","22.3","70.783","138.0","2022-03-20",,,"87","H,,S",,,"71",",,S"
"IN005150100","RAJKOT, IN","22.3","70.783","138.0","2022-03-21",,,"86","H,,S",,,"67",",,S"
"IN005150100","RAJKOT, IN","22.3","70.783","138.0","2022-03-22",,,"88","H,,S",,,"73",",,S"
"IN005150100","RAJKOT, IN","22.3","70.783","138.0","2022-03-23",,,"87","H,,S",,,"71",",,S"
"IN005150100","RAJKOT, IN","22.3","70.783","138.0","2022-03-24",,,"85","H,,S",,,"70",",,S"
"IN005150100","RAJKOT, IN","22.3","70.783","138.0","2022-03-25",,,"86","H,,S",,,"71",",,S"
"IN005150100","RAJKOT, IN","22.3","70.783","138.0","2022-03-26",,,"88","H,,S",,,"74",",,S"
"IN005150100","RAJKOT, IN","22.3","70.783","138.0","2022-03-27",,,"91","H,,S",,,"77",",,S"
"IN005150100","RAJKOT, IN","22.3","70.783","138.0","2022-03-28",,,"91","H,,S",,,"76",",,S"
"IN005150100","RAJKOT, IN","22.3","70.783","138.0","2022-03-29",,,"90","H,,S",,,"74",",,S"
"IN005150100","RAJKOT, IN","22.3","70.783","138.0","2022-03-30",,,"90","H,,S",,,"72",",,S"
"IN005150100","RAJKOT, IN","22.3","70.783","138.0","2022-03-31",,,"89","H,,S",,,"74",",,S"
"IN005150100","RAJKOT, IN","22.3","70.783","138.0","2022-04-01",,,"91","H,,S",,,,
"IN005150100","RAJKOT, IN","22.3","70.783","138.0","2022-04-02",,,"90","H,,S","107",",,S","76",",,S"
"IN005150100","RAJKOT, IN","22.3","70.783","138.0","2022-04-03",,,"93","H,,S",,,"76",",,S"
"IN005150100","RAJKOT, IN","22.3","70.783","138.0","2022-04-04",,,"94","H,,S",,,"75",",,S"
"IN005150100","RAJKOT, IN","22.3","70.783","138.0","2022-04-05",,,"93","H,,S",,,"76",",,S"
"IN005150100","RAJKOT, IN","22.3","70.783","138.0","2022-04-06",,,"92","H,,S",,,,
"IN005150100","RAJKOT, IN","22.3","70.783","138.0","2022-04-07",,,"92","H,,S",,,"74",",,S"
"IN005150100","RAJKOT, IN","22.3","70.783","138.0","2022-04-09",,,"91","H,,S",,,"78",",,S"
"IN005150100","RAJKOT, IN","22.3","70.783","138.0","2022-04-10",,,"93","H,,S",,,"74",",,S"
"IN005150100","RAJKOT, IN","22.3","70.783","138.0","2022-04-11",,,"92","H,,S",,,"75",",,S"
"IN005150100","RAJKOT, IN","22.3","70.783","138.0","2022-04-12",,,"94","H,,S",,,"78",",,S"
"IN005150100","RAJKOT, IN","22.3","70.783","138.0","2022-04-13",,,"91","H,,S",,,"73",",,S"
"IN005150100","RAJKOT, IN","22.3","70.783","138.0","2022-04-14",,,"91","H,,S",,,"73",",,S"
"IN005150100","RAJKOT, IN","22.3","70.783","138.0","2022-04-15",,,"91","H,,S",,,"75",",,S"
"IN005150100","RAJKOT, IN","22.3","70.783","138.0","2022-04-16",,,"92","H,,S","109",",,S","75",",,S"
"IN005150100","RAJKOT, IN","22.3","70.783","138.0","2022-04-17",,,"92","H,,S","109",",,S","76",",,S"
"IN005150100","RAJKOT, IN","22.3","70.783","138.0","2022-04-18",,,"92","H,,S","109",",,S","72",",,S"
"IN005150100","RAJKOT, IN","22.3","70.783","138.0","2022-04-19",,,"92","H,,S","106",",,S","74",",,S"
"IN005150100","RAJKOT, IN","22.3","70.783","138.0","2022-04-20",,,"85","H,,S","91",",,S","77",",,S"
"IN005150100","RAJKOT, IN","22.3","70.783","138.0","2022-04-21","0.00",",,S","89","H,,S","107",",,S","75",",,S"
"IN005150100","RAJKOT, IN","22.3","70.783","138.0","2022-04-22",,,"93","H,,S","108",",,S","75",",,S"
"IN005150100","RAJKOT, IN","22.3","70.783","138.0","2022-04-23",,,"94","H,,S","108",",,S","76",",,S"
"IN005150100","RAJKOT, IN","22.3","70.783","138.0","2022-04-24",,,"94","H,,S",,,"76",",,S"
"IN005150100","RAJKOT, IN","22.3","70.783","138.0","2022-04-25",,,"93","H,,S","106",",,S","75",",,S"
"IN005150100","RAJKOT, IN","22.3","70.783","138.0","2022-04-26",,,"94","H,,S","108",",,S","74",",,S"
"IN005150100","RAJKOT, IN","22.3","70.783","138.0","2022-04-30",,,"94","H,,S","111",",,S","81",",,S"
"IN005150100","RAJKOT, IN","22.3","70.783","138.0","2022-05-01",,,"96","H,,S","109",",,S","81",",,S"
"IN005150100","RAJKOT, IN","22.3","70.783","138.0","2022-05-02",,,"94","H,,S","106",",,S","80",",,S"
"IN005150100","RAJKOT, IN","22.3","70.783","138.0","2022-05-03",,,"94","H,,S","106",",,S","79",",,S"
"IN005150100","RAJKOT, IN","22.3","70.783","138.0","2022-05-04",,,"94","H,,S","108",",,S",,
"IN005150100","RAJKOT, IN","22.3","70.783","138.0","2022-05-05",,,"92","H,,S","106",",,S","79",",,S"
"IN005150100","RAJKOT, IN","22.3","70.783","138.0","2022-05-06",,,"93","H,,S","107",",,S","77",",,S"
"IN005150100","RAJKOT, IN","22.3","70.783","138.0","2022-05-07",,,"92","H,,S","105",",,S","78",",,S"
"IN005150100","RAJKOT, IN","22.3","70.783","138.0","2022-05-08",,,"94","H,,S","108",",,S","78",",,S"
"IN005150100","RAJKOT, IN","22.3","70.783","138.0","2022-05-09",,,"95","H,,S","109",",,S","78",",,S"
"IN005150100","RAJKOT, IN","22.3","70.783","138.0","2022-05-10",,,"94","H,,S","109",",,S","77",",,S"
"IN005150100","RAJKOT, IN","22.3","70.783","138.0","2022-05-11",,,"94","H,,S","112",",,S","79",",,S"
"IN005150100","RAJKOT, IN","22.3","70.783","138.0","2022-05-12",,,"97","H,,S","112",",,S","79",",,S"
"IN005150100","RAJKOT, IN","22.3","70.783","138.0","2022-05-13",,,"97","H,,S","110",",,S","80",",,S"
"IN005150100","RAJKOT, IN","22.3","70.783","138.0","2022-05-14",,,"96","H,,S","109",",,S","80",",,S"
"IN005150100","RAJKOT, IN","22.3","70.783","138.0","2022-05-15",,,"97","H,,S","111",",,S","79",",,S"
"IN005150100","RAJKOT, IN","22.3","70.783","138.0","2022-05-16",,,"94","H,,S","108",",,S","79",",,S"
"IN005150100","RAJKOT, IN","22.3","70.783","138.0","2022-05-17",,,"95","H,,S","108",",,S","79",",,S"
"IN005150100","RAJKOT, IN","22.3","70.783","138.0","2022-05-18",,,"90","H,,S","109",",,S","78",",,S"
"IN005150100","RAJKOT, IN","22.3","70.783","138.0","2022-05-19",,,"94","H,,S","109",",,S","78",",,S"
"IN005150100","RAJKOT, IN","22.3","70.783","138.0","2022-05-20",,,"95","H,,S","109",",,S","78",",,S"
"IN005150100","RAJKOT, IN","22.3","70.783","138.0","2022-05-21",,,"91","H,,S","104",",,S","80",",,S"
"IN005150100","RAJKOT, IN","22.3","70.783","138.0","2022-05-22",,,"90","H,,S","102",",,S","81",",,S"
"IN005150100","RAJKOT, IN","22.3","70.783","138.0","2022-05-23",,,"91","H,,S","102",",,S","81",",,S"
"IN005150100","RAJKOT, IN","22.3","70.783","138.0","2022-05-24",,,"92","H,,S","106",",,S","82",",,S"
"IN005150100","RAJKOT, IN","22.3","70.783","138.0","2022-05-25","0.00",",,S","92","H,,S","106",",,S","80",",,S"
"IN005150100","RAJKOT, IN","22.3","70.783","138.0","2022-05-26",,,"92","H,,S","104",",,S","80",",,S"
"IN005150100","RAJKOT, IN","22.3","70.783","138.0","2022-05-27",,,"91","H,,S","103",",,S","81",",,S"
"IN005150100","RAJKOT, IN","22.3","70.783","138.0","2022-05-28",,,"91","H,,S","102",",,S","81",",,S"
"IN005150100","RAJKOT, IN","22.3","70.783","138.0","2022-05-29",,,"93","H,,S","103",",,S","81",",,S"
"IN005150100","RAJKOT, IN","22.3","70.783","138.0","2022-05-30",,,"91","H,,S","103",",,S","80",",,S"
"IN005150100","RAJKOT, IN","22.3","70.783","138.0","2022-05-31",,,"91","H,,S","105",",,S","79",",,S"
"IN005150100","RAJKOT, IN","22.3","70.783","138.0","2022-06-01",,,"94","H,,S",,,"78",",,S"
"IN005150100","RAJKOT, IN","22.3","70.783","138.0","2022-06-02",,,"94","H,,S","107",",,S","79",",,S"
"IN005150100","RAJKOT, IN","22.3","70.783","138.0","2022-06-03",,,"92","H,,S","106",",,S","79",",,S"
"IN005150100","RAJKOT, IN","22.3","70.783","138.0","2022-06-04",,,"93","H,,S","106",",,S","79",",,S"
"IN005150100","RAJKOT, IN","22.3","70.783","138.0","2022-06-05",,,"93","H,,S","107",",,S","78",",,S"
"IN005150100","RAJKOT, IN","22.3","70.783","138.0","2022-06-06",,,"96","H,,S","106",",,S","79",",,S"
"IN005150100","RAJKOT, IN","22.3","70.783","138.0","2022-06-07",,,"93","H,,S","103",",,S","81",",,S"
"IN005150100","RAJKOT, IN","22.3","70.783","138.0","2022-06-08",,,"93","H,,S","104",",,S",,
"IN005150100","RAJKOT, IN","22.3","70.783","138.0","2022-06-09",,,"93","H,,S",,,"81",",,S"
"IN005150100","RAJKOT, IN","22.3","70.783","138.0","2022-06-10",,,"94","H,,S","103",",,S","81",",,S"
"IN005150100","RAJKOT, IN","22.3","70.783","138.0","2022-06-11",,,"90","H,,S","103",",,S","82",",,S"
"IN005150100","RAJKOT, IN","22.3","70.783","138.0","2022-06-12","0.43",",,S","87","H,,S","102",",,S","76",",,S"
"IN005150100","RAJKOT, IN","22.3","70.783","138.0","2022-06-13","0.43",",,S","85","H,,S","97",",,S",,
"IN005150100","RAJKOT, IN","22.3","70.783","138.0","2022-06-14","1.18",",,S","89","H,,S",,,"76",",,S"
"IN005150100","RAJKOT, IN","22.3","70.783","138.0","2022-06-15","0.51",",,S","86","H,,S","93",",,S","79",",,S"
"IN005150100","RAJKOT, IN","22.3","70.783","138.0","2022-06-16","0.00",",,S","89","H,,S","98",",,S","80",",,S"
"IN005150100","RAJKOT, IN","22.3","70.783","138.0","2022-06-17",,,"89","H,,S","99",",,S","80",",,S"
"IN005150100","RAJKOT, IN","22.3","70.783","138.0","2022-06-18",,,"90","H,,S","100",",,S","81",",,S"
"IN005150100","RAJKOT, IN","22.3","70.783","138.0","2022-06-19",,,"87","H,,S","98",",,S",,
"IN005150100","RAJKOT, IN","22.3","70.783","138.0","2022-06-20",,,"90","H,,S",,,"77",",,S"
"IN005150100","RAJKOT, IN","22.3","70.783","138.0","2022-06-21",,,"91","H,,S","99",",,S","81",",,S"
"IN005150100","RAJKOT, IN","22.3","70.783","138.0","2022-06-22",,,"92","H,,S","101",",,S","82",",,S"
"IN005150100","RAJKOT, IN","22.3","70.783","138.0","2022-06-23","0.01",",,S","89","H,,S","101",",,S","78",",,S"
"IN005150100","RAJKOT, IN","22.3","70.783","138.0","2022-06-24","0.00",",,S","90","H,,S","104",",,S",,
"IN005150100","RAJKOT, IN","22.3","70.783","138.0","2022-06-25",,,"92","H,,S","103",",,S","81",",,S"
"IN005150100","RAJKOT, IN","22.3","70.783","138.0","2022-06-26",,,"89","H,,S","104",",,S",,
"IN005150100","RAJKOT, IN","22.3","70.783","138.0","2022-06-27",,,"86","H,,S","92",",,S","73",",,S"
"IN005150100","RAJKOT, IN","22.3","70.783","138.0","2022-06-28",,,"89","H,,S","97",",,S","80",",,S"
"IN005150100","RAJKOT, IN","22.3","70.783","138.0","2022-06-29",,,"89","H,,S","96",",,S","81",",,S"
"IN005150100","RAJKOT, IN","22.3","70.783","138.0","2022-06-30",,,"89","H,,S",,,"81",",,S"
"IN005150100","RAJKOT, IN","22.3","70.783","138.0","2022-07-01",,,"85","H,,S","96",",,S",,
"IN005150100","RAJKOT, IN","22.3","70.783","138.0","2022-07-02",,,"83","H,,S","89",",,S","76",",,S"
"IN005150100","RAJKOT, IN","22.3","70.783","138.0","2022-07-03",,,"84","H,,S","92",",,S","79",",,S"
"IN005150100","RAJKOT, IN","22.3","70.783","138.0","2022-07-04",,,"82","H,,S","91",",,S","79",",,S"
"IN005150100","RAJKOT, IN","22.3","70.783","138.0","2022-07-05",,,"82","H,,S","91",",,S","78",",,S"
"IN005150100","RAJKOT, IN","22.3","70.783","138.0","2022-07-06",,,"83","H,,S","90",",,S","76",",,S"
"IN005150100","RAJKOT, IN","22.3","70.783","138.0","2022-07-07",,,"81","H,,S","91",",,S",,
"IN005150100","RAJKOT, IN","22.3","70.783","138.0","2022-07-08",,,"79","H,,S","82",",,S","77",",,S"
"IN005150100","RAJKOT, IN","22.3","70.783","138.0","2022-07-09",,,"82","H,,S","88",",,S","75",",,S"
"IN005150100","RAJKOT, IN","22.3","70.783","138.0","2022-07-10",,,"81","H,,S","88",",,S","78",",,S"
"IN005150100","RAJKOT, IN","22.3","70.783","138.0","2022-07-11",,,"79","H,,S","82",",,S","76",",,S"
"IN005150100","RAJKOT, IN","22.3","70.783","138.0","2022-07-12","7.76",",,S","77","H,,S","80",",,S","75",",,S"
"IN005150100","RAJKOT, IN","22.3","70.783","138.0","2022-07-13","3.07",",,S","79","H,,S","82",",,S","76",",,S"
"IN005150100","RAJKOT, IN","22.3","70.783","138.0","2022-07-14","0.39",",,S","80","H,,S","87",",,S","76",",,S"
"IN005150100","RAJKOT, IN","22.3","70.783","138.0","2022-07-15","0.75",",,S","81","H,,S","86",",,S","76",",,S"
"IN005150100","RAJKOT, IN","22.3","70.783","138.0","2022-07-16","0.00",",,S","83","H,,S",,,"77",",,S"
"IN005150100","RAJKOT, IN","22.3","70.783","138.0","2022-07-17",,,"83","H,,S",,,"78",",,S"
"IN005150100","RAJKOT, IN","22.3","70.783","138.0","2022-07-18","0.04",",,S","83","H,,S","89",",,S","78",",,S"
"IN005150100","RAJKOT, IN","22.3","70.783","138.0","2022-07-19","0.00",",,S","81","H,,S",,,"78",",,S"
"IN005150100","RAJKOT, IN","22.3","70.783","138.0","2022-07-20",,,"82","H,,S","90",",,S","77",",,S"
"IN005150100","RAJKOT, IN","22.3","70.783","138.0","2022-07-21","0.00",",,S","82","H,,S","88",",,S","77",",,S"
"IN005150100","RAJKOT, IN","22.3","70.783","138.0","2022-07-22",,,"82","H,,S",,,"75",",,S"
"IN005150100","RAJKOT, IN","22.3","70.783","138.0","2022-07-23",,,"82","H,,S","87",",,S","76",",,S"
"IN005150100","RAJKOT, IN","22.3","70.783","138.0","2022-07-24","0.12",",,S","79","H,,S","81",",,S","76",",,S"
"IN005150100","RAJKOT, IN","22.3","70.783","138.0","2022-07-25","0.24",",,S","81","H,,S","87",",,S","75",",,S"
"IN005150100","RAJKOT, IN","22.3","70.783","138.0","2022-07-26","0.03",",,S","81","H,,S","86",",,S","77",",,S"
"IN005150100","RAJKOT, IN","22.3","70.783","138.0","2022-07-27","0.08",",,S","84","H,,S","91",",,S","77",",,S"
"IN005150100","RAJKOT, IN","22.3","70.783","138.0","2022-07-28","0.16",",,S","85","H,,S","94",",,S","77",",,S"
"IN005150100","RAJKOT, IN","22.3","70.783","138.0","2022-07-29","0.00",",,S","84","H,,S",,,"77",",,S"
"IN005150100","RAJKOT, IN","22.3","70.783","138.0","2022-07-30",,,"85","H,,S",,,"77",",,S"
"IN005150100","RAJKOT, IN","22.3","70.783","138.0","2022-07-31",,,"84","H,,S",,,"77",",,S"
"IN005150100","RAJKOT, IN","22.3","70.783","138.0","2022-08-01",,,"82","H,,S","91",",,S","78",",,S"
"IN005150100","RAJKOT, IN","22.3","70.783","138.0","2022-08-02","0.08",",,S","83","H,,S","89",",,S","78",",,S"
"IN005150100","RAJKOT, IN","22.3","70.783","138.0","2022-08-03","0.12",",,S","85","H,,S","92",",,S","77",",,S"
"IN005150100","RAJKOT, IN","22.3","70.783","138.0","2022-08-04","0.00",",,S","87","H,,S","94",",,S","79",",,S"
"IN005150100","RAJKOT, IN","22.3","70.783","138.0","2022-08-05","0.00",",,S","81","H,,S","85",",,S",,
"IN005150100","RAJKOT, IN","22.3","70.783","138.0","2022-08-06","0.63",",,S","81","H,,S",,,"76",",,S"
"IN005150100","RAJKOT, IN","22.3","70.783","138.0","2022-08-07","0.63",",,S","83","H,,S",,,"77",",,S"
"IN005150100","RAJKOT, IN","22.3","70.783","138.0","2022-08-08","0.28",",,S","85","H,,S","92",",,S","78",",,S"
"IN005150100","RAJKOT, IN","22.3","70.783","138.0","2022-08-09","0.01",",,S","84","H,,S","90",",,S","78",",,S"
"IN005150100","RAJKOT, IN","22.3","70.783","138.0","2022-08-10","0.12",",,S","84","H,,S","92",",,S","78",",,S"
"IN005150100","RAJKOT, IN","22.3","70.783","138.0","2022-08-11","0.12",",,S","82","H,,S","87",",,S","79",",,S"
"IN005150100","RAJKOT, IN","22.3","70.783","138.0","2022-08-12","0.43",",,S","81","H,,S","87",",,S",,
"IN005150100","RAJKOT, IN","22.3","70.783","138.0","2022-08-13","0.31",",,S","83","H,,S","87",",,S","76",",,S"
"IN005150100","RAJKOT, IN","22.3","70.783","138.0","2022-08-14","0.01",",,S","81","H,,S","87",",,S","76",",,S"
"IN005150100","RAJKOT, IN","22.3","70.783","138.0","2022-08-15","0.31",",,S","80","H,,S","87",",,S",,
"IN005150100","RAJKOT, IN","22.3","70.783","138.0","2022-08-16","0.43",",,S","80","H,,S","83",",,S","78",",,S"
"IN005150100","RAJKOT, IN","22.3","70.783","138.0","2022-08-17","0.12",",,S","79","H,,S","82",",,S","78",",,S"
"IN005150100","RAJKOT, IN","22.3","70.783","138.0","2022-08-18","0.08",",,S","81","H,,S","86",",,S","76",",,S"
"IN005150100","RAJKOT, IN","22.3","70.783","138.0","2022-08-19","0.20",",,S","81","H,,S","87",",,S","76",",,S"
"IN005150100","RAJKOT, IN","22.3","70.783","138.0","2022-08-20","0.04",",,S","81","H,,S","86",",,S","77",",,S"
"IN005150100","RAJKOT, IN","22.3","70.783","138.0","2022-08-21","0.01",",,S","82","H,,S","87",",,S","77",",,S"
"IN005150100","RAJKOT, IN","22.3","70.783","138.0","2022-08-22","0.04",",,S","81","H,,S","88",",,S","75",",,S"
"IN005150100","RAJKOT, IN","22.3","70.783","138.0","2022-08-23","0.00",",,S","82","H,,S",,,"76",",,S"
"IN005150100","RAJKOT, IN","22.3","70.783","138.0","2022-08-24","0.03",",,S","83","H,,S","89",",,S","77",",,S"
"IN005150100","RAJKOT, IN","22.3","70.783","138.0","2022-08-25","0.00",",,S","84","H,,S","90",",,S","76",",,S"
"IN005150100","RAJKOT, IN","22.3","70.783","138.0","2022-08-26",,,"84","H,,S",,,"76",",,S"
"IN005150100","RAJKOT, IN","22.3","70.783","138.0","2022-08-27",,,"83","H,,S","92",",,S","76",",,S"
"IN005150100","RAJKOT, IN","22.3","70.783","138.0","2022-08-28",,,"83","H,,S","94",",,S","75",",,S"
"IN005150100","RAJKOT, IN","22.3","70.783","138.0","2022-08-29","0.24",",,S","83","H,,S","90",",,S","76",",,S"
"IN005150100","RAJKOT, IN","22.3","70.783","138.0","2022-08-30","0.00",",,S","84","H,,S","92",",,S","77",",,S"
"IN005150100","RAJKOT, IN","22.3","70.783","138.0","2022-08-31","0.04",",,S","86","H,,S","95",",,S",,
"IN005150100","RAJKOT, IN","22.3","70.783","138.0","2022-09-01","0.00",",,S","83","H,,S","89",",,S","77",",,S"
"IN005150100","RAJKOT, IN","22.3","70.783","138.0","2022-09-02",,,"84","H,,S","92",",,S","77",",,S"
"IN005150100","RAJKOT, IN","22.3","70.783","138.0","2022-09-03",,,"83","H,,S",,,"78",",,S"
"IN005150100","RAJKOT, IN","22.3","70.783","138.0","2022-09-04",,,"84","H,,S","91",",,S","76",",,S"
"IN005150100","RAJKOT, IN","22.3","70.783","138.0","2022-09-05",,,"85","H,,S","92",",,S","76",",,S"
"IN005150100","RAJKOT, IN","22.3","70.783","138.0","2022-09-06",,,"85","H,,S","94",",,S","76",",,S"
"IN005150100","RAJKOT, IN","22.3","70.783","138.0","2022-09-07",,,"87","H,,S","94",",,S","76",",,S"
"IN005150100","RAJKOT, IN","22.3","70.783","138.0","2022-09-08",,,"87","H,,S",,,"78",",,S"
"IN005150100","RAJKOT, IN","22.3","70.783","138.0","2022-09-09","0.55",",,S","86","H,,S",,,"77",",,S"
"IN005150100","RAJKOT, IN","22.3","70.783","138.0","2022-09-10","0.04",",,S","84","H,,S","96",",,S",,
"IN005150100","RAJKOT, IN","22.3","70.783","138.0","2022-09-11","3.43",",,S","84","H,,S","93",",,S",,
"IN005150100","RAJKOT, IN","22.3","70.783","138.0","2022-09-12","1.06",",,S","79","H,,S","89",",,S","73",",,S"
"IN005150100","RAJKOT, IN","22.3","70.783","138.0","2022-09-13","3.23",",,S","80","H,,S","87",",,S","73",",,S"
"IN005150100","RAJKOT, IN","22.3","70.783","138.0","2022-09-14","1.61",",,S","80","H,,S","88",",,S","73",",,S"
"IN005150100","RAJKOT, IN","22.3","70.783","138.0","2022-09-15","0.24",",,S","79","H,,S","82",",,S","76",",,S"
"IN005150100","RAJKOT, IN","22.3","70.783","138.0","2022-09-16","0.20",",,S","83","H,,S","90",",,S","76",",,S"
"IN005150100","RAJKOT, IN","22.3","70.783","138.0","2022-09-17","0.00",",,S","83","H,,S",,,"76",",,S"
"IN005150100","RAJKOT, IN","22.3","70.783","138.0","2022-09-18",,,"85","H,,S",,,"76",",,S"
"IN005150100","RAJKOT, IN","22.3","70.783","138.0","2022-09-19",,,"85","H,,S","93",",,S","76",",,S"
"IN005150100","RAJKOT, IN","22.3","70.783","138.0","2022-09-20",,,"84","H,,S","93",",,S","76",",,S"
"IN005150100","RAJKOT, IN","22.3","70.783","138.0","2022-09-21",,,"83","H,,S",,,"75",",,S"
"IN005150100","RAJKOT, IN","22.3","70.783","138.0","2022-09-22",,,"82","H,,S",,,"74",",,S"
"IN005150100","RAJKOT, IN","22.3","70.783","138.0","2022-09-23",,,"83","H,,S",,,"75",",,S"
"IN005150100","RAJKOT, IN","22.3","70.783","138.0","2022-09-24",,,"83","H,,S",,,"75",",,S"
"IN005150100","RAJKOT, IN","22.3","70.783","138.0","2022-09-25",,,"84","H,,S",,,"75",",,S"
"IN005150100","RAJKOT, IN","22.3","70.783","138.0","2022-09-26",,,"84","H,,S",,,"76",",,S"
"IN005150100","RAJKOT, IN","22.3","70.783","138.0","2022-09-27",,,"83","H,,S",,,"76",",,S"
"IN005150100","RAJKOT, IN","22.3","70.783","138.0","2022-09-28",,,"84","H,,S",,,"76",",,S"
"IN005150100","RAJKOT, IN","22.3","70.783","138.0","2022-09-29",,,"85","H,,S",,,"76",",,S"
"IN005150100","RAJKOT, IN","22.3","70.783","138.0","2022-09-30",,,"85","H,,S",,,"76",",,S"
"IN005150100","RAJKOT, IN","22.3","70.783","138.0","2022-10-01",,,"86","H,,S",,,"75",",,S"
"IN005150100","RAJKOT, IN","22.3","70.783","138.0","2022-10-02",,,"85","H,,S",,,"76",",,S"
"IN005150100","RAJKOT, IN","22.3","70.783","138.0","2022-10-03",,,"83","H,,S",,,"75",",,S"
"IN005150100","RAJKOT, IN","22.3","70.783","138.0","2022-10-04",,,"85","H,,S",,,"76",",,S"
"IN005150100","RAJKOT, IN","22.3","70.783","138.0","2022-10-05",,,"87","H,,S",,,"75",",,S"
"IN005150100","RAJKOT, IN","22.3","70.783","138.0","2022-10-06",,,"85","H,,S",,,"76",",,S"
"IN005150100","RAJKOT, IN","22.3","70.783","138.0","2022-10-07","0.12",",,S","88","H,,S",,,"75",",,S"
"IN005150100","RAJKOT, IN","22.3","70.783","138.0","2022-10-08","0.00",",,S","87","H,,S",,,"79",",,S"
"IN005150100","RAJKOT, IN","22.3","70.783","138.0","2022-10-09",,,"87","H,,S",,,"80",",,S"
"IN005150100","RAJKOT, IN","22.3","70.783","138.0","2022-10-10",,,"89","H,,S",,,"80",",,S"
"IN005150100","RAJKOT, IN","22.3","70.783","138.0","2022-10-11",,,"89","H,,S",,,"78",",,S"
"IN005150100","RAJKOT, IN","22.3","70.783","138.0","2022-10-12",,,"89","H,,S",,,"79",",,S"
"IN005150100","RAJKOT, IN","22.3","70.783","138.0","2022-10-13",,,"86","H,,S","99",",,S","77",",,S"
"IN005150100","RAJKOT, IN","22.3","70.783","138.0","2022-10-14",,,"88","H,,S",,,"72",",,S"
"IN005150100","RAJKOT, IN","22.3","70.783","138.0","2022-10-15",,,"87","H,,S",,,"72",",,S"
"IN005150100","RAJKOT, IN","22.3","70.783","138.0","2022-10-16",,,"86","H,,S",,,"69",",,S"
"IN005150100","RAJKOT, IN","22.3","70.783","138.0","2022-10-17",,,"89","H,,S",,,,
"IN005150100","RAJKOT, IN","22.3","70.783","138.0","2022-10-18",,,"87","H,,S",,,"71",",,S"
"IN005150100","RAJKOT, IN","22.3","70.783","138.0","2022-10-19",,,"86","H,,S",,,"71",",,S"
"IN005150100","RAJKOT, IN","22.3","70.783","138.0","2022-10-20",,,"87","H,,S",,,"70",",,S"
"IN005150100","RAJKOT, IN","22.3","70.783","138.0","2022-10-21",,,"89","H,,S",,,"74",",,S"
"IN005150100","RAJKOT, IN","22.3","70.783","138.0","2022-10-22",,,"86","H,,S",,,"72",",,S"
"IN005150100","RAJKOT, IN","22.3","70.783","138.0","2022-10-23",,,"88","H,,S",,,"73",",,S"
"IN005150100","RAJKOT, IN","22.3","70.783","138.0","2022-10-24",,,"88","H,,S",,,"71",",,S"
"IN005150100","RAJKOT, IN","22.3","70.783","138.0","2022-10-25",,,"85","H,,S",,,"72",",,S"
"IN005150100","RAJKOT, IN","22.3","70.783","138.0","2022-10-26",,,"84","H,,S",,,"73",",,S"
"IN005150100","RAJKOT, IN","22.3","70.783","138.0","2022-10-27",,,"85","H,,S",,,"73",",,S"
"IN005150100","RAJKOT, IN","22.3","70.783","138.0","2022-10-28",,,"85","H,,S",,,"72",",,S"
"IN005150100","RAJKOT, IN","22.3","70.783","138.0","2022-10-29",,,"85","H,,S",,,"71",",,S"
"IN005150100","RAJKOT, IN","22.3","70.783","138.0","2022-10-30",,,"82","H,,S",,,"71",",,S"
"IN005150100","RAJKOT, IN","22.3","70.783","138.0","2022-10-31",,,"84","H,,S",,,"71",",,S"
"IN005150100","RAJKOT, IN","22.3","70.783","138.0","2022-11-01",,,"84","H,,S",,,"67",",,S"
"IN005150100","RAJKOT, IN","22.3","70.783","138.0","2022-11-02",,,"82","H,,S",,,"70",",,S"
"IN005150100","RAJKOT, IN","22.3","70.783","138.0","2022-11-03",,,"83","H,,S",,,"69",",,S"
"IN005150100","RAJKOT, IN","22.3","70.783","138.0","2022-11-04",,,"89","H,,S",,,"71",",,S"
"IN005150100","RAJKOT, IN","22.3","70.783","138.0","2022-11-05",,,"83","H,,S",,,"69",",,S"
"IN005150100","RAJKOT, IN","22.3","70.783","138.0","2022-11-06",,,"87","H,,S",,,"71",",,S"
"IN005150100","RAJKOT, IN","22.3","70.783","138.0","2022-11-07",,,"84","H,,S",,,"74",",,S"
"IN005150100","RAJKOT, IN","22.3","70.783","138.0","2022-11-08",,,"85","H,,S",,,"70",",,S"
"IN005150100","RAJKOT, IN","22.3","70.783","138.0","2022-11-09",,,"81","H,,S",,,"69",",,S"
"IN005150100","RAJKOT, IN","22.3","70.783","138.0","2022-11-10",,,"85","H,,S",,,"69",",,S"
"IN005150100","RAJKOT, IN","22.3","70.783","138.0","2022-11-11",,,"79","H,,S",,,"66",",,S"
"IN005150100","RAJKOT, IN","22.3","70.783","138.0","2022-11-12",,,"85","H,,S",,,"67",",,S"
"IN005150100","RAJKOT, IN","22.3","70.783","138.0","2022-11-13",,,"80","H,,S",,,"67",",,S"
"IN005150100","RAJKOT, IN","22.3","70.783","138.0","2022-11-14",,,"83","H,,S",,,"71",",,S"
"IN005150100","RAJKOT, IN","22.3","70.783","138.0","2022-11-15",,,"78","H,,S",,,"66",",,S"
"IN005150100","RAJKOT, IN","22.3","70.783","138.0","2022-11-16",,,"83","H,,S",,,"68",",,S"
"IN005150100","RAJKOT, IN","22.3","70.783","138.0","2022-11-17",,,"81","H,,S",,,"68",",,S"
"IN005150100","RAJKOT, IN","22.3","70.783","138.0","2022-11-18",,,"80","H,,S",,,"65",",,S"
"IN005150100","RAJKOT, IN","22.3","70.783","138.0","2022-11-19",,,"76","H,,S",,,"62",",,S"
"IN005150100","RAJKOT, IN","22.3","70.783","138.0","2022-11-20",,,"79","H,,S",,,"63",",,S"
"IN005150100","RAJKOT, IN","22.3","70.783","138.0","2022-11-21",,,"78","H,,S",,,"63",",,S"
"IN005150100","RAJKOT, IN","22.3","70.783","138.0","2022-11-22",,,"80","H,,S",,,"63",",,S"
"IN005150100","RAJKOT, IN","22.3","70.783","138.0","2022-11-23",,,"78","H,,S",,,"60",",,S"
"IN005150100","RAJKOT, IN","22.3","70.783","138.0","2022-11-24",,,"78","H,,S",,,"62",",,S"
"IN005150100","RAJKOT, IN","22.3","70.783","138.0","2022-11-25",,,"77","H,,S",,,"61",",,S"
"IN005150100","RAJKOT, IN","22.3","70.783","138.0","2022-11-26",,,"78","H,,S",,,"60",",,S"
"IN005150100","RAJKOT, IN","22.3","70.783","138.0","2022-11-27",,,"76","H,,S",,,"59",",,S"
"IN005150100","RAJKOT, IN","22.3","70.783","138.0","2022-11-28",,,"77","H,,S",,,"59",",,S"
"IN005150100","RAJKOT, IN","22.3","70.783","138.0","2022-11-29",,,"74","H,,S",,,"59",",,S"
"IN005150100","RAJKOT, IN","22.3","70.783","138.0","2022-11-30",,,"78","H,,S",,,"63",",,S"
"IN005150100","RAJKOT, IN","22.3","70.783","138.0","2022-12-01",,,"77","H,,S",,,"62",",,S"
"IN005150100","RAJKOT, IN","22.3","70.783","138.0","2022-12-02",,,"79","H,,S",,,"67",",,S"
"IN005150100","RAJKOT, IN","22.3","70.783","138.0","2022-12-03",,,"76","H,,S",,,"63",",,S"
"IN005150100","RAJKOT, IN","22.3","70.783","138.0","2022-12-04",,,"75","H,,S",,,"62",",,S"
"IN005150100","RAJKOT, IN","22.3","70.783","138.0","2022-12-05",,,"73","H,,S",,,"57",",,S"
"IN005150100","RAJKOT, IN","22.3","70.783","138.0","2022-12-06",,,"74","H,,S",,,"56",",,S"
"IN005150100","RAJKOT, IN","22.3","70.783","138.0","2022-12-07",,,"72","H,,S",,,"58",",,S"
"IN005150100","RAJKOT, IN","22.3","70.783","138.0","2022-12-08",,,"76","H,,S",,,"61",",,S"
"IN005150100","RAJKOT, IN","22.3","70.783","138.0","2022-12-09",,,"76","H,,S",,,"60",",,S"
"IN005150100","RAJKOT, IN","22.3","70.783","138.0","2022-12-10",,,"75","H,,S",,,"57",",,S"
"IN005150100","RAJKOT, IN","22.3","70.783","138.0","2022-12-11",,,"77","H,,S",,,"60",",,S"
"IN005150100","RAJKOT, IN","22.3","70.783","138.0","2022-12-12",,,"77","H,,S",,,"58",",,S"
"IN005150100","RAJKOT, IN","22.3","70.783","138.0","2022-12-13",,,"79","H,,S",,,"66",",,S"
"IN005150100","RAJKOT, IN","22.3","70.783","138.0","2022-12-14",,,"79","H,,S",,,"68",",,S"
"IN005150100","RAJKOT, IN","22.3","70.783","138.0","2022-12-15",,,"78","H,,S",,,"68",",,S"
"IN005150100","RAJKOT, IN","22.3","70.783","138.0","2022-12-16",,,"83","H,,S",,,"70",",,S"
"IN005150100","RAJKOT, IN","22.3","70.783","138.0","2022-12-17",,,"84","H,,S",,,"71",",,S"
"IN005150100","RAJKOT, IN","22.3","70.783","138.0","2022-12-18",,,"85","H,,S",,,"68",",,S"
"IN005150100","RAJKOT, IN","22.3","70.783","138.0","2022-12-19",,,"80","H,,S",,,"67",",,S"
"IN005150100","RAJKOT, IN","22.3","70.783","138.0","2022-12-20",,,"78","H,,S",,,"66",",,S"
"IN005150100","RAJKOT, IN","22.3","70.783","138.0","2022-12-21",,,"75","H,,S",,,"60",",,S"
"IN005150100","RAJKOT, IN","22.3","70.783","138.0","2022-12-22",,,"74","H,,S",,,"56",",,S"
"IN005150100","RAJKOT, IN","22.3","70.783","138.0","2022-12-23",,,"70","H,,S",,,"55",",,S"
"IN005150100","RAJKOT, IN","22.3","70.783","138.0","2022-12-24",,,"69","H,,S",,,"50",",,S"
"IN005150100","RAJKOT, IN","22.3","70.783","138.0","2022-12-25",,,"68","H,,S",,,"51",",,S"
"IN005150100","RAJKOT, IN","22.3","70.783","138.0","2022-12-26",,,"70","H,,S",,,"50",",,S"
"IN005150100","RAJKOT, IN","22.3","70.783","138.0","2022-12-27",,,"69","H,,S",,,"50",",,S"
"IN005150100","RAJKOT, IN","22.3","70.783","138.0","2022-12-28",,,"72","H,,S",,,"54",",,S"
"IN005150100","RAJKOT, IN","22.3","70.783","138.0","2022-12-29",,,"73","H,,S",,,"55",",,S"
"IN005150100","RAJKOT, IN","22.3","70.783","138.0","2022-12-30",,,"75","H,,S",,,,
"IN005150100","RAJKOT, IN","22.3","70.783","138.0","2022-12-31",,,"68","H,,S",,,"54",",,S"
"IN005150100","RAJKOT, IN","22.3","70.783","138.0","2023-01-01",,,"70","H,,S",,,"52",",,S"
"IN005150100","RAJKOT, IN","22.3","70.783","138.0","2023-01-02",,,"69","H,,S",,,"53",",,S"
"IN005150100","RAJKOT, IN","22.3","70.783","138.0","2023-01-03",,,"69","H,,S",,,"54",",,S"
"IN005150100","RAJKOT, IN","22.3","70.783","138.0","2023-01-04",,,"64","H,,S",,,,
"IN005150100","RAJKOT, IN","22.3","70.783","138.0","2023-01-05",,,"65","H,,S",,,"51",",,S"
"IN005150100","RAJKOT, IN","22.3","70.783","138.0","2023-01-06",,,"70","H,,S",,,"53",",,S"
"IN005150100","RAJKOT, IN","22.3","70.783","138.0","2023-01-07",,,"78","H,,S",,,"64",",,S"
"IN005150100","RAJKOT, IN","22.3","70.783","138.0","2023-01-08",,,"76","H,,S",,,"63",",,S"
"IN005150100","RAJKOT, IN","22.3","70.783","138.0","2023-01-09",,,"76","H,,S",,,"62",",,S"
"IN005150100","RAJKOT, IN","22.3","70.783","138.0","2023-01-10",,,"74","H,,S",,,"61",",,S"
"IN005150100","RAJKOT, IN","22.3","70.783","138.0","2023-01-11",,,"75","H,,S",,,"57",",,S"
"IN005150100","RAJKOT, IN","22.3","70.783","138.0","2023-01-12",,,"73","H,,S",,,,
"IN005150100","RAJKOT, IN","22.3","70.783","138.0","2023-01-13",,,"67","H,,S",,,,
"IN005150100","RAJKOT, IN","22.3","70.783","138.0","2023-01-14",,,"64","H,,S",,,"51",",,S"
"IN005150100","RAJKOT, IN","22.3","70.783","138.0","2023-01-15",,,"66","H,,S",,,"47",",,S"
"IN005150100","RAJKOT, IN","22.3","70.783","138.0","2023-01-16",,,"63","H,,S",,,"45",",,S"
"IN005150100","RAJKOT, IN","22.3","70.783","138.0","2023-01-17",,,"69","H,,S",,,"49",",,S"
"IN005150100","RAJKOT, IN","22.3","70.783","138.0","2023-01-18",,,"70","H,,S",,,"52",",,S"
"IN005150100","RAJKOT, IN","22.3","70.783","138.0","2023-01-19",,,"74","H,,S",,,"53",",,S"
"IN005150100","RAJKOT, IN","22.3","70.783","138.0","2023-01-20",,,"65","H,,S",,,"53",",,S"
"IN005150100","RAJKOT, IN","22.3","70.783","138.0","2023-01-21",,,"67","H,,S",,,"52",",,S"
"IN005150100","RAJKOT, IN","22.3","70.783","138.0","2023-01-22",,,"65","H,,S",,,"51",",,S"
"IN005150100","RAJKOT, IN","22.3","70.783","138.0","2023-01-23",,,"65","H,,S",,,"49",",,S"
"IN005150100","RAJKOT, IN","22.3","70.783","138.0","2023-01-24",,,"64","H,,S",,,"50",",,S"
"IN005150100","RAJKOT, IN","22.3","70.783","138.0","2023-01-25",,,"66","H,,S",,,"48",",,S"
"IN005150100","RAJKOT, IN","22.3","70.783","138.0","2023-01-26",,,"65","H,,S",,,"47",",,S"
"IN005150100","RAJKOT, IN","22.3","70.783","138.0","2023-01-27",,,"66","H,,S",,,"49",",,S"
"IN005150100","RAJKOT, IN","22.3","70.783","138.0","2023-01-28",,,"72","H,,S",,,"54",",,S"
"IN005150100","RAJKOT, IN","22.3","70.783","138.0","2023-01-29",,,"72","H,,S",,,"60",",,S"
"IN005150100","RAJKOT, IN","22.3","70.783","138.0","2023-01-30",,,"69","H,,S",,,"54",",,S"
"IN005150100","RAJKOT, IN","22.3","70.783","138.0","2023-01-31",,,"71","H,,S",,,,
"IN005150100","RAJKOT, IN","22.3","70.783","138.0","2023-02-01",,,"70","H,,S",,,"55",",,S"
"IN005150100","RAJKOT, IN","22.3","70.783","138.0","2023-02-02",,,"78","H,,S",,,"56",",,S"
"IN005150100","RAJKOT, IN","22.3","70.783","138.0","2023-02-03",,,"76","H,,S",,,"56",",,S"
"IN005150100","RAJKOT, IN","22.3","70.783","138.0","2023-02-04",,,"78","H,,S",,,"55",",,S"
"IN005150100","RAJKOT, IN","22.3","70.783","138.0","2023-02-05",,,"75","H,,S",,,"57",",,S"
"IN005150100","RAJKOT, IN","22.3","70.783","138.0","2023-02-06",,,"78","H,,S",,,"64",",,S"
"IN005150100","RAJKOT, IN","22.3","70.783","138.0","2023-02-07",,,"78","H,,S",,,"63",",,S"
"IN005150100","RAJKOT, IN","22.3","70.783","138.0","2023-02-08",,,"80","H,,S",,,"60",",,S"
"IN005150100","RAJKOT, IN","22.3","70.783","138.0","2023-02-09",,,"76","H,,S",,,"59",",,S"
"IN005150100","RAJKOT, IN","22.3","70.783","138.0","2023-02-10",,,"81","H,,S",,,"57",",,S"
"IN005150100","RAJKOT, IN","22.3","70.783","138.0","2023-02-11",,,"78","H,,S",,,"63",",,S"
"IN005150100","RAJKOT, IN","22.3","70.783","138.0","2023-02-12",,,"81","H,,S",,,"63",",,S"
"IN005150100","RAJKOT, IN","22.3","70.783","138.0","2023-02-13",,,"77","H,,S",,,"60",",,S"
"IN005150100","RAJKOT, IN","22.3","70.783","138.0","2023-02-14",,,"81","H,,S",,,"57",",,S"
"IN005150100","RAJKOT, IN","22.3","70.783","138.0","2023-02-15",,,"81","H,,S",,,"58",",,S"
"IN005150100","RAJKOT, IN","22.3","70.783","138.0","2023-02-16",,,"82","H,,S",,,"60",",,S"
"IN005150100","RAJKOT, IN","22.3","70.783","138.0","2023-02-17",,,"87","H,,S",,,"62",",,S"
"IN005150100","RAJKOT, IN","22.3","70.783","138.0","2023-02-18",,,"85","H,,S","101",",,S","62",",,S"
"IN005150100","RAJKOT, IN","22.3","70.783","138.0","2023-02-19",,,"90","H,,S",,,"64",",,S"
"IN005150100","RAJKOT, IN","22.3","70.783","138.0","2023-02-20",,,"84","H,,S",,,"66",",,S"
"IN005150100","RAJKOT, IN","22.3","70.783","138.0","2023-02-21",,,"80","H,,S",,,"65",",,S"
"IN005150100","RAJKOT, IN","22.3","70.783","138.0","2023-02-22",,,"80","H,,S",,,,
"IN005150100","RAJKOT, IN","22.3","70.783","138.0","2023-02-23",,,"79","H,,S",,,"63",",,S"
"IN005150100","RAJKOT, IN","22.3","70.783","138.0","2023-02-24",,,"78","H,,S",,,"62",",,S"
"IN005150100","RAJKOT, IN","22.3","70.783","138.0","2023-02-25",,,"78","H,,S",,,"63",",,S"
"IN005150100","RAJKOT, IN","22.3","70.783","138.0","2023-02-26",,,"82","H,,S",,,"64",",,S"
"IN005150100","RAJKOT, IN","22.3","70.783","138.0","2023-02-27",,,"82","H,,S",,,"66",",,S"
"IN005150100","RAJKOT, IN","22.3","70.783","138.0","2023-02-28",,,"86","H,,S",,,,
"IN005150100","RAJKOT, IN","22.3","70.783","138.0","2023-03-01",,,"84","H,,S",,,"68",",,S"
"IN005150100","RAJKOT, IN","22.3","70.783","138.0","2023-03-02",,,"85","H,,S",,,"68",",,S"
"IN005150100","RAJKOT, IN","22.3","70.783","138.0","2023-03-03",,,"89","H,,S","102",",,S",,
"IN005150100","RAJKOT, IN","22.3","70.783","138.0","2023-03-04",,,"89","H,,S",,,"72",",,S"
"IN005150100","RAJKOT, IN","22.3","70.783","138.0","2023-03-05",,,"89","H,,S",,,"74",",,S"
"IN005150100","RAJKOT, IN","22.3","70.783","138.0","2023-03-06",,,"86","H,,S",,,,
"IN005150100","RAJKOT, IN","22.3","70.783","138.0","2023-03-07",,,"84","H,,S",,,"68",",,S"
"IN005150100","RAJKOT, IN","22.3","70.783","138.0","2023-03-08",,,"86","H,,S",,,"69",",,S"
"IN005150100","RAJKOT, IN","22.3","70.783","138.0","2023-03-09",,,"89","H,,S",,,"69",",,S"
"IN005150100","RAJKOT, IN","22.3","70.783","138.0","2023-03-10",,,"87","H,,S",,,"68",",,S"
"IN005150100","RAJKOT, IN","22.3","70.783","138.0","2023-03-11",,,"84","H,,S",,,"67",",,S"
"IN005150100","RAJKOT, IN","22.3","70.783","138.0","2023-03-12",,,"88","H,,S",,,"70",",,S"
"IN005150100","RAJKOT, IN","22.3","70.783","138.0","2023-03-13",,,"89","H,,S",,,"72",",,S"
"IN005150100","RAJKOT, IN","22.3","70.783","138.0","2023-03-14",,,"90","H,,S",,,"72",",,S"
"IN005150100","RAJKOT, IN","22.3","70.783","138.0","2023-03-15",,,"83","H,,S",,,"74",",,S"
"IN005150100","RAJKOT, IN","22.3","70.783","138.0","2023-03-16",,,"85","H,,S",,,,
"IN005150100","RAJKOT, IN","22.3","70.783","138.0","2023-03-17",,,"85","H,,S",,,"70",",,S"
"IN005150100","RAJKOT, IN","22.3","70.783","138.0","2023-03-18",,,"84","H,,S",,,"72",",,S"
"IN005150100","RAJKOT, IN","22.3","70.783","138.0","2023-03-19",,,"82","H,,S",,,"71",",,S"
"IN005150100","RAJKOT, IN","22.3","70.783","138.0","2023-03-20",,,"83","H,,S",,,"71",",,S"
"IN005150100","RAJKOT, IN","22.3","70.783","138.0","2023-03-21",,,"82","H,,S",,,"71",",,S"
"IN005150100","RAJKOT, IN","22.3","70.783","138.0","2023-03-22",,,"79","H,,S",,,"72",",,S"
"IN005150100","RAJKOT, IN","22.3","70.783","138.0","2023-03-23",,,"83","H,,S",,,"72",",,S"
"IN005150100","RAJKOT, IN","22.3","70.783","138.0","2023-03-24","0.00",",,S","80","H,,S",,,,
"IN005150100","RAJKOT, IN","22.3","70.783","138.0","2023-03-25",,,"82","H,,S",,,"70",",,S"
"IN005150100","RAJKOT, IN","22.3","70.783","138.0","2023-03-26",,,"84","H,,S",,,"68",",,S"
"IN005150100","RAJKOT, IN","22.3","70.783","138.0","2023-03-27",,,"87","H,,S",,,"70",",,S"
"IN005150100","RAJKOT, IN","22.3","70.783","138.0","2023-03-28",,,"83","H,,S",,,"71",",,S"
"IN005150100","RAJKOT, IN","22.3","70.783","138.0","2023-03-29",,,"80","H,,S",,,"72",",,S"
"IN005150100","RAJKOT, IN","22.3","70.783","138.0","2023-03-30",,,"84","H,,S",,,"73",",,S"
"IN005150100","RAJKOT, IN","22.3","70.783","138.0","2023-03-31",,,"83","H,,S",,,"69",",,S"
"IN005150100","RAJKOT, IN","22.3","70.783","138.0","2023-04-01",,,"84","H,,S",,,"70",",,S"
"IN005150100","RAJKOT, IN","22.3","70.783","138.0","2023-04-02",,,"85","H,,S",,,"71",",,S"
"IN005150100","RAJKOT, IN","22.3","70.783","138.0","2023-04-03",,,"84","H,,S",,,"72",",,S"
"IN005150100","RAJKOT, IN","22.3","70.783","138.0","2023-04-04",,,"87","H,,S",,,"73",",,S"
"IN005150100","RAJKOT, IN","22.3","70.783","138.0","2023-04-05",,,"87","H,,S",,,"72",",,S"
"IN005150100","RAJKOT, IN","22.3","70.783","138.0","2023-04-06",,,"87","H,,S",,,"69",",,S"
"IN005150100","RAJKOT, IN","22.3","70.783","138.0","2023-04-07","0.01",",,S","85","H,,S",,,"75",",,S"
"IN005150100","RAJKOT, IN","22.3","70.783","138.0","2023-04-08","0.00",",,S","91","H,,S",,,"74",",,S"
"IN005150100","RAJKOT, IN","22.3","70.783","138.0","2023-04-09",,,"90","H,,S",,,"75",",,S"
"IN005150100","RAJKOT, IN","22.3","70.783","138.0","2023-04-10",,,"91","H,,S",,,"73",",,S"
"IN005150100","RAJKOT, IN","22.3","70.783","138.0","2023-04-11",,,"92","H,,S",,,"73",",,S"
"IN005150100","RAJKOT, IN","22.3","70.783","138.0","2023-04-12",,,"91","H,,S",,,"73",",,S"
"IN005150100","RAJKOT, IN","22.3","70.783","138.0","2023-04-13",,,"91","H,,S",,,"76",",,S"
"IN005150100","RAJKOT, IN","22.3","70.783","138.0","2023-04-14",,,"92","H,,S",,,"74",",,S"
"IN005150100","RAJKOT, IN","22.3","70.783","138.0","2023-04-15",,,"92","H,,S",,,"75",",,S"
"IN005150100","RAJKOT, IN","22.3","70.783","138.0","2023-04-16",,,"90","H,,S",,,"76",",,S"
"IN005150100","RAJKOT, IN","22.3","70.783","138.0","2023-04-17",,,"91","H,,S",,,"74",",,S"
"IN005150100","RAJKOT, IN","22.3","70.783","138.0","2023-04-18",,,"93","H,,S",,,"74",",,S"
"IN005150100","RAJKOT, IN","22.3","70.783","138.0","2023-04-19",,,"93","H,,S",,,"78",",,S"
"IN005150100","RAJKOT, IN","22.3","70.783","138.0","2023-04-20",,,"91","H,,S",,,"74",",,S"
"IN005150100","RAJKOT, IN","22.3","70.783","138.0","2023-04-21",,,"90","H,,S",,,"74",",,S"
"IN005150100","RAJKOT, IN","22.3","70.783","138.0","2023-04-22",,,"89","H,,S",,,,
"IN005150100","RAJKOT, IN","22.3","70.783","138.0","2023-04-23",,,"93","H,,S",,,"74",",,S"
"IN005150100","RAJKOT, IN","22.3","70.783","138.0","2023-04-24",,,"94","H,,S",,,"76",",,S"
"IN005150100","RAJKOT, IN","22.3","70.783","138.0","2023-04-25",,,"92","H,,S",,,"74",",,S"
"IN005150100","RAJKOT, IN","22.3","70.783","138.0","2023-04-26",,,"90","H,,S",,,,
"IN005150100","RAJKOT, IN","22.3","70.783","138.0","2023-04-27",,,"87","H,,S",,,"75",",,S"
"IN005150100","RAJKOT, IN","22.3","70.783","138.0","2023-04-28",,,"85","H,,S",,,"76",",,S"
"IN005150100","RAJKOT, IN","22.3","70.783","138.0","2023-04-29",,,"78","H,,S",,,"72",",,S"
"IN005150100","RAJKOT, IN","22.3","70.783","138.0","2023-04-30","0.00",",,S","81","H,,S",,,"72",",,S"
"IN005150100","RAJKOT, IN","22.3","70.783","138.0","2023-05-01","0.08",",,S","82","H,,S",,,"73",",,S"
"IN005150100","RAJKOT, IN","22.3","70.783","138.0","2023-05-02","0.12",",,S","85","H,,S",,,"74",",,S"
"IN005150100","RAJKOT, IN","22.3","70.783","138.0","2023-05-03","0.00",",,S","88","H,,S",,,"75",",,S"
"IN005150100","RAJKOT, IN","22.3","70.783","138.0","2023-05-04",,,"85","H,,S",,,"76",",,S"
"IN005150100","RAJKOT, IN","22.3","70.783","138.0","2023-05-05",,,"88","H,,S",,,"76",",,S"
"IN005150100","RAJKOT, IN","22.3","70.783","138.0","2023-05-06",,,"90","H,,S",,,"78",",,S"
"IN005150100","RAJKOT, IN","22.3","70.783","138.0","2023-05-07",,,"92","H,,S",,,"77",",,S"
"IN005150100","RAJKOT, IN","22.3","70.783","138.0","2023-05-08",,,"91","H,,S",,,"76",",,S"
"IN005150100","RAJKOT, IN","22.3","70.783","138.0","2023-05-09",,,"96","H,,S",,,"78",",,S"
"IN005150100","RAJKOT, IN","22.3","70.783","138.0","2023-05-10",,,"94","H,,S",,,"78",",,S"
"IN005150100","RAJKOT, IN","22.3","70.783","138.0","2023-05-11",,,"99","H,,S",,,"81",",,S"
"IN005150100","RAJKOT, IN","22.3","70.783","138.0","2023-05-12",,,"97","H,,S",,,"79",",,S"
"IN005150100","RAJKOT, IN","22.3","70.783","138.0","2023-05-13",,,"98","H,,S",,,"80",",,S"
"IN005150100","RAJKOT, IN","22.3","70.783","138.0","2023-05-14",,,"95","H,,S",,,"79",",,S"
"IN005150100","RAJKOT, IN","22.3","70.783","138.0","2023-05-15",,,"94","H,,S",,,"81",",,S"
"IN005150100","RAJKOT, IN","22.3","70.783","138.0","2023-05-16",,,"94","H,,S",,,"80",",,S"
"IN005150100","RAJKOT, IN","22.3","70.783","138.0","2023-05-17",,,"94","H,,S",,,"80",",,S"
"IN005150100","RAJKOT, IN","22.3","70.783","138.0","2023-05-18",,,"93","H,,S",,,"80",",,S"
"IN005150100","RAJKOT, IN","22.3","70.783","138.0","2023-05-19",,,"94","H,,S",,,"79",",,S"
"IN005150100","RAJKOT, IN","22.3","70.783","138.0","2023-05-20",,,"92","H,,S",,,"79",",,S"
"IN005150100","RAJKOT, IN","22.3","70.783","138.0","2023-05-21",,,"93","H,,S",,,"80",",,S"
"IN005150100","RAJKOT, IN","22.3","70.783","138.0","2023-05-22",,,"92","H,,S",,,"79",",,S"
"IN005150100","RAJKOT, IN","22.3","70.783","138.0","2023-05-23",,,"93","H,,S",,,"79",",,S"
"IN005150100","RAJKOT, IN","22.3","70.783","138.0","2023-05-24",,,"94","H,,S",,,"80",",,S"
"IN005150100","RAJKOT, IN","22.3","70.783","138.0","2023-05-25",,,"90","H,,S",,,"81",",,S"
"IN005150100","RAJKOT, IN","22.3","70.783","138.0","2023-05-26",,,"90","H,,S",,,"82",",,S"
"IN005150100","RAJKOT, IN","22.3","70.783","138.0","2023-05-27",,,"90","H,,S",,,"81",",,S"
"IN005150100","RAJKOT, IN","22.3","70.783","138.0","2023-05-28",,,"94","H,,S",,,"81",",,S"
"IN005150100","RAJKOT, IN","22.3","70.783","138.0","2023-05-29",,,"93","H,,S",,,"80",",,S"
"IN005150100","RAJKOT, IN","22.3","70.783","138.0","2023-05-30",,,"93","H,,S",,,"81",",,S"
"IN005150100","RAJKOT, IN","22.3","70.783","138.0","2023-05-31",,,"91","H,,S",,,"80",",,S"
"IN005150100","RAJKOT, IN","22.3","70.783","138.0","2023-06-01",,,"92","H,,S","106",",,S","79",",,S"
"IN005150100","RAJKOT, IN","22.3","70.783","138.0","2023-06-02",,,"93","H,,S",,,"82",",,S"
"IN005150100","RAJKOT, IN","22.3","70.783","138.0","2023-06-03",,,"94","H,,S",,,"82",",,S"
"IN005150100","RAJKOT, IN","22.3","70.783","138.0","2023-06-04",,,"95","H,,S",,,"82",",,S"
"IN005150100","RAJKOT, IN","22.3","70.783","138.0","2023-06-05",,,"94","H,,S",,,"81",",,S"
"IN005150100","RAJKOT, IN","22.3","70.783","138.0","2023-06-06",,,"94","H,,S",,,"81",",,S"
"IN005150100","RAJKOT, IN","22.3","70.783","138.0","2023-06-07",,,"94","H,,S",,,"81",",,S"
"IN005150100","RAJKOT, IN","22.3","70.783","138.0","2023-06-08",,,"94","H,,S",,,,
"IN005150100","RAJKOT, IN","22.3","70.783","138.0","2023-06-09",,,"95","H,,S",,,"81",",,S"
"IN005150100","RAJKOT, IN","22.3","70.783","138.0","2023-06-10",,,"96","H,,S",,,"83",",,S"
"IN005150100","RAJKOT, IN","22.3","70.783","138.0","2023-06-11",,,"92","H,,S",,,"82",",,S"
"IN005150100","RAJKOT, IN","22.3","70.783","138.0","2023-06-12",,,"86","H,,S",,,,
"IN005150100","RAJKOT, IN","22.3","70.783","138.0","2023-06-13",,,"84","H,,S",,,"77",",,S"
"IN005150100","RAJKOT, IN","22.3","70.783","138.0","2023-06-14",,,"88","H,,S","95",",,S","77",",,S"
"IN005150100","RAJKOT, IN","22.3","70.783","138.0","2023-06-15","0.01",",,S","85","H,,S","89",",,S","79",",,S"
"IN005150100","RAJKOT, IN","22.3","70.783","138.0","2023-06-16","2.52",",,S","80","H,,S",,,,
"IN005150100","RAJKOT, IN","22.3","70.783","138.0","2023-06-17","3.43",",,S","86","H,,S",,,"76",",,S"
"IN005150100","RAJKOT, IN","22.3","70.783","138.0","2023-06-18","0.00",",,S","88","H,,S",,,"81",",,S"
"IN005150100","RAJKOT, IN","22.3","70.783","138.0","2023-06-19",,,"88","H,,S",,,"80",",,S"
"IN005150100","RAJKOT, IN","22.3","70.783","138.0","2023-06-20",,,"88","H,,S",,,"79",",,S"
"IN005150100","RAJKOT, IN","22.3","70.783","138.0","2023-06-21",,,"89","H,,S",,,"80",",,S"
"IN005150100","RAJKOT, IN","22.3","70.783","138.0","2023-06-22",,,"91","H,,S",,,"80",",,S"
"IN005150100","RAJKOT, IN","22.3","70.783","138.0","2023-06-23",,,"89","H,,S",,,"81",",,S"
"IN005150100","RAJKOT, IN","22.3","70.783","138.0","2023-06-24",,,"88","H,,S",,,,
"IN005150100","RAJKOT, IN","22.3","70.783","138.0","2023-06-25",,,"81","H,,S","94",",,S","75",",,S"
"IN005150100","RAJKOT, IN","22.3","70.783","138.0","2023-06-26",,,"82","H,,S",,,"76",",,S"
"IN005150100","RAJKOT, IN","22.3","70.783","138.0","2023-06-27","0.31",",,S","83","H,,S",,,"76",",,S"
"IN005150100","RAJKOT, IN","22.3","70.783","138.0","2023-06-28","0.39",",,S","84","H,,S",,,"79",",,S"
"IN005150100","RAJKOT, IN","22.3","70.783","138.0","2023-06-29","0.00",",,S","83","H,,S",,,,
"IN005150100","RAJKOT, IN","22.3","70.783","138.0","2023-06-30","2.01",",,S","80","H,,S",,,"72",",,S"
"IN005150100","RAJKOT, IN","22.3","70.783","138.0","2023-07-01","0.16",",,S","82","H,,S",,,"76",",,S"
"IN005150100","RAJKOT, IN","22.3","70.783","138.0","2023-07-02","0.35",",,S","85","H,,S",,,"79",",,S"
"IN005150100","RAJKOT, IN","22.3","70.783","138.0","2023-07-03","0.00",",,S","89","H,,S",,,"79",",,S"
"IN005150100","RAJKOT, IN","22.3","70.783","138.0","2023-07-04",,,"87","H,,S",,,"81",",,S"
"IN005150100","RAJKOT, IN","22.3","70.783","138.0","2023-07-05",,,"88","H,,S",,,"81",",,S"
"IN005150100","RAJKOT, IN","22.3","70.783","138.0","2023-07-06","0.83",",,S","83","H,,S","92",",,S","74",",,S"
"IN005150100","RAJKOT, IN","22.3","70.783","138.0","2023-07-07","0.01",",,S","83","H,,S",,,"80",",,S"
"IN005150100","RAJKOT, IN","22.3","70.783","138.0","2023-07-08","0.47",",,S","82","H,,S",,,"78",",,S"
"IN005150100","RAJKOT, IN","22.3","70.783","138.0","2023-07-09","0.35",",,S","82","H,,S",,,,
"IN005150100","RAJKOT, IN","22.3","70.783","138.0","2023-07-10","2.44",",,S","82","H,,S",,,"77",",,S"
"IN005150100","RAJKOT, IN","22.3","70.783","138.0","2023-07-11","0.00",",,S","86","H,,S",,,"78",",,S"
"IN005150100","RAJKOT, IN","22.3","70.783","138.0","2023-07-12",,,"87","H,,S",,,"79",",,S"
"IN005150100","RAJKOT, IN","22.3","70.783","138.0","2023-07-13",,,"87","H,,S",,,"80",",,S"
"IN005150100","RAJKOT, IN","22.3","70.783","138.0","2023-07-14",,,"86","H,,S",,,"80",",,S"
"IN005150100","RAJKOT, IN","22.3","70.783","138.0","2023-07-15",,,"86","H,,S",,,"79",",,S"
"IN005150100","RAJKOT, IN","22.3","70.783","138.0","2023-07-16",,,"88","H,,S",,,"79",",,S"
"IN005150100","RAJKOT, IN","22.3","70.783","138.0","2023-07-17",,,"87","H,,S",,,"80",",,S"
"IN005150100","RAJKOT, IN","22.3","70.783","138.0","2023-07-18",,,"86","H,,S",,,"81",",,S"
"IN005150100","RAJKOT, IN","22.3","70.783","138.0","2023-07-19","0.12",",,S","81","H,,S",,,"79",",,S"
"IN005150100","RAJKOT, IN","22.3","70.783","138.0","2023-07-20","0.31",",,S","80","H,,S",,,"77",",,S"
"IN005150100","RAJKOT, IN","22.3","70.783","138.0","2023-07-21","1.34",",,S","84","H,,S",,,"77",",,S"
"IN005150100","RAJKOT, IN","22.3","70.783","138.0","2023-07-22","0.00",",,S","81","H,,S",,,"79",",,S"
"IN005150100","RAJKOT, IN","22.3","70.783","138.0","2023-07-23","0.94",",,S","80","H,,S",,,"77",",,S"
"IN005150100","RAJKOT, IN","22.3","70.783","138.0","2023-07-24","1.06",",,S","82","H,,S",,,"78",",,S"
"IN005150100","RAJKOT, IN","22.3","70.783","138.0","2023-07-25","0.20",",,S","82","H,,S",,,"77",",,S"
"IN005150100","RAJKOT, IN","22.3","70.783","138.0","2023-07-26","0.24",",,S","84","H,,S",,,"78",",,S"
"IN005150100","RAJKOT, IN","22.3","70.783","138.0","2023-07-27","0.01",",,S","85","H,,S",,,"78",",,S"
"IN005150100","RAJKOT, IN","22.3","70.783","138.0","2023-07-28","0.00",",,S","83","H,,S",,,"78",",,S"
"IN005150100","RAJKOT, IN","22.3","70.783","138.0","2023-07-29","0.01",",,S","83","H,,S",,,"78",",,S"
"IN005150100","RAJKOT, IN","22.3","70.783","138.0","2023-07-30","0.01",",,S","83","H,,S",,,"77",",,S"
"IN005150100","RAJKOT, IN","22.3","70.783","138.0","2023-07-31","0.04",",,S","82","H,,S",,,"78",",,S"
"IN005150100","RAJKOT, IN","22.3","70.783","138.0","2023-08-01","0.08",",,S","82","H,,S",,,"77",",,S"
"IN005150100","RAJKOT, IN","22.3","70.783","138.0","2023-08-02","0.02",",,S","83","H,,S",,,"78",",,S"
"IN005150100","RAJKOT, IN","22.3","70.783","138.0","2023-08-03","0.01",",,S","84","H,,S",,,"78",",,S"
"IN005150100","RAJKOT, IN","22.3","70.783","138.0","2023-08-04","0.01",",,S","83","H,,S",,,"78",",,S"
"IN005150100","RAJKOT, IN","22.3","70.783","138.0","2023-08-05","0.02",",,S","85","H,,S",,,"79",",,S"
"IN005150100","RAJKOT, IN","22.3","70.783","138.0","2023-08-06","0.00",",,S","84","H,,S",,,"78",",,S"
"IN005150100","RAJKOT, IN","22.3","70.783","138.0","2023-08-07",,,"84","H,,S",,,"79",",,S"
"IN005150100","RAJKOT, IN","22.3","70.783","138.0","2023-08-08",,,"84","H,,S",,,"79",",,S"
"IN005150100","RAJKOT, IN","22.3","70.783","138.0","2023-08-09","0.00",",,S","83","H,,S",,,"79",",,S"
"IN005150100","RAJKOT, IN","22.3","70.783","138.0","2023-08-10",,,"84","H,,S",,,"78",",,S"
"IN005150100","RAJKOT, IN","22.3","70.783","138.0","2023-08-11","0.00",",,S","83","H,,S",,,"77",",,S"
"IN005150100","RAJKOT, IN","22.3","70.783","138.0","2023-08-12",,,"83","H,,S",,,"77",",,S"
"IN005150100","RAJKOT, IN","22.3","70.783","138.0","2023-08-13",,,"83","H,,S",,,"78",",,S"
"IN005150100","RAJKOT, IN","22.3","70.783","138.0","2023-08-14",,,"83","H,,S",,,"79",",,S"
"IN005150100","RAJKOT, IN","22.3","70.783","138.0","2023-08-15",,,"85","H,,S",,,"78",",,S"
"IN005150100","RAJKOT, IN","22.3","70.783","138.0","2023-08-16",,,"84","H,,S",,,"78",",,S"
"IN005150100","RAJKOT, IN","22.3","70.783","138.0","2023-08-17",,,"84","H,,S",,,"77",",,S"
"IN005150100","RAJKOT, IN","22.3","70.783","138.0","2023-08-18",,,"86","H,,S",,,"77",",,S"
"IN005150100","RAJKOT, IN","22.3","70.783","138.0","2023-08-19",,,"85","H,,S",,,"78",",,S"
"IN005150100","RAJKOT, IN","22.3","70.783","138.0","2023-08-20",,,"82","H,,S",,,"78",",,S"
"IN005150100","RAJKOT, IN","22.3","70.783","138.0","2023-08-21","0.00",",,S","80","H,,S",,,"76",",,S"
"IN005150100","RAJKOT, IN","22.3","70.783","138.0","2023-08-22","0.12",",,S","84","H,,S",,,"76",",,S"
"IN005150100","RAJKOT, IN","22.3","70.783","138.0","2023-08-23","0.00",",,S","84","H,,S",,,"77",",,S"
"IN005150100","RAJKOT, IN","22.3","70.783","138.0","2023-08-24",,,"84","H,,S","93",",,S","78",",,S"
"IN005150100","RAJKOT, IN","22.3","70.783","138.0","2023-08-25",,,"86","H,,S",,,"77",",,S"
"IN005150100","RAJKOT, IN","22.3","70.783","138.0","2023-08-26","0.00",",,S","85","H,,S",,,"78",",,S"
"IN005150100","RAJKOT, IN","22.3","70.783","138.0","2023-08-27",,,"85","H,,S",,,"77",",,S"
"IN005150100","RAJKOT, IN","22.3","70.783","138.0","2023-08-28",,,"85","H,,S",,,"77",",,S"
"IN005150100","RAJKOT, IN","22.3","70.783","138.0","2023-08-29",,,"85","H,,S",,,"77",",,S"
"IN005150100","RAJKOT, IN","22.3","70.783","138.0","2023-08-30",,,"86","H,,S",,,"76",",,S"
"IN005150100","RAJKOT, IN","22.3","70.783","138.0","2023-08-31",,,"87","H,,S",,,"76",",,S"
"IN005150100","RAJKOT, IN","22.3","70.783","138.0","2023-09-01",,,"86","H,,S",,,"77",",,S"
"IN005150100","RAJKOT, IN","22.3","70.783","138.0","2023-09-02",,,"85","H,,S",,,"77",",,S"
"IN005150100","RAJKOT, IN","22.3","70.783","138.0","2023-09-03",,,"85","H,,S",,,"76",",,S"
"IN005150100","RAJKOT, IN","22.3","70.783","138.0","2023-09-04",,,"85","H,,S",,,"76",",,S"
"IN005150100","RAJKOT, IN","22.3","70.783","138.0","2023-09-05",,,"87","H,,S",,,"76",",,S"
"IN005150100","RAJKOT, IN","22.3","70.783","138.0","2023-09-06",,,"88","H,,S",,,"76",",,S"
"IN005150100","RAJKOT, IN","22.3","70.783","138.0","2023-09-07",,,"87","H,,S",,,,
"IN005150100","RAJKOT, IN","22.3","70.783","138.0","2023-09-08",,,"87","H,,S",,,"78",",,S"
"IN005150100","RAJKOT, IN","22.3","70.783","138.0","2023-09-09",,,"86","H,,S",,,"78",",,S"
"IN005150100","RAJKOT, IN","22.3","70.783","138.0","2023-09-10",,,"87","H,,S",,,"78",",,S"
"IN005150100","RAJKOT, IN","22.3","70.783","138.0","2023-09-11",,,"86","H,,S",,,"78",",,S"
"IN005150100","RAJKOT, IN","22.3","70.783","138.0","2023-09-12",,,"85","H,,S",,,"77",",,S"
"IN005150100","RAJKOT, IN","22.3","70.783","138.0","2023-09-13",,,"87","H,,S",,,"78",",,S"
"IN005150100","RAJKOT, IN","22.3","70.783","138.0","2023-09-14",,,"86","H,,S",,,"78",",,S"
"IN005150100","RAJKOT, IN","22.3","70.783","138.0","2023-09-15",,,"87","H,,S",,,"78",",,S"
"IN005150100","RAJKOT, IN","22.3","70.783","138.0","2023-09-16",,,"84","H,,S",,,"78",",,S"
"IN005150100","RAJKOT, IN","22.3","70.783","138.0","2023-09-17",,,"83","H,,S",,,"79",",,S"
"IN005150100","RAJKOT, IN","22.3","70.783","138.0","2023-09-18","0.12",",,S","77","H,,S",,,"76",",,S"
"IN005150100","RAJKOT, IN","22.3","70.783","138.0","2023-09-19","2.13",",,S","78","H,,S",,,"76",",,S"
"IN005150100","RAJKOT, IN","22.3","70.783","138.0","2023-09-20","0.47",",,S","83","H,,S",,,"74",",,S"
"IN005150100","RAJKOT, IN","22.3","70.783","138.0","2023-09-21","0.02",",,S","83","H,,S",,,"78",",,S"
"IN005150100","RAJKOT, IN","22.3","70.783","138.0","2023-09-22","0.12",",,S","84","H,,S",,,"77",",,S"
"IN005150100","RAJKOT, IN","22.3","70.783","138.0","2023-09-23","0.00",",,S","85","H,,S",,,"78",",,S"
"IN005150100","RAJKOT, IN","22.3","70.783","138.0","2023-09-24",,,"84","H,,S",,,"78",",,S"
"IN005150100","RAJKOT, IN","22.3","70.783","138.0","2023-09-25","0.00",",,S","85","H,,S",,,"78",",,S"
"IN005150100","RAJKOT, IN","22.3","70.783","138.0","2023-09-26",,,"85","H,,S",,,"78",",,S"
"IN005150100","RAJKOT, IN","22.3","70.783","138.0","2023-09-27",,,"85","H,,S",,,"78",",,S"
"IN005150100","RAJKOT, IN","22.3","70.783","138.0","2023-09-28",,,"86","H,,S",,,"78",",,S"
"IN005150100","RAJKOT, IN","22.3","70.783","138.0","2023-09-29",,,"89","H,,S",,,"78",",,S"
"IN005150100","RAJKOT, IN","22.3","70.783","138.0","2023-09-30",,,"87","H,,S",,,"78",",,S"
"IN005150100","RAJKOT, IN","22.3","70.783","138.0","2023-10-01",,,"87","H,,S",,,"78",",,S"
"IN005150100","RAJKOT, IN","22.3","70.783","138.0","2023-10-02",,,"86","H,,S",,,"76",",,S"
"IN005150100","RAJKOT, IN","22.3","70.783","138.0","2023-10-03",,,"85","H,,S",,,"76",",,S"
"IN005150100","RAJKOT, IN","22.3","70.783","138.0","2023-10-04",,,"85","H,,S",,,"75",",,S"
"IN005150100","RAJKOT, IN","22.3","70.783","138.0","2023-10-05",,,"85","H,,S",,,"74",",,S"
"IN005150100","RAJKOT, IN","22.3","70.783","138.0","2023-10-06",,,"84","H,,S",,,"75",",,S"
"IN005150100","RAJKOT, IN","22.3","70.783","138.0","2023-10-07",,,"85","H,,S",,,"75",",,S"
"IN005150100","RAJKOT, IN","22.3","70.783","138.0","2023-10-08",,,"85","H,,S",,,"76",",,S"
"IN005150100","RAJKOT, IN","22.3","70.783","138.0","2023-10-09",,,"84","H,,S",,,"75",",,S"
"IN005150100","RAJKOT, IN","22.3","70.783","138.0","2023-10-10",,,"84","H,,S",,,"75",",,S"
"IN005150100","RAJKOT, IN","22.3","70.783","138.0","2023-10-11",,,"85","H,,S",,,"76",",,S"
"IN005150100","RAJKOT, IN","22.3","70.783","138.0","2023-10-12",,,"86","H,,S",,,"76",",,S"
"IN005150100","RAJKOT, IN","22.3","70.783","138.0","2023-10-13",,,"86","H,,S",,,"77",",,S"
"IN005150100","RAJKOT, IN","22.3","70.783","138.0","2023-10-14","0.04",",,S","86","H,,S",,,"77",",,S"
"IN005150100","RAJKOT, IN","22.3","70.783","138.0","2023-10-15","0.00",",,S","85","H,,S",,,"77",",,S"
"IN005150100","RAJKOT, IN","22.3","70.783","138.0","2023-10-16",,,"85","H,,S",,,"76",",,S"
"IN005150100","RAJKOT, IN","22.3","70.783","138.0","2023-10-17",,,"85","H,,S",,,"75",",,S"
"IN005150100","RAJKOT, IN","22.3","70.783","138.0","2023-10-18",,,"85","H,,S",,,"75",",,S"
"IN005150100","RAJKOT, IN","22.3","70.783","138.0","2023-10-19",,,"85","H,,S",,,"72",",,S"
"IN005150100","RAJKOT, IN","22.3","70.783","138.0","2023-10-20",,,"85","H,,S",,,"73",",,S"
"IN005150100","RAJKOT, IN","22.3","70.783","138.0","2023-10-21",,,"86","H,,S",,,"73",",,S"
"IN005150100","RAJKOT, IN","22.3","70.783","138.0","2023-10-22",,,"86","H,,S",,,"74",",,S"
"IN005150100","RAJKOT, IN","22.3","70.783","138.0","2023-10-23",,,"86","H,,S",,,"74",",,S"
"IN005150100","RAJKOT, IN","22.3","70.783","138.0","2023-10-24",,,"87","H,,S","101",",,S","75",",,S"
"IN005150100","RAJKOT, IN","22.3","70.783","138.0","2023-10-25",,,"87","H,,S",,,"76",",,S"
"IN005150100","RAJKOT, IN","22.3","70.783","138.0","2023-10-26",,,"87","H,,S",,,"75",",,S"
"IN005150100","RAJKOT, IN","22.3","70.783","138.0","2023-10-27",,,"86","H,,S",,,"76",",,S"
"IN005150100","RAJKOT, IN","22.3","70.783","138.0","2023-10-28",,,"85","H,,S",,,"73",",,S"
"IN005150100","RAJKOT, IN","22.3","70.783","138.0","2023-10-29",,,"85","H,,S",,,"71",",,S"
"IN005150100","RAJKOT, IN","22.3","70.783","138.0","2023-10-30",,,"85","H,,S",,,"71",",,S"
"IN005150100","RAJKOT, IN","22.3","70.783","138.0","2023-10-31",,,"85","H,,S",,,"71",",,S"
"IN005150100","RAJKOT, IN","22.3","70.783","138.0","2023-11-01",,,"85","H,,S","99",",,S","72",",,S"
"IN005150100","RAJKOT, IN","22.3","70.783","138.0","2023-11-02",,,"84","H,,S",,,"71",",,S"
"IN005150100","RAJKOT, IN","22.3","70.783","138.0","2023-11-03",,,"84","H,,S",,,"70",",,S"
"IN005150100","RAJKOT, IN","22.3","70.783","138.0","2023-11-04",,,"84","H,,S",,,"72",",,S"
"IN005150100","RAJKOT, IN","22.3","70.783","138.0","2023-11-05",,,"83","H,,S",,,"69",",,S"
"IN005150100","RAJKOT, IN","22.3","70.783","138.0","2023-11-06",,,"86","H,,S",,,"74",",,S"
"IN005150100","RAJKOT, IN","22.3","70.783","138.0","2023-11-07",,,"85","H,,S",,,"73",",,S"
"IN005150100","RAJKOT, IN","22.3","70.783","138.0","2023-11-08",,,"83","H,,S",,,"70",",,S"
"IN005150100","RAJKOT, IN","22.3","70.783","138.0","2023-11-09",,,"85","H,,S",,,"71",",,S"
"IN005150100","RAJKOT, IN","22.3","70.783","138.0","2023-11-10",,,"85","H,,S",,,"72",",,S"
"IN005150100","RAJKOT, IN","22.3","70.783","138.0","2023-11-11",,,"83","H,,S",,,"72",",,S"
"IN005150100","RAJKOT, IN","22.3","70.783","138.0","2023-11-12",,,"78","H,,S",,,"65",",,S"
"IN005150100","RAJKOT, IN","22.3","70.783","138.0","2023-11-13",,,"76","H,,S",,,"58",",,S"
"IN005150100","RAJKOT, IN","22.3","70.783","138.0","2023-11-14",,,"80","H,,S",,,"55",",,S"
"IN005150100","RAJKOT, IN","22.3","70.783","138.0","2023-11-15",,,"78","H,,S",,,"65",",,S"
"IN005150100","RAJKOT, IN","22.3","70.783","138.0","2023-11-16",,,"78","H,,S",,,,
"IN005150100","RAJKOT, IN","22.3","70.783","138.0","2023-11-17",,,"79","H,,S",,,"63",",,S"
"IN005150100","RAJKOT, IN","22.3","70.783","138.0","2023-11-18",,,"78","H,,S",,,"66",",,S"
"IN005150100","RAJKOT, IN","22.3","70.783","138.0","2023-11-19",,,"77","H,,S",,,"65",",,S"
"IN005150100","RAJKOT, IN","22.3","70.783","138.0","2023-11-20",,,"80","H,,S",,,"67",",,S"
"IN005150100","RAJKOT, IN","22.3","70.783","138.0","2023-11-21",,,"83","H,,S",,,,
"IN005150100","RAJKOT, IN","22.3","70.783","138.0","2023-11-22",,,"79","H,,S",,,"71",",,S"
"IN005150100","RAJKOT, IN","22.3","70.783","138.0","2023-11-23",,,"77","H,,S",,,,
"IN005150100","RAJKOT, IN","22.3","70.783","138.0","2023-11-24",,,"79","H,,S",,,"66",",,S"
"IN005150100","RAJKOT, IN","22.3","70.783","138.0","2023-11-25",,,"82","H,,S",,,"68",",,S"
"IN005150100","RAJKOT, IN","22.3","70.783","138.0","2023-11-26","0.00",",,S","73","H,,S",,,,
"IN005150100","RAJKOT, IN","22.3","70.783","138.0","2023-11-27","0.71",",,S","71","H,,S",,,,
"IN005150100","RAJKOT, IN","22.3","70.783","138.0","2023-11-28","0.00",",,S","71","H,,S",,,"64",",,S"
"IN005150100","RAJKOT, IN","22.3","70.783","138.0","2023-11-29",,,"72","H,,S",,,"62",",,S"
"IN005150100","RAJKOT, IN","22.3","70.783","138.0","2023-11-30",,,"72","H,,S",,,"60",",,S"
"IN005150100","RAJKOT, IN","22.3","70.783","138.0","2023-12-01",,,"73","H,,S",,,"59",",,S"
"IN005150100","RAJKOT, IN","22.3","70.783","138.0","2023-12-02",,,"74","H,,S",,,"62",",,S"
"IN005150100","RAJKOT, IN","22.3","70.783","138.0","2023-12-03",,,"76","H,,S",,,"65",",,S"
"IN005150100","RAJKOT, IN","22.3","70.783","138.0","2023-12-04",,,"74","H,,S",,,"64",",,S"
"IN005150100","RAJKOT, IN","22.3","70.783","138.0","2023-12-05",,,"72","H,,S",,,"62",",,S"
"IN005150100","RAJKOT, IN","22.3","70.783","138.0","2023-12-06",,,"74","H,,S",,,"62",",,S"
"IN005150100","RAJKOT, IN","22.3","70.783","138.0","2023-12-07",,,"73","H,,S",,,"61",",,S"
"IN005150100","RAJKOT, IN","22.3","70.783","138.0","2023-12-08",,,"73","H,,S",,,"59",",,S"
"IN005150100","RAJKOT, IN","22.3","70.783","138.0","2023-12-09",,,"71","H,,S",,,"57",",,S"
"IN005150100","RAJKOT, IN","22.3","70.783","138.0","2023-12-10",,,"71","H,,S",,,"58",",,S"
"IN005150100","RAJKOT, IN","22.3","70.783","138.0","2023-12-11",,,"72","H,,S",,,"56",",,S"
"IN005150100","RAJKOT, IN","22.3","70.783","138.0","2023-12-12",,,"72","H,,S",,,"55",",,S"
"IN005150100","RAJKOT, IN","22.3","70.783","138.0","2023-12-13",,,"72","H,,S",,,"56",",,S"
"IN005150100","RAJKOT, IN","22.3","70.783","138.0","2023-12-14",,,"75","H,,S",,,"58",",,S"
"IN005150100","RAJKOT, IN","22.3","70.783","138.0","2023-12-15",,,"78","H,,S",,,"67",",,S"
"IN005150100","RAJKOT, IN","22.3","70.783","138.0","2023-12-16",,,"73","H,,S",,,,
"IN005150100","RAJKOT, IN","22.3","70.783","138.0","2023-12-17",,,"71","H,,S",,,"56",",,S"
"IN005150100","RAJKOT, IN","22.3","70.783","138.0","2023-12-18",,,"71","H,,S",,,"59",",,S"
"IN005150100","RAJKOT, IN","22.3","70.783","138.0","2023-12-19",,,"72","H,,S",,,"60",",,S"
"IN005150100","RAJKOT, IN","22.3","70.783","138.0","2023-12-20",,,"70","H,,S",,,"64",",,S"
"IN005150100","RAJKOT, IN","22.3","70.783","138.0","2023-12-21",,,"73","H,,S",,,"58",",,S"
"IN005150100","RAJKOT, IN","22.3","70.783","138.0","2023-12-22",,,"73","H,,S",,,"59",",,S"
"IN005150100","RAJKOT, IN","22.3","70.783","138.0","2023-12-23",,,"74","H,,S",,,"58",",,S"
"IN005150100","RAJKOT, IN","22.3","70.783","138.0","2023-12-24",,,"75","H,,S",,,"58",",,S"
"IN005150100","RAJKOT, IN","22.3","70.783","138.0","2023-12-26",,,"71","H,,S",,,,
"IN005150100","RAJKOT, IN","22.3","70.783","138.0","2023-12-27",,,"71","H,,S",,,"56",",,S"
"IN005150100","RAJKOT, IN","22.3","70.783","138.0","2023-12-28",,,"73","H,,S",,,"58",",,S"
"IN005150100","RAJKOT, IN","22.3","70.783","138.0","2023-12-29",,,"74","H,,S",,,"59",",,S"
"IN005150100","RAJKOT, IN","22.3","70.783","138.0","2023-12-30",,,"74","H,,S",,,"60",",,S"
"IN005150100","RAJKOT, IN","22.3","70.783","138.0","2023-12-31",,,"70","H,,S",,,"58",",,S"
"IN005150100","RAJKOT, IN","22.3","70.783","138.0","2024-01-01",,,"69","H,,S",,,"55",",,S"
"IN005150100","RAJKOT, IN","22.3","70.783","138.0","2024-01-02",,,"68","H,,S",,,"55",",,S"
"IN005150100","RAJKOT, IN","22.3","70.783","138.0","2024-01-03",,,"67","H,,S",,,"53",",,S"
"IN005150100","RAJKOT, IN","22.3","70.783","138.0","2024-01-04",,,"67","H,,S",,,"51",",,S"
"IN005150100","RAJKOT, IN","22.3","70.783","138.0","2024-01-05",,,"68","H,,S",,,"51",",,S"
"IN005150100","RAJKOT, IN","22.3","70.783","138.0","2024-01-06",,,"67","H,,S",,,"52",",,S"
"IN005150100","RAJKOT, IN","22.3","70.783","138.0","2024-01-07",,,"69","H,,S",,,"54",",,S"
"IN005150100","RAJKOT, IN","22.3","70.783","138.0","2024-01-08",,,"69","H,,S",,,"56",",,S"
"IN005150100","RAJKOT, IN","22.3","70.783","138.0","2024-01-09",,,"69","H,,S",,,"57",",,S"
"IN005150100","RAJKOT, IN","22.3","70.783","138.0","2024-01-10",,,"68","H,,S",,,"55",",,S"
"IN005150100","RAJKOT, IN","22.3","70.783","138.0","2024-01-11",,,"71","H,,S",,,"55",",,S"
"IN005150100","RAJKOT, IN","22.3","70.783","138.0","2024-01-12",,,"72","H,,S",,,"55",",,S"
"IN005150100","RAJKOT, IN","22.3","70.783","138.0","2024-01-13",,,"72","H,,S",,,"58",",,S"
"IN005150100","RAJKOT, IN","22.3","70.783","138.0","2024-01-14",,,"71","H,,S",,,"55",",,S"
"IN005150100","RAJKOT, IN","22.3","70.783","138.0","2024-01-15",,,"70","H,,S",,,"54",",,S"
"IN005150100","RAJKOT, IN","22.3","70.783","138.0","2024-01-16",,,"70","H,,S",,,"55",",,S"
"IN005150100","RAJKOT, IN","22.3","70.783","138.0","2024-01-17",,,"72","H,,S",,,"59",",,S"
"IN005150100","RAJKOT, IN","22.3","70.783","138.0","2024-01-18",,,"71","H,,S",,,"57",",,S"
"IN005150100","RAJKOT, IN","22.3","70.783","138.0","2024-01-19",,,"69","H,,S",,,"53",",,S"
"IN005150100","RAJKOT, IN","22.3","70.783","138.0","2024-01-20",,,"70","H,,S",,,"51",",,S"
"IN005150100","RAJKOT, IN","22.3","70.783","138.0","2024-01-21",,,"70","H,,S",,,"53",",,S"
"IN005150100","RAJKOT, IN","22.3","70.783","138.0","2024-01-22",,,"72","H,,S",,,"54",",,S"
"IN005150100","RAJKOT, IN","22.3","70.783","138.0","2024-01-23",,,"72","H,,S",,,"56",",,S"
"IN005150100","RAJKOT, IN","22.3","70.783","138.0","2024-01-24",,,"71","H,,S",,,"55",",,S"
"IN005150100","RAJKOT, IN","22.3","70.783","138.0","2024-01-25",,,"72","H,,S",,,"56",",,S"
"IN005150100","RAJKOT, IN","22.3","70.783","138.0","2024-01-26",,,"71","H,,S",,,"54",",,S"
"IN005150100","RAJKOT, IN","22.3","70.783","138.0","2024-01-27",,,"74","H,,S",,,"55",",,S"
"IN005150100","RAJKOT, IN","22.3","70.783","138.0","2024-01-28",,,"73","H,,S",,,"54",",,S"
"IN005150100","RAJKOT, IN","22.3","70.783","138.0","2024-01-29",,,"73","H,,S",,,"59",",,S"
"IN005150100","RAJKOT, IN","22.3","70.783","138.0","2024-01-30",,,"73","H,,S",,,,
"IN005150100","RAJKOT, IN","22.3","70.783","138.0","2024-01-31",,,"75","H,,S",,,"62",",,S"
"IN005150100","RAJKOT, IN","22.3","70.783","138.0","2024-02-01",,,"76","H,,S",,,"64",",,S"
"IN005150100","RAJKOT, IN","22.3","70.783","138.0","2024-02-02",,,"76","H,,S",,,"63",",,S"
"IN005150100","RAJKOT, IN","22.3","70.783","138.0","2024-02-03",,,"78","H,,S",,,"62",",,S"
"IN005150100","RAJKOT, IN","22.3","70.783","138.0","2024-02-04",,,"79","H,,S",,,"64",",,S"
"IN005150100","RAJKOT, IN","22.3","70.783","138.0","2024-02-05",,,"76","H,,S",,,"65",",,S"
"IN005150100","RAJKOT, IN","22.3","70.783","138.0","2024-02-06",,,"76","H,,S",,,"66",",,S"
"IN005150100","RAJKOT, IN","22.3","70.783","138.0","2024-02-07",,,"76","H,,S",,,"62",",,S"
"IN005150100","RAJKOT, IN","22.3","70.783","138.0","2024-02-08",,,"72","H,,S",,,"61",",,S"
"IN005150100","RAJKOT, IN","22.3","70.783","138.0","2024-02-09",,,"69","H,,S",,,"56",",,S"
"IN005150100","RAJKOT, IN","22.3","70.783","138.0","2024-02-10",,,"71","H,,S",,,"55",",,S"
"IN005150100","RAJKOT, IN","22.3","70.783","138.0","2024-02-11",,,"72","H,,S",,,"53",",,S"
"IN005150100","RAJKOT, IN","22.3","70.783","138.0","2024-02-12",,,"72","H,,S",,,"56",",,S"
"IN005150100","RAJKOT, IN","22.3","70.783","138.0","2024-02-13",,,"72","H,,S",,,"58",",,S"
"IN005150100","RAJKOT, IN","22.3","70.783","138.0","2024-02-14",,,"73","H,,S",,,"58",",,S"
"IN005150100","RAJKOT, IN","22.3","70.783","138.0","2024-02-15",,,"76","H,,S",,,"53",",,S"
"IN005150100","RAJKOT, IN","22.3","70.783","138.0","2024-02-16",,,"80","H,,S",,,"63",",,S"
"IN005150100","RAJKOT, IN","22.3","70.783","138.0","2024-02-17",,,"82","H,,S",,,"63",",,S"
"IN005150100","RAJKOT, IN","22.3","70.783","138.0","2024-02-18",,,"80","H,,S",,,"64",",,S"
"IN005150100","RAJKOT, IN","22.3","70.783","138.0","2024-02-19",,,"79","H,,S",,,,
"IN005150100","RAJKOT, IN","22.3","70.783","138.0","2024-02-20",,,"78","H,,S",,,"66",",,S"
"IN005150100","RAJKOT, IN","22.3","70.783","138.0","2024-02-21",,,"77","H,,S",,,"67",",,S"
"IN005150100","RAJKOT, IN","22.3","70.783","138.0","2024-02-22",,,"76","H,,S",,,"67",",,S"
"IN005150100","RAJKOT, IN","22.3","70.783","138.0","2024-02-23",,,"75","H,,S",,,"54",",,S"
"IN005150100","RAJKOT, IN","22.3","70.783","138.0","2024-02-24",,,"72","H,,S",,,"53",",,S"
"IN005150100","RAJKOT, IN","22.3","70.783","138.0","2024-02-25",,,"76","H,,S",,,"55",",,S"
"IN005150100","RAJKOT, IN","22.3","70.783","138.0","2024-02-26",,,"78","H,,S",,,"64",",,S"
"IN005150100","RAJKOT, IN","22.3","70.783","138.0","2024-02-27",,,"78","H,,S",,,"60",",,S"
"IN005150100","RAJKOT, IN","22.3","70.783","138.0","2024-02-28",,,"81","H,,S",,,"61",",,S"
"IN005150100","RAJKOT, IN","22.3","70.783","138.0","2024-02-29",,,"85","H,,S",,,"66",",,S"
"IN005150100","RAJKOT, IN","22.3","70.783","138.0","2024-03-01",,,"81","H,,S",,,"71",",,S"
"IN005150100","RAJKOT, IN","22.3","70.783","138.0","2024-03-02",,,"73","H,,S",,,,
"IN005150100","RAJKOT, IN","22.3","70.783","138.0","2024-03-03",,,"68","H,,S",,,"56",",,S"
"IN005150100","RAJKOT, IN","22.3","70.783","138.0","2024-03-04",,,"70","H,,S",,,"51",",,S"
"IN005150100","RAJKOT, IN","22.3","70.783","138.0","2024-03-05",,,"74","H,,S",,,"56",",,S"
"IN005150100","RAJKOT, IN","22.3","70.783","138.0","2024-03-06",,,"76","H,,S","93",",,S","55",",,S"
"IN005150100","RAJKOT, IN","22.3","70.783","138.0","2024-03-07",,,"80","H,,S",,,"59",",,S"
"IN005150100","RAJKOT, IN","22.3","70.783","138.0","2024-03-08",,,"78","H,,S",,,"62",",,S"
"IN005150100","RAJKOT, IN","22.3","70.783","138.0","2024-03-09",,,"78","H,,S",,,"61",",,S"
"IN005150100","RAJKOT, IN","22.3","70.783","138.0","2024-03-10",,,"81","H,,S",,,"63",",,S"
"IN005150100","RAJKOT, IN","22.3","70.783","138.0","2024-03-11",,,"83","H,,S",,,"64",",,S"
"IN005150100","RAJKOT, IN","22.3","70.783","138.0","2024-03-12",,,"81","H,,S",,,"65",",,S"
"IN005150100","RAJKOT, IN","22.3","70.783","138.0","2024-03-13",,,"80","H,,S",,,"68",",,S"
"IN005150100","RAJKOT, IN","22.3","70.783","138.0","2024-03-14",,,"79","H,,S",,,"65",",,S"
"IN005150100","RAJKOT, IN","22.3","70.783","138.0","2024-03-15",,,"81","H,,S",,,"64",",,S"
"IN005150100","RAJKOT, IN","22.3","70.783","138.0","2024-03-16",,,"84","H,,S","99",",,S","67",",,S"
"IN005150100","RAJKOT, IN","22.3","70.783","138.0","2024-03-17",,,"85","H,,S",,,"68",",,S"
"IN005150100","RAJKOT, IN","22.3","70.783","138.0","2024-03-18",,,"85","H,,S",,,"65",",,S"
"IN005150100","RAJKOT, IN","22.3","70.783","138.0","2024-03-19",,,"86","H,,S",,,"65",",,S"
"IN005150100","RAJKOT, IN","22.3","70.783","138.0","2024-03-20",,,"86","H,,S",,,"67",",,S"
"IN005150100","RAJKOT, IN","22.3","70.783","138.0","2024-03-21",,,"88","H,,S",,,"73",",,S"
"IN005150100","RAJKOT, IN","22.3","70.783","138.0","2024-03-22",,,"86","H,,S",,,"68",",,S"
"IN005150100","RAJKOT, IN","22.3","70.783","138.0","2024-03-23",,,"85","H,,S",,,"68",",,S"
"IN005150100","RAJKOT, IN","22.3","70.783","138.0","2024-03-24",,,"84","H,,S",,,"68",",,S"
"IN005150100","RAJKOT, IN","22.3","70.783","138.0","2024-03-25",,,"87","H,,S",,,"71",",,S"
"IN005150100","RAJKOT, IN","22.3","70.783","138.0","2024-03-26",,,"86","H,,S",,,"71",",,S"
"IN005150100","RAJKOT, IN","22.3","70.783","138.0","2024-03-27",,,"93","H,,S",,,"73",",,S"
"IN005150100","RAJKOT, IN","22.3","70.783","138.0","2024-04-03",,,"85","H,,S",,,"69",",,S"
"IN005150100","RAJKOT, IN","22.3","70.783","138.0","2024-04-04",,,"85","H,,S",,,"71",",,S"
"IN005150100","RAJKOT, IN","22.3","70.783","138.0","2024-04-05",,,"85","H,,S",,,,
"IN005150100","RAJKOT, IN","22.3","70.783","138.0","2024-04-06",,,"88","H,,S",,,"76",",,S"
"IN005150100","RAJKOT, IN","22.3","70.783","138.0","2024-04-07",,,"85","H,,S",,,"67",",,S"
"IN005150100","RAJKOT, IN","22.3","70.783","138.0","2024-04-08",,,"90","H,,S",,,"72",",,S"
"IN005150100","RAJKOT, IN","22.3","70.783","138.0","2024-04-09",,,"90","H,,S",,,"73",",,S"
"IN005150100","RAJKOT, IN","22.3","70.783","138.0","2024-04-10",,,"90","H,,S",,,"72",",,S"
"IN005150100","RAJKOT, IN","22.3","70.783","138.0","2024-04-11",,,"89","H,,S",,,"72",",,S"
"IN005150100","RAJKOT, IN","22.3","70.783","138.0","2024-04-12",,,"87","H,,S",,,"77",",,S"
"IN005150100","RAJKOT, IN","22.3","70.783","138.0","2024-04-13",,,"87","H,,S",,,"73",",,S"
"IN005150100","RAJKOT, IN","22.3","70.783","138.0","2024-04-14",,,"89","H,,S",,,"75",",,S"
"IN005150100","RAJKOT, IN","22.3","70.783","138.0","2024-04-15",,,"93","H,,S",,,"74",",,S"
"IN005150100","RAJKOT, IN","22.3","70.783","138.0","2024-04-19",,,"88","H,,S","102",",,S","78",",,S"
"IN005150100","RAJKOT, IN","22.3","70.783","138.0","2024-04-20",,,"87","H,,S","100",",,S","72",",,S"
"IN005150100","RAJKOT, IN","22.3","70.783","138.0","2024-04-21",,,"87","H,,S","100",",,S","72",",,S"
"IN005150100","RAJKOT, IN","22.3","70.783","138.0","2024-04-22",,,"87","H,,S","101",",,S","74",",,S"
"IN005150100","RAJKOT, IN","22.3","70.783","138.0","2024-04-23",,,"87","H,,S",,,"72",",,S"
"IN005150100","RAJKOT, IN","22.3","70.783","138.0","2024-04-24",,,"89","H,,S",,,"74",",,S"
"IN005150100","RAJKOT, IN","22.3","70.783","138.0","2024-04-25",,,"89","H,,S",,,"72",",,S"
"IN005150100","RAJKOT, IN","22.3","70.783","138.0","2024-04-26",,,"89","H,,S",,,"72",",,S"
"IN005150100","RAJKOT, IN","22.3","70.783","138.0","2024-04-27",,,"90","H,,S",,,"73",",,S"
"IN005150100","RAJKOT, IN","22.3","70.783","138.0","2024-04-28",,,"92","H,,S",,,"73",",,S"
"IN005150100","RAJKOT, IN","22.3","70.783","138.0","2024-04-29",,,"91","H,,S",,,"73",",,S"
"IN005150100","RAJKOT, IN","22.3","70.783","138.0","2024-04-30",,,"91","H,,S",,,"74",",,S"
"IN005150100","RAJKOT, IN","22.3","70.783","138.0","2024-05-02",,,"89","H,,S",,,"74",",,S"
"IN005150100","RAJKOT, IN","22.3","70.783","138.0","2024-05-03",,,"91","H,,S",,,"75",",,S"
"IN005150100","RAJKOT, IN","22.3","70.783","138.0","2024-05-04",,,"92","H,,S",,,"76",",,S"
"IN005150100","RAJKOT, IN","22.3","70.783","138.0","2024-05-05",,,"88","H,,S",,,"76",",,S"
"IN005150100","RAJKOT, IN","22.3","70.783","138.0","2024-05-06",,,"90","H,,S",,,"76",",,S"
"IN005150100","RAJKOT, IN","22.3","70.783","138.0","2024-05-07",,,"92","H,,S",,,"75",",,S"
"IN005150100","RAJKOT, IN","22.3","70.783","138.0","2024-05-08",,,"91","H,,S","108",",,S","78",",,S"
"IN005150100","RAJKOT, IN","22.3","70.783","138.0","2024-05-09",,,"92","H,,S",,,"76",",,S"
"IN005150100","RAJKOT, IN","22.3","70.783","138.0","2024-05-10",,,"90","H,,S",,,"78",",,S"
"IN005150100","RAJKOT, IN","22.3","70.783","138.0","2024-05-11",,,"91","H,,S",,,"76",",,S"
"IN005150100","RAJKOT, IN","22.3","70.783","138.0","2024-05-12",,,"91","H,,S",,,"78",",,S"
"IN005150100","RAJKOT, IN","22.3","70.783","138.0","2024-05-13",,,"92","H,,S",,,"76",",,S"
"IN005150100","RAJKOT, IN","22.3","70.783","138.0","2024-05-14","0.00",",,S","94","H,,S",,,"76",",,S"
"IN005150100","RAJKOT, IN","22.3","70.783","138.0","2024-05-15",,,"93","H,,S",,,"77",",,S"
"IN005150100","RAJKOT, IN","22.3","70.783","138.0","2024-05-16",,,"94","H,,S",,,"78",",,S"
"IN005150100","RAJKOT, IN","22.3","70.783","138.0","2024-05-17",,,"95","H,,S",,,"78",",,S"
"IN005150100","RAJKOT, IN","22.3","70.783","138.0","2024-05-18",,,"96","H,,S",,,"79",",,S"
"IN005150100","RAJKOT, IN","22.3","70.783","138.0","2024-05-19",,,"96","H,,S",,,"79",",,S"
"IN005150100","RAJKOT, IN","22.3","70.783","138.0","2024-05-20",,,"93","H,,S",,,"77",",,S"
"IN005150100","RAJKOT, IN","22.3","70.783","138.0","2024-05-21",,,"94","H,,S",,,"77",",,S"
"IN005150100","RAJKOT, IN","22.3","70.783","138.0","2024-05-22",,,"96","H,,S",,,"79",",,S"
"IN005150100","RAJKOT, IN","22.3","70.783","138.0","2024-05-23",,,"95","H,,S",,,"78",",,S"
"IN005150100","RAJKOT, IN","22.3","70.783","138.0","2024-05-24",,,"93","H,,S",,,"78",",,S"
"IN005150100","RAJKOT, IN","22.3","70.783","138.0","2024-05-25",,,"92","H,,S",,,"79",",,S"
"IN005150100","RAJKOT, IN","22.3","70.783","138.0","2024-05-26",,,"92","H,,S",,,"78",",,S"
"IN005150100","RAJKOT, IN","22.3","70.783","138.0","2024-05-27",,,"94","H,,S",,,"80",",,S"
"IN005150100","RAJKOT, IN","22.3","70.783","138.0","2024-05-28",,,"93","H,,S",,,"79",",,S"
"IN005150100","RAJKOT, IN","22.3","70.783","138.0","2024-05-29",,,"92","H,,S",,,"80",",,S"
"IN005150100","RAJKOT, IN","22.3","70.783","138.0","2024-05-30",,,"93","H,,S",,,"78",",,S"
"IN005150100","RAJKOT, IN","22.3","70.783","138.0","2024-05-31",,,"92","H,,S",,,"79",",,S"
"IN005150100","RAJKOT, IN","22.3","70.783","138.0","2024-06-01",,,"92","H,,S",,,"79",",,S"
"IN005150100","RAJKOT, IN","22.3","70.783","138.0","2024-06-02",,,"93","H,,S",,,"79",",,S"
"IN005150100","RAJKOT, IN","22.3","70.783","138.0","2024-06-03",,,"92","H,,S",,,"80",",,S"
"IN005150100","RAJKOT, IN","22.3","70.783","138.0","2024-06-04",,,"91","H,,S",,,"78",",,S"
"IN005150100","RAJKOT, IN","22.3","70.783","138.0","2024-06-05",,,"92","H,,S",,,"77",",,S"
"IN005150100","RAJKOT, IN","22.3","70.783","138.0","2024-06-06",,,"92","H,,S",,,"78",",,S"
"IN005150100","RAJKOT, IN","22.3","70.783","138.0","2024-06-07",,,"92","H,,S",,,"78",",,S"
"IN005150100","RAJKOT, IN","22.3","70.783","138.0","2024-06-08",,,"92","H,,S",,,"79",",,S"
"IN005150100","RAJKOT, IN","22.3","70.783","138.0","2024-06-09",,,"93","H,,S",,,"79",",,S"
"IN005150100","RAJKOT, IN","22.3","70.783","138.0","2024-06-10",,,"93","H,,S",,,"79",",,S"
"IN005150100","RAJKOT, IN","22.3","70.783","138.0","2024-06-11",,,"93","H,,S",,,"78",",,S"
"IN005150100","RAJKOT, IN","22.3","70.783","138.0","2024-06-12",,,"92","H,,S",,,"78",",,S"
"IN005150100","RAJKOT, IN","22.3","70.783","138.0","2024-06-13",,,"91","H,,S",,,"78",",,S"
"IN005150100","RAJKOT, IN","22.3","70.783","138.0","2024-06-14",,,"89","H,,S",,,"79",",,S"
"IN005150100","RAJKOT, IN","22.3","70.783","138.0","2024-06-15",,,"91","H,,S",,,"78",",,S"
"IN005150100","RAJKOT, IN","22.3","70.783","138.0","2024-06-16",,,"90","H,,S",,,"80",",,S"
"IN005150100","RAJKOT, IN","22.3","70.783","138.0","2024-06-17",,,"91","H,,S",,,"79",",,S"
"IN005150100","RAJKOT, IN","22.3","70.783","138.0","2024-06-18",,,"90","H,,S",,,"80",",,S"
"IN005150100","RAJKOT, IN","22.3","70.783","138.0","2024-06-19",,,"92","H,,S",,,"80",",,S"
"IN005150100","RAJKOT, IN","22.3","70.783","138.0","2024-06-20",,,"92","H,,S",,,"80",",,S"
"IN005150100","RAJKOT, IN","22.3","70.783","138.0","2024-06-21",,,"94","H,,S",,,"81",",,S"
"IN005150100","RAJKOT, IN","22.3","70.783","138.0","2024-06-22",,,"92","H,,S",,,"81",",,S"
"IN005150100","RAJKOT, IN","22.3","70.783","138.0","2024-06-23",,,"87","H,,S",,,,
"IN005150100","RAJKOT, IN","22.3","70.783","138.0","2024-06-24",,,"86","H,,S",,,"72",",,S"
"IN005150100","RAJKOT, IN","22.3","70.783","138.0","2024-06-25",,,"90","H,,S",,,"75",",,S"
"IN005150100","RAJKOT, IN","22.3","70.783","138.0","2024-06-26",,,"87","H,,S",,,"77",",,S"
"IN005150100","RAJKOT, IN","22.3","70.783","138.0","2024-06-27",,,"87","H,,S",,,"76",",,S"
"IN005150100","RAJKOT, IN","22.3","70.783","138.0","2024-06-28",,,"86","H,,S",,,"78",",,S"
"IN005150100","RAJKOT, IN","22.3","70.783","138.0","2024-06-29",,,"82","H,,S",,,"78",",,S"
"IN005150100","RAJKOT, IN","22.3","70.783","138.0","2024-06-30",,,"84","H,,S",,,"76",",,S"
"IN005150100","RAJKOT, IN","22.3","70.783","138.0","2024-07-01",,,"80","H,,S",,,"74",",,S"
"IN005150100","RAJKOT, IN","22.3","70.783","138.0","2024-07-02",,,"84","H,,S",,,"71",",,S"
"IN005150100","RAJKOT, IN","22.3","70.783","138.0","2024-07-03",,,"87","H,,S",,,"78",",,S"
"IN005150100","RAJKOT, IN","22.3","70.783","138.0","2024-07-04",,,"87","H,,S",,,"78",",,S"
"IN005150100","RAJKOT, IN","22.3","70.783","138.0","2024-07-05",,,"85","H,,S",,,"78",",,S"
"IN005150100","RAJKOT, IN","22.3","70.783","138.0","2024-07-06",,,"87","H,,S",,,"75",",,S"
"IN005150100","RAJKOT, IN","22.3","70.783","138.0","2024-07-07",,,"88","H,,S",,,"76",",,S"
"IN005150100","RAJKOT, IN","22.3","70.783","138.0","2024-07-08",,,"88","H,,S",,,"72",",,S"
"IN005150100","RAJKOT, IN","22.3","70.783","138.0","2024-07-09","0.02",",,S","86","H,,S",,,"76",",,S"
"IN005150100","RAJKOT, IN","22.3","70.783","138.0","2024-07-10","1.93",",,S","85","H,,S",,,"67",",,S"
"IN005150100","RAJKOT, IN","22.3","70.783","138.0","2024-07-11","0.00",",,S","84","H,,S",,,"78",",,S"
"IN005150100","RAJKOT, IN","22.3","70.783","138.0","2024-07-12","0.24",",,S","85","H,,S",,,"77",",,S"
"IN005150100","RAJKOT, IN","22.3","70.783","138.0","2024-07-13","0.00",",,S","88","H,,S",,,,
"IN005150100","RAJKOT, IN","22.3","70.783","138.0","2024-07-14",,,"88","H,,S",,,,
"IN005150100","RAJKOT, IN","22.3","70.783","138.0","2024-07-15",,,"87","H,,S",,,"81",",,S"
"IN005150100","RAJKOT, IN","22.3","70.783","138.0","2024-07-16",,,"86","H,,S",,,,
"IN005150100","RAJKOT, IN","22.3","70.783","138.0","2024-07-17",,,"85","H,,S",,,,
"IN005150100","RAJKOT, IN","22.3","70.783","138.0","2024-07-18",,,"86","H,,S",,,"78",",,S"
"IN005150100","RAJKOT, IN","22.3","70.783","138.0","2024-07-19",,,"83","H,,S",,,"79",",,S"
"IN005150100","RAJKOT, IN","22.3","70.783","138.0","2024-07-20",,,"86","H,,S",,,,
"IN005150100","RAJKOT, IN","22.3","70.783","138.0","2024-07-21",,,"85","H,,S",,,"78",",,S"
"IN005150100","RAJKOT, IN","22.3","70.783","138.0","2024-07-22",,,"84","H,,S",,,"79",",,S"
"IN005150100","RAJKOT, IN","22.3","70.783","138.0","2024-07-23","0.55",",,S","81","H,,S",,,"77",",,S"
"IN005150100","RAJKOT, IN","22.3","70.783","138.0","2024-07-24","0.94",",,S","82","H,,S",,,"78",",,S"
"IN005150100","RAJKOT, IN","22.3","70.783","138.0","2024-07-25","0.35",",,S","82","H,,S","86",",,S","80",",,S"
"IN005150100","RAJKOT, IN","22.3","70.783","138.0","2024-07-26","0.16",",,S","83","H,,S",,,"79",",,S"
"IN005150100","RAJKOT, IN","22.3","70.783","138.0","2024-07-27","0.08",",,S","83","H,,S",,,"79",",,S"
"IN005150100","RAJKOT, IN","22.3","70.783","138.0","2024-07-28","0.00",",,S","83","H,,S",,,"80",",,S"
"IN005150100","RAJKOT, IN","22.3","70.783","138.0","2024-07-29",,,"83","H,,S",,,"79",",,S"
"IN005150100","RAJKOT, IN","22.3","70.783","138.0","2024-07-30","1.26",",,S","83","H,,S",,,"77",",,S"
"IN005150100","RAJKOT, IN","22.3","70.783","138.0","2024-07-31","0.02",",,S","84","H,,S",,,"79",",,S"
"IN005150100","RAJKOT, IN","22.3","70.783","138.0","2024-08-01","0.24",",,S","82","H,,S",,,"78",",,S"
"IN005150100","RAJKOT, IN","22.3","70.783","138.0","2024-08-02","0.08",",,S","81","H,,S",,,"78",",,S"
"IN005150100","RAJKOT, IN","22.3","70.783","138.0","2024-08-03","0.12",",,S","81","H,,S",,,"77",",,S"
"IN005150100","RAJKOT, IN","22.3","70.783","138.0","2024-08-04","0.20",",,S","83","H,,S",,,"78",",,S"
"IN005150100","RAJKOT, IN","22.3","70.783","138.0","2024-08-05","0.08",",,S","80","H,,S",,,"77",",,S"
"IN005150100","RAJKOT, IN","22.3","70.783","138.0","2024-08-06","0.12",",,S","80","H,,S",,,"76",",,S"
"IN005150100","RAJKOT, IN","22.3","70.783","138.0","2024-08-07","0.04",",,S","83","H,,S",,,"76",",,S"
"IN005150100","RAJKOT, IN","22.3","70.783","138.0","2024-08-08","0.00",",,S","83","H,,S",,,"77",",,S"
"IN005150100","RAJKOT, IN","22.3","70.783","138.0","2024-08-09",,,"82","H,,S",,,"77",",,S"
"IN005150100","RAJKOT, IN","22.3","70.783","138.0","2024-08-10","0.02",",,S","81","H,,S",,,"76",",,S"
"IN005150100","RAJKOT, IN","22.3","70.783","138.0","2024-08-11","0.03",",,S","82","H,,S",,,"76",",,S"
"IN005150100","RAJKOT, IN","22.3","70.783","138.0","2024-08-13",,,"80","H,,S",,,"77",",,S"
"IN005150100","RAJKOT, IN","22.3","70.783","138.0","2024-08-14",,,"82","H,,S",,,"76",",,S"
"IN005150100","RAJKOT, IN","22.3","70.783","138.0","2024-08-15",,,"83","H,,S",,,"76",",,S"
"IN005150100","RAJKOT, IN","22.3","70.783","138.0","2024-08-16",,,"83","H,,S",,,"77",",,S"
"IN005150100","RAJKOT, IN","22.3","70.783","138.0","2024-08-17",,,"83","H,,S",,,"76",",,S"
"IN005150100","RAJKOT, IN","22.3","70.783","138.0","2024-08-18",,,"84","H,,S",,,"77",",,S"
"IN005150100","RAJKOT, IN","22.3","70.783","138.0","2024-08-19",,,"85","H,,S",,,"77",",,S"
"IN005150100","RAJKOT, IN","22.3","70.783","138.0","2024-08-20",,,"86","H,,S",,,"77",",,S"
"IN005150100","RAJKOT, IN","22.3","70.783","138.0","2024-08-21",,,"85","H,,S",,,"77",",,S"
"IN005150100","RAJKOT, IN","22.3","70.783","138.0","2024-08-22",,,"86","H,,S",,,"78",",,S"
"IN005150100","RAJKOT, IN","22.3","70.783","138.0","2024-08-23",,,"86","H,,S",,,"78",",,S"
"IN005150100","RAJKOT, IN","22.3","70.783","138.0","2024-08-24",,,"84","H,,S",,,"77",",,S"
"IN005150100","RAJKOT, IN","22.3","70.783","138.0","2024-08-25","1.57",",,S","78","H,,S",,,,
"IN005150100","RAJKOT, IN","22.3","70.783","138.0","2024-08-26","8.98",",,S","79","H,,S",,,"73",",,S"
"IN005150100","RAJKOT, IN","22.3","70.783","138.0","2024-08-27","12.52",",,S","76","H,,S",,,"75",",,S"
"IN005150100","RAJKOT, IN","22.3","70.783","138.0","2024-08-28","4.57",",,S","77","H,,S",,,"74",",,S"
"IN005150100","RAJKOT, IN","22.3","70.783","138.0","2024-08-29","3.70",",,S","78","H,,S",,,"75",",,S"
"IN005150100","RAJKOT, IN","22.3","70.783","138.0","2024-08-30","0.28",",,S","81","H,,S",,,"76",",,S"
"IN005150100","RAJKOT, IN","22.3","70.783","138.0","2024-08-31","0.00",",,S","83","H,,S",,,"77",",,S"
"IN005150100","RAJKOT, IN","22.3","70.783","138.0","2024-09-01",,,"84","H,,S",,,"76",",,S"
"IN005150100","RAJKOT, IN","22.3","70.783","138.0","2024-09-02",,,"82","H,,S",,,"76",",,S"
"IN005150100","RAJKOT, IN","22.3","70.783","138.0","2024-09-03","0.16",",,S","81","H,,S",,,"77",",,S"
"IN005150100","RAJKOT, IN","22.3","70.783","138.0","2024-09-04","0.71",",,S","82","H,,S",,,"76",",,S"
"IN005150100","RAJKOT, IN","22.3","70.783","138.0","2024-09-05","0.20",",,S","80","H,,S",,,"76",",,S"
"IN005150100","RAJKOT, IN","22.3","70.783","138.0","2024-09-06","1.10",",,S","83","H,,S",,,"76",",,S"
"IN005150100","RAJKOT, IN","22.3","70.783","138.0","2024-09-07","0.00",",,S","84","H,,S",,,"77",",,S"
"IN005150100","RAJKOT, IN","22.3","70.783","138.0","2024-09-08",,,"85","H,,S",,,"77",",,S"
"IN005150100","RAJKOT, IN","22.3","70.783","138.0","2024-09-09",,,"84","H,,S",,,"76",",,S"
"IN005150100","RAJKOT, IN","22.3","70.783","138.0","2024-09-10",,,"84","H,,S",,,"76",",,S"
"IN005150100","RAJKOT, IN","22.3","70.783","138.0","2024-09-11",,,"84","H,,S",,,"76",",,S"
"IN005150100","RAJKOT, IN","22.3","70.783","138.0","2024-09-12",,,"83","H,,S",,,"76",",,S"
"IN005150100","RAJKOT, IN","22.3","70.783","138.0","2024-09-13",,,"83","H,,S",,,"76",",,S"
"IN005150100","RAJKOT, IN","22.3","70.783","138.0","2024-09-14",,,"83","H,,S",,,"75",",,S"
"IN005150100","RAJKOT, IN","22.3","70.783","138.0","2024-09-15",,,"83","H,,S",,,"76",",,S"
"IN005150100","RAJKOT, IN","22.3","70.783","138.0","2024-09-16",,,"83","H,,S",,,"76",",,S"
"IN005150100","RAJKOT, IN","22.3","70.783","138.0","2024-09-17",,,"84","H,,S",,,"76",",,S"
"IN005150100","RAJKOT, IN","22.3","70.783","138.0","2024-09-18",,,"84","H,,S",,,"75",",,S"
"IN005150100","RAJKOT, IN","22.3","70.783","138.0","2024-09-19",,,"85","H,,S",,,"75",",,S"
"IN005150100","RAJKOT, IN","22.3","70.783","138.0","2024-09-20",,,"85","H,,S",,,"75",",,S"
"IN005150100","RAJKOT, IN","22.3","70.783","138.0","2024-09-21",,,"84","H,,S",,,"76",",,S"
"IN005150100","RAJKOT, IN","22.3","70.783","138.0","2024-09-22",,,"85","H,,S",,,"76",",,S"
"IN005150100","RAJKOT, IN","22.3","70.783","138.0","2024-09-23",,,"85","H,,S",,,"76",",,S"
"IN005150100","RAJKOT, IN","22.3","70.783","138.0","2024-09-24",,,"85","H,,S",,,"77",",,S"
"IN005150100","RAJKOT, IN","22.3","70.783","138.0","2024-09-25",,,"85","H,,S",,,"77",",,S"
"IN005150100","RAJKOT, IN","22.3","70.783","138.0","2024-09-26","0.43",",,S","79","H,,S",,,"73",",,S"
"IN005150100","RAJKOT, IN","22.3","70.783","138.0","2024-09-27","0.63",",,S","79","H,,S",,,"72",",,S"
"IN005150100","RAJKOT, IN","22.3","70.783","138.0","2024-09-28","0.63",",,S","80","H,,S","87",",,S","72",",,S"
"IN005150100","RAJKOT, IN","22.3","70.783","138.0","2024-09-29","0.43",",,S","83","H,,S",,,"72",",,S"
"IN005150100","RAJKOT, IN","22.3","70.783","138.0","2024-09-30","0.00",",,S","84","H,,S",,,"76",",,S"
"IN005150100","RAJKOT, IN","22.3","70.783","138.0","2024-10-01",,,"86","H,,S","97",",,S",,
"IN005150100","RAJKOT, IN","22.3","70.783","138.0","2024-10-02",,,"86","H,,S",,,"78",",,S"
"IN005150100","RAJKOT, IN","22.3","70.783","138.0","2024-10-03",,,"85","H,,S",,,"76",",,S"
"IN005150100","RAJKOT, IN","22.3","70.783","138.0","2024-10-04",,,"84","H,,S",,,"77",",,S"
"IN005150100","RAJKOT, IN","22.3","70.783","138.0","2024-10-05",,,"84","H,,S",,,"77",",,S"
"IN005150100","RAJKOT, IN","22.3","70.783","138.0","2024-10-06",,,"84","H,,S",,,"74",",,S"
"IN005150100","RAJKOT, IN","22.3","70.783","138.0","2024-10-07",,,"86","H,,S",,,"75",",,S"
"IN005150100","RAJKOT, IN","22.3","70.783","138.0","2024-10-08",,,"87","H,,S",,,"74",",,S"
"IN005150100","RAJKOT, IN","22.3","70.783","138.0","2024-10-09",,,"89","H,,S",,,"75",",,S"
"IN005150100","RAJKOT, IN","22.3","70.783","138.0","2024-10-10",,,"85","H,,S",,,,
"IN005150100","RAJKOT, IN","22.3","70.783","138.0","2024-10-11",,,"83","H,,S",,,"76",",,S"
"IN005150100","RAJKOT, IN","22.3","70.783","138.0","2024-10-12",,,"82","H,,S",,,"78",",,S"
"IN005150100","RAJKOT, IN","22.3","70.783","138.0","2024-10-13","0.47",",,S","81","H,,S",,,"76",",,S"
"IN005150100","RAJKOT, IN","22.3","70.783","138.0","2024-10-14","0.47",",,S","82","H,,S",,,"75",",,S"
"IN005150100","RAJKOT, IN","22.3","70.783","138.0","2024-10-15","0.12",",,S","85","H,,S",,,"76",",,S"
"IN005150100","RAJKOT, IN","22.3","70.783","138.0","2024-10-16","0.20",",,S","85","H,,S",,,"77",",,S"
"IN005150100","RAJKOT, IN","22.3","70.783","138.0","2024-10-17","0.31",",,S","85","H,,S",,,"77",",,S"
"IN005150100","RAJKOT, IN","22.3","70.783","138.0","2024-10-18","0.00",",,S","86","H,,S",,,"75",",,S"
"IN005150100","RAJKOT, IN","22.3","70.783","138.0","2024-10-19",,,"85","H,,S",,,"78",",,S"
"IN005150100","RAJKOT, IN","22.3","70.783","138.0","2024-10-20",,,"80","H,,S",,,,
"IN005150100","RAJKOT, IN","22.3","70.783","138.0","2024-10-21",,,"83","H,,S",,,"76",",,S"
"IN005150100","RAJKOT, IN","22.3","70.783","138.0","2024-10-22",,,"84","H,,S",,,"74",",,S"
"IN005150100","RAJKOT, IN","22.3","70.783","138.0","2024-10-23",,,"85","H,,S",,,"75",",,S"
"IN005150100","RAJKOT, IN","22.3","70.783","138.0","2024-10-24",,,"84","H,,S",,,,
"IN005150100","RAJKOT, IN","22.3","70.783","138.0","2024-10-25",,,"84","H,,S",,,"72",",,S"
"IN005150100","RAJKOT, IN","22.3","70.783","138.0","2024-10-26",,,"87","H,,S",,,,
"IN005150100","RAJKOT, IN","22.3","70.783","138.0","2024-10-27",,,"86","H,,S",,,"75",",,S"
"IN005150100","RAJKOT, IN","22.3","70.783","138.0","2024-10-28",,,"87","H,,S",,,"70",",,S"
"IN005150100","RAJKOT, IN","22.3","70.783","138.0","2024-10-29",,,"87","H,,S",,,"73",",,S"
"IN005150100","RAJKOT, IN","22.3","70.783","138.0","2024-10-30",,,"85","H,,S",,,"75",",,S"
"IN005150100","RAJKOT, IN","22.3","70.783","138.0","2024-10-31",,,"85","H,,S",,,"71",",,S"
"IN005150100","RAJKOT, IN","22.3","70.783","138.0","2024-11-01",,,"85","H,,S",,,"71",",,S"
"IN005150100","RAJKOT, IN","22.3","70.783","138.0","2024-11-02",,,"84","H,,S",,,"70",",,S"
"IN005150100","RAJKOT, IN","22.3","70.783","138.0","2024-11-03",,,"84","H,,S",,,"69",",,S"
"IN005150100","RAJKOT, IN","22.3","70.783","138.0","2024-11-04",,,"84","H,,S",,,"69",",,S"
"IN005150100","RAJKOT, IN","22.3","70.783","138.0","2024-11-05",,,"83","H,,S",,,"70",",,S"
"IN005150100","RAJKOT, IN","22.3","70.783","138.0","2024-11-06",,,"84","H,,S",,,"70",",,S"
"IN005150100","RAJKOT, IN","22.3","70.783","138.0","2024-11-07",,,"85","H,,S",,,"72",",,S"
"IN005150100","RAJKOT, IN","22.3","70.783","138.0","2024-11-08",,,"84","H,,S",,,"71",",,S"
"IN005150100","RAJKOT, IN","22.3","70.783","138.0","2024-11-09",,,"83","H,,S",,,"71",",,S"
"IN005150100","RAJKOT, IN","22.3","70.783","138.0","2024-11-10",,,"83","H,,S",,,"68",",,S"
"IN005150100","RAJKOT, IN","22.3","70.783","138.0","2024-11-11",,,"82","H,,S",,,"68",",,S"
"IN005150100","RAJKOT, IN","22.3","70.783","138.0","2024-11-12",,,"81","H,,S",,,"67",",,S"
"IN005150100","RAJKOT, IN","22.3","70.783","138.0","2024-11-13",,,"81","H,,S",,,"67",",,S"
"IN005150100","RAJKOT, IN","22.3","70.783","138.0","2024-11-14",,,"81","H,,S",,,"66",",,S"
"IN005150100","RAJKOT, IN","22.3","70.783","138.0","2024-11-15",,,"80","H,,S",,,"67",",,S"
"IN005150100","RAJKOT, IN","22.3","70.783","138.0","2024-11-16",,,"79","H,,S",,,"65",",,S"
"IN005150100","RAJKOT, IN","22.3","70.783","138.0","2024-11-17",,,"80","H,,S",,,"64",",,S"
"IN005150100","RAJKOT, IN","22.3","70.783","138.0","2024-11-22",,,"73","H,,S",,,"58",",,S"
"IN005150100","RAJKOT, IN","22.3","70.783","138.0","2024-11-23",,,"74","H,,S",,,"57",",,S"
"IN005150100","RAJKOT, IN","22.3","70.783","138.0","2024-11-24",,,"74","H,,S",,,"59",",,S"
"IN005150100","RAJKOT, IN","22.3","70.783","138.0","2024-11-25",,,"74","H,,S",,,"59",",,S"
"IN005150100","RAJKOT, IN","22.3","70.783","138.0","2024-11-26",,,"75","H,,S",,,"59",",,S"
"IN005150100","RAJKOT, IN","22.3","70.783","138.0","2024-11-27",,,"75","H,,S",,,"59",",,S"
"IN005150100","RAJKOT, IN","22.3","70.783","138.0","2024-11-28",,,"75","H,,S",,,"59",",,S"
"IN005150100","RAJKOT, IN","22.3","70.783","138.0","2024-11-29",,,"74","H,,S",,,"60",",,S"
"IN005150100","RAJKOT, IN","22.3","70.783","138.0","2024-11-30",,,"72","H,,S",,,"59",",,S"
"IN005150100","RAJKOT, IN","22.3","70.783","138.0","2024-12-02",,,"73","H,,S",,,"56",",,S"
"IN005150100","RAJKOT, IN","22.3","70.783","138.0","2024-12-03",,,"75","H,,S",,,,
"IN005150100","RAJKOT, IN","22.3","70.783","138.0","2024-12-04",,,"76","H,,S",,,,
"IN005150100","RAJKOT, IN","22.3","70.783","138.0","2024-12-05",,,"75","H,,S",,,"62",",,S"
"IN005150100","RAJKOT, IN","22.3","70.783","138.0","2024-12-06",,,"74","H,,S",,,"61",",,S"
"IN005150100","RAJKOT, IN","22.3","70.783","138.0","2024-12-07",,,"73","H,,S",,,"59",",,S"
"IN005150100","RAJKOT, IN","22.3","70.783","138.0","2024-12-08",,,"71","H,,S",,,,
"IN005150100","RAJKOT, IN","22.3","70.783","138.0","2024-12-09",,,"67","H,,S",,,"53",",,S"
"IN005150100","RAJKOT, IN","22.3","70.783","138.0","2024-12-10",,,"66","H,,S",,,"52",",,S"
"IN005150100","RAJKOT, IN","22.3","70.783","138.0","2024-12-11",,,"66","H,,S",,,"49",",,S"
"IN005150100","RAJKOT, IN","22.3","70.783","138.0","2024-12-12",,,"66","H,,S",,,"48",",,S"
"IN005150100","RAJKOT, IN","22.3","70.783","138.0","2024-12-13",,,"67","H,,S",,,"50",",,S"
"IN005150100","RAJKOT, IN","22.3","70.783","138.0","2024-12-14",,,"67","H,,S",,,"51",",,S"
"IN005150100","RAJKOT, IN","22.3","70.783","138.0","2024-12-15",,,"69","H,,S",,,"51",",,S"
"IN005150100","RAJKOT, IN","22.3","70.783","138.0","2024-12-16",,,"68","H,,S",,,"52",",,S"
"IN005150100","RAJKOT, IN","22.3","70.783","138.0","2024-12-17",,,"67","H,,S",,,"51",",,S"
"IN005150100","RAJKOT, IN","22.3","70.783","138.0","2024-12-18",,,"61","H,,S",,,"49",",,S"
"IN005150100","RAJKOT, IN","22.3","70.783","138.0","2024-12-19",,,"67","H,,S",,,"51",",,S"
"IN005150100","RAJKOT, IN","22.3","70.783","138.0","2024-12-20",,,"64","H,,S",,,"49",",,S"
"IN005150100","RAJKOT, IN","22.3","70.783","138.0","2024-12-21",,,"67","H,,S",,,"49",",,S"
"IN005150100","RAJKOT, IN","22.3","70.783","138.0","2024-12-22",,,"68","H,,S",,,"55",",,S"
"IN005150100","RAJKOT, IN","22.3","70.783","138.0","2024-12-23",,,"65","H,,S",,,"54",",,S"
"IN005150100","RAJKOT, IN","22.3","70.783","138.0","2024-12-24",,,"63","H,,S",,,"48",",,S"
"IN005150100","RAJKOT, IN","22.3","70.783","138.0","2024-12-25",,,"64","H,,S",,,"50",",,S"
"IN005150100","RAJKOT, IN","22.3","70.783","138.0","2024-12-26",,,"66","H,,S",,,"52",",,S"
"IN005150100","RAJKOT, IN","22.3","70.783","138.0","2024-12-27",,,"65","H,,S",,,"56",",,S"
"IN005150100","RAJKOT, IN","22.3","70.783","138.0","2024-12-28",,,"64","H,,S",,,"50",",,S"
"IN005150100","RAJKOT, IN","22.3","70.783","138.0","2024-12-29",,,"65","H,,S",,,"49",",,S"
"IN005150100","RAJKOT, IN","22.3","70.783","138.0","2024-12-30",,,"68","H,,S",,,"52",",,S"
"IN005150100","RAJKOT, IN","22.3","70.783","138.0","2024-12-31",,,"68","H,,S",,,"53",",,S"
"IN005150100","RAJKOT, IN","22.3","70.783","138.0","2025-01-01",,,"71","H,,S",,,"53",",,S"
"IN005150100","RAJKOT, IN","22.3","70.783","138.0","2025-01-02",,,"74","H,,S",,,"54",",,S"
"IN005150100","RAJKOT, IN","22.3","70.783","138.0","2025-01-03",,,"74","H,,S",,,"58",",,S"
"IN005150100","RAJKOT, IN","22.3","70.783","138.0","2025-01-04",,,"71","H,,S",,,"58",",,S"
"IN005150100","RAJKOT, IN","22.3","70.783","138.0","2025-01-05",,,"67","H,,S",,,,
"IN005150100","RAJKOT, IN","22.3","70.783","138.0","2025-01-06",,,"63","H,,S",,,"47",",,S"
"IN005150100","RAJKOT, IN","22.3","70.783","138.0","2025-01-07",,,"63","H,,S",,,"50",",,S"
"IN005150100","RAJKOT, IN","22.3","70.783","138.0","2025-01-08",,,"65","H,,S",,,"45",",,S"
"IN005150100","RAJKOT, IN","22.3","70.783","138.0","2025-01-09",,,"70","H,,S",,,"47",",,S"
"IN005150100","RAJKOT, IN","22.3","70.783","138.0","2025-01-10",,,"75","H,,S",,,"58",",,S"
"IN005150100","RAJKOT, IN","22.3","70.783","138.0","2025-01-11",,,"69","H,,S",,,,
"IN005150100","RAJKOT, IN","22.3","70.783","138.0","2025-01-12",,,"67","H,,S",,,"51",",,S"
"IN005150100","RAJKOT, IN","22.3","70.783","138.0","2025-01-13",,,"65","H,,S",,,"52",",,S"
"IN005150100","RAJKOT, IN","22.3","70.783","138.0","2025-01-14",,,"65","H,,S",,,"50",",,S"
"IN005150100","RAJKOT, IN","22.3","70.783","138.0","2025-01-15",,,"65","H,,S",,,"51",",,S"
"IN005150100","RAJKOT, IN","22.3","70.783","138.0","2025-01-16",,,"66","H,,S",,,"49",",,S"
"IN005150100","RAJKOT, IN","22.3","70.783","138.0","2025-01-17",,,"67","H,,S",,,"51",",,S"
"IN005150100","RAJKOT, IN","22.3","70.783","138.0","2025-01-18",,,"71","H,,S",,,"54",",,S"
"IN005150100","RAJKOT, IN","22.3","70.783","138.0","2025-01-19",,,"74","H,,S",,,"60",",,S"
"IN005150100","RAJKOT, IN","22.3","70.783","138.0","2025-01-20",,,"74","H,,S",,,"59",",,S"
"IN005150100","RAJKOT, IN","22.3","70.783","138.0","2025-01-21",,,"73","H,,S",,,"59",",,S"
"IN005150100","RAJKOT, IN","22.3","70.783","138.0","2025-01-22",,,"71","H,,S",,,"57",",,S"
"IN005150100","RAJKOT, IN","22.3","70.783","138.0","2025-01-23",,,"65","H,,S",,,"54",",,S"
"IN005150100","RAJKOT, IN","22.3","70.783","138.0","2025-01-24",,,"69","H,,S",,,"52",",,S"
"IN005150100","RAJKOT, IN","22.3","70.783","138.0","2025-01-25",,,"69","H,,S",,,"53",",,S"
"IN005150100","RAJKOT, IN","22.3","70.783","138.0","2025-01-26",,,"71","H,,S",,,"52",",,S"
"IN005150100","RAJKOT, IN","22.3","70.783","138.0","2025-01-27",,,"73","H,,S",,,"55",",,S"
"IN005150100","RAJKOT, IN","22.3","70.783","138.0","2025-01-28",,,"74","H,,S",,,"58",",,S"
"IN005150100","RAJKOT, IN","22.3","70.783","138.0","2025-01-29",,,"75","H,,S",,,"59",",,S"
"IN005150100","RAJKOT, IN","22.3","70.783","138.0","2025-01-30",,,"73","H,,S","89",",,S","59",",,S"
"IN005150100","RAJKOT, IN","22.3","70.783","138.0","2025-01-31",,,"71","H,,S",,,"59",",,S"
"IN005150100","RAJKOT, IN","22.3","70.783","138.0","2025-02-01",,,"69","H,,S",,,"58",",,S"
"IN005150100","RAJKOT, IN","22.3","70.783","138.0","2025-02-02",,,"70","H,,S",,,"54",",,S"
"IN005150100","RAJKOT, IN","22.3","70.783","138.0","2025-02-03",,,"72","H,,S",,,"60",",,S"
"IN005150100","RAJKOT, IN","22.3","70.783","138.0","2025-02-04",,,"70","H,,S",,,"59",",,S"
"IN005150100","RAJKOT, IN","22.3","70.783","138.0","2025-02-05",,,"69","H,,S",,,"56",",,S"
"IN005150100","RAJKOT, IN","22.3","70.783","138.0","2025-02-06",,,"70","H,,S",,,"51",",,S"
"IN005150100","RAJKOT, IN","22.3","70.783","138.0","2025-02-07",,,"74","H,,S",,,"56",",,S"
"IN005150100","RAJKOT, IN","22.3","70.783","138.0","2025-02-08",,,"76","H,,S",,,"56",",,S"
"IN005150100","RAJKOT, IN","22.3","70.783","138.0","2025-02-09",,,"76","H,,S",,,"58",",,S"
"IN005150100","RAJKOT, IN","22.3","70.783","138.0","2025-02-10",,,"75","H,,S",,,"58",",,S"
"IN005150100","RAJKOT, IN","22.3","70.783","138.0","2025-02-11",,,"75","H,,S",,,"60",",,S"
"IN005150100","RAJKOT, IN","22.3","70.783","138.0","2025-02-12",,,"77","H,,S",,,"64",",,S"
"IN005150100","RAJKOT, IN","22.3","70.783","138.0","2025-02-13",,,"77","H,,S",,,"60",",,S"
"IN005150100","RAJKOT, IN","22.3","70.783","138.0","2025-02-14",,,"78","H,,S",,,"60",",,S"
"IN005150100","RAJKOT, IN","22.3","70.783","138.0","2025-02-15",,,"80","H,,S",,,"61",",,S"
"IN005150100","RAJKOT, IN","22.3","70.783","138.0","2025-02-16",,,"79","H,,S",,,"65",",,S"
"IN005150100","RAJKOT, IN","22.3","70.783","138.0","2025-02-17",,,"80","H,,S",,,"66",",,S"
"IN005150100","RAJKOT, IN","22.3","70.783","138.0","2025-02-18",,,"81","H,,S",,,"67",",,S"
"IN005150100","RAJKOT, IN","22.3","70.783","138.0","2025-02-19",,,"80","H,,S",,,"64",",,S"
"IN005150100","RAJKOT, IN","22.3","70.783","138.0","2025-02-20",,,"79","H,,S",,,"65",",,S"
"IN005150100","RAJKOT, IN","22.3","70.783","138.0","2025-02-21",,,"81","H,,S",,,"66",",,S"
"IN005150100","RAJKOT, IN","22.3","70.783","138.0","2025-02-22",,,"80","H,,S",,,"65",",,S"
"IN005150100","RAJKOT, IN","22.3","70.783","138.0","2025-02-23",,,"81","H,,S",,,"63",",,S"
"IN005150100","RAJKOT, IN","22.3","70.783","138.0","2025-02-24",,,"82","H,,S",,,"65",",,S"
"IN005150100","RAJKOT, IN","22.3","70.783","138.0","2025-02-25",,,"85","H,,S",,,"72",",,S"
"IN005150100","RAJKOT, IN","22.3","70.783","138.0","2025-02-26",,,"86","H,,S",,,"70",",,S"
"IN005150100","RAJKOT, IN","22.3","70.783","138.0","2025-02-27",,,"84","H,,S",,,"68",",,S"
"IN005150100","RAJKOT, IN","22.3","70.783","138.0","2025-02-28",,,"80","H,,S",,,"67",",,S"
"IN005150100","RAJKOT, IN","22.3","70.783","138.0","2025-03-01",,,"80","H,,S",,,"65",",,S"
"IN005150100","RAJKOT, IN","22.3","70.783","138.0","2025-03-02",,,"79","H,,S",,,"66",",,S"
"IN005150100","RAJKOT, IN","22.3","70.783","138.0","2025-03-03",,,"81","H,,S",,,"67",",,S"
"IN005150100","RAJKOT, IN","22.3","70.783","138.0","2025-03-04",,,"76","H,,S",,,,
"IN005150100","RAJKOT, IN","22.3","70.783","138.0","2025-03-05",,,"75","H,,S",,,"57",",,S"
"IN005150100","RAJKOT, IN","22.3","70.783","138.0","2025-03-06",,,"80","H,,S",,,"57",",,S"
"IN005150100","RAJKOT, IN","22.3","70.783","138.0","2025-03-07",,,"83","H,,S",,,"64",",,S"
"IN005150100","RAJKOT, IN","22.3","70.783","138.0","2025-03-08",,,"85","H,,S",,,"69",",,S"
"IN005150100","RAJKOT, IN","22.3","70.783","138.0","2025-03-09",,,"87","H,,S",,,"69",",,S"
"IN005150100","RAJKOT, IN","22.3","70.783","138.0","2025-03-10",,,"90","H,,S",,,"69",",,S"
"IN005150100","RAJKOT, IN","22.3","70.783","138.0","2025-03-11",,,"91","H,,S",,,"70",",,S"
"IN005150100","RAJKOT, IN","22.3","70.783","138.0","2025-03-12",,,"89","H,,S",,,"73",",,S"
"IN005150100","RAJKOT, IN","22.3","70.783","138.0","2025-03-13",,,"88","H,,S",,,"74",",,S"
"IN005150100","RAJKOT, IN","22.3","70.783","138.0","2025-03-14",,,"87","H,,S",,,"73",",,S"
"IN005150100","RAJKOT, IN","22.3","70.783","138.0","2025-03-15",,,"85","H,,S",,,"72",",,S"
"IN005150100","RAJKOT, IN","22.3","70.783","138.0","2025-03-16",,,"83","H,,S",,,"68",",,S"
"IN005150100","RAJKOT, IN","22.3","70.783","138.0","2025-03-17",,,"83","H,,S",,,"68",",,S"
"IN005150100","RAJKOT, IN","22.3","70.783","138.0","2025-03-18",,,"84","H,,S",,,"65",",,S"
"IN005150100","RAJKOT, IN","22.3","70.783","138.0","2025-03-19",,,"83","H,,S",,,"69",",,S"
"IN005150100","RAJKOT, IN","22.3","70.783","138.0","2025-03-20",,,"83","H,,S",,,"69",",,S"
"IN005150100","RAJKOT, IN","22.3","70.783","138.0","2025-03-21",,,"85","H,,S",,,"70",",,S"
"IN005150100","RAJKOT, IN","22.3","70.783","138.0","2025-03-22",,,"87","H,,S",,,"72",",,S"
"IN005150100","RAJKOT, IN","22.3","70.783","138.0","2025-03-23",,,"88","H,,S",,,"69",",,S"
"IN005150100","RAJKOT, IN","22.3","70.783","138.0","2025-03-24",,,"90","H,,S",,,"70",",,S"
"IN005150100","RAJKOT, IN","22.3","70.783","138.0","2025-03-25",,,"86","H,,S",,,"71",",,S"
"IN005150100","RAJKOT, IN","22.3","70.783","138.0","2025-03-26",,,"83","H,,S",,,"69",",,S"
"IN005150100","RAJKOT, IN","22.3","70.783","138.0","2025-03-27",,,"83","H,,S",,,"70",",,S"
"IN005150100","RAJKOT, IN","22.3","70.783","138.0","2025-03-28",,,"82","H,,S",,,"66",",,S"
"IN005150100","RAJKOT, IN","22.3","70.783","138.0","2025-03-29",,,"83","H,,S",,,"61",",,S"
"IN005150100","RAJKOT, IN","22.3","70.783","138.0","2025-03-30",,,"86","H,,S",,,"63",",,S"
"IN005150100","RAJKOT, IN","22.3","70.783","138.0","2025-03-31",,,"87","H,,S",,,"65",",,S"
"IN005150100","RAJKOT, IN","22.3","70.783","138.0","2025-04-01",,,"88","H,,S",,,"69",",,S"
"IN005150100","RAJKOT, IN","22.3","70.783","138.0","2025-04-02",,,"86","H,,S",,,,
"IN005150100","RAJKOT, IN","22.3","70.783","138.0","2025-04-03",,,"91","H,,S",,,"70",",,S"
"IN005150100","RAJKOT, IN","22.3","70.783","138.0","2025-04-04",,,"91","H,,S",,,"72",",,S"
"IN005150100","RAJKOT, IN","22.3","70.783","138.0","2025-04-05",,,"93","H,,S",,,"76",",,S"
"IN005150100","RAJKOT, IN","22.3","70.783","138.0","2025-04-06",,,"93","H,,S",,,"76",",,S"
"IN005150100","RAJKOT, IN","22.3","70.783","138.0","2025-04-07",,,"92","H,,S",,,"74",",,S"
"IN005150100","RAJKOT, IN","22.3","70.783","138.0","2025-04-08",,,"93","H,,S",,,"75",",,S"
"IN005150100","RAJKOT, IN","22.3","70.783","138.0","2025-04-09",,,"93","H,,S",,,"74",",,S"
"IN005150100","RAJKOT, IN","22.3","70.783","138.0","2025-04-10",,,"91","H,,S",,,"77",",,S"
"IN005150100","RAJKOT, IN","22.3","70.783","138.0","2025-04-11",,,"88","H,,S",,,"75",",,S"
"IN005150100","RAJKOT, IN","22.3","70.783","138.0","2025-04-12",,,"90","H,,S",,,"76",",,S"
"IN005150100","RAJKOT, IN","22.3","70.783","138.0","2025-04-13",,,"90","H,,S",,,"74",",,S"
"IN005150100","RAJKOT, IN","22.3","70.783","138.0","2025-04-14",,,"89","H,,S",,,"73",",,S"
"IN005150100","RAJKOT, IN","22.3","70.783","138.0","2025-04-15",,,"90","H,,S",,,"73",",,S"
"IN005150100","RAJKOT, IN","22.3","70.783","138.0","2025-04-16",,,"92","H,,S",,,"74",",,S"
